campaing,ID,co2
1,3507,14317.956136933333
1,3508,34395.921836533336
1,3509,33397.1279224
1,3510,38731.673236
1,3511,43542.130719466666
1,3512,42577.01840293333
1,3513,45690.7120924
1,3514,30029.3875632
1,3515,10127.071773146667
1,3516,52075.72396533333
1,3517,47026.9263204
1,3518,37687.12922053333
1,3519,19975.7667664
1,3520,515.5497864106667
1,3521,44992.76042186667
1,3522,37024.229912266666
1,3523,1266.5495445066667
1,3524,14237.260412266667
1,3525,29802.309158533335
1,3526,11246.73153888
1,3527,51005.95133413334
1,3528,9339.3502386
1,3529,14725.611441066667
1,3530,5144.68477312
1,3531,2305.090214773333
1,3532,45202.86040386667
1,3533,7590.615981946667
1,3534,27797.977498266668
1,3535,10270.561532586667
1,3536,21124.3268244
1,3537,21891.716848666667
1,3538,22218.3239716
1,3539,22854.82775
1,3540,4609.956249413333
1,3541,32160.970888
1,3542,9172.786816013333
1,3543,9888.539332226666
1,3544,20138.212858933333
1,3545,1507.447939088
1,3546,18681.589830666668
1,3547,837.2049809534667
1,3548,1657.8143765213333
1,3549,2045.4856684973333
1,3550,3569.79572092
1,3551,4683.768980948
1,3552,6344.343041653333
1,3553,1109.1700025333334
1,3554,4231.636944696
1,3555,2703.5369501626665
1,3556,2698.3938287733336
1,3557,818.4407039690667
1,3558,3103.368044184
1,3559,6169.220299261333
1,3560,2891.485990088
1,3561,4594.56433468
1,3562,7793.37369232
1,3563,2076.3724967733333
1,3564,4861.178197586667
1,3565,13730.713228933333
1,3566,5539.2532358
1,3567,12548.362714160001
1,3568,8990.270093853333
1,3569,6658.6225901866665
1,3570,294.5031543306667
1,3571,781.0296434933333
1,3572,1147.1289146986667
1,3573,1146.5515651618666
1,3574,7231.4888333
1,3575,1477.3985160933332
1,3576,2090.0865446666667
1,3577,2170.7553233466665
1,3578,2410.5390445733333
1,3579,2331.132611728
1,3580,894.914260636
1,3581,1983.50069068
1,3582,3345.916183736
1,3583,4653.925162458667
1,3584,3512.0708102266667
1,3585,2157.5139279466666
1,3586,1713.7651263080002
1,3587,1748.7574903733334
1,3588,654.7017468013333
1,3589,4115.94507504
1,3590,675.2961907826667
1,3592,1002.597372016
1,3593,945.20170462
1,3594,2105.9563113333334
1,3595,4100.005064226667
1,3596,795.4582458168
1,3597,1714.8136977066667
1,3598,2367.6066740533333
1,3599,2124.1319931066664
1,3600,2923.7625877066666
1,3601,2633.6736667733335
1,3602,4007.623085418667
1,3603,1459.94421576
1,3604,1769.8196405466667
1,3605,1936.7792196133332
1,3606,2541.0027364266666
1,3607,825.30520422
1,3608,1318.5033952226668
1,3609,939.033415296
1,3610,1407.993326384
1,3611,4054.738140653333
1,3612,1987.1930246
1,3613,1187.8280369866666
1,3614,3641.15858272
1,3615,626.93644022
1,3616,3455.66613612
1,3617,2942.1072779466667
1,3618,2475.2139436266666
1,3619,1303.1233448466667
1,3620,1298.0344076266667
1,3621,1701.238427
1,3622,1856.9854855666667
1,3623,8158.317704721067
1,3624,3654.7527551466665
1,3625,1175.4693730253334
1,3626,2399.700421232
1,3627,2017.5811490746667
1,3628,840.5072474213333
1,3629,4338.805241293333
1,3630,3826.5029754133334
1,3631,3333.8590233466666
1,3632,3009.942613973333
1,3633,3321.0933695466665
1,3634,2739.246573746667
1,3635,729.9864117813333
1,3636,5476.812579053333
1,3637,3408.2495972
1,3638,3365.6032517466665
1,3639,5183.31840664
1,3640,717.4006914533334
1,3641,7300.384340541334
1,3642,6936.180722453333
1,3643,4199.336275893334
1,3644,422.26480326666666
1,3645,2847.3852272
1,3646,2858.2595780266665
1,3647,1157.3341183693333
1,3648,759.6393237213333
1,3649,1755.0911847066666
1,3650,6254.986510146667
1,3651,4779.56668896
1,3652,1040.1680779584
1,3653,7717.482231426667
1,3654,6598.504698266666
1,3655,6454.685057306667
1,3656,1844.1647415066666
1,3657,3195.4985321733334
1,3658,5907.166707188
1,3659,3542.171639816
1,3660,1975.7481245866666
1,3661,1079.6569527869333
1,3662,216.7096729532
1,3663,18586.187133866668
1,3664,18258.0451164
1,3665,10382.842011253333
1,3666,5026.10667212
1,3667,3495.65030516
1,3668,768.90729394
1,3669,2998.071187464
1,3670,5475.480967653333
1,3671,2280.490797736
1,3672,5369.710769493333
1,3673,436.2109475224
1,3674,8486.965230813334
1,3675,2440.8526689186665
1,3676,963.1200972535734
1,3677,5407.359683066667
1,3678,2845.4717336133335
1,3679,1248.72597728
1,3680,555.1804186986667
1,3681,1762.9862727866666
1,3682,1882.90158196
1,3683,936.9734136
1,3684,619.4731161066667
1,3685,5804.571340813333
1,3686,2080.8369769333335
1,3687,3895.548801106667
1,3688,1162.9111712866666
1,3689,1301.3744703466666
1,3690,504.81971523066665
1,3691,810.9581610133333
1,3692,1819.6714096933333
1,3693,6149.646588813333
1,3694,2797.4363244666665
1,3695,673.3754820826666
1,3696,2169.6920090133335
1,3697,2706.9027490666667
1,3698,3869.7338658266667
1,3699,4148.815779786667
1,3700,2297.3699022533333
1,3701,1036.7257010493333
1,3702,2807.05841272
1,3703,2855.467965226667
1,3704,1044.2857663666666
1,3705,4419.065357973333
1,3706,3963.6383956
1,3707,2229.787865853333
1,3708,562.3455735093333
1,3709,5051.404902373333
1,3710,7532.64504696
1,3711,6591.085644893334
1,3712,7724.4329742
1,3713,261.93848298666666
1,3714,11870.294279746668
1,3715,3182.55605952
1,3716,3482.0030328933335
1,3717,3548.537311466667
1,3718,602.0348259906666
1,3719,3741.75735604
1,3720,582.3150426333333
1,3721,2143.0030621866667
1,3722,2061.29748
1,3723,933.9479303293333
1,3724,546.6157107506666
1,3725,1137.8923982133333
1,3727,1438.9509248533334
1,3728,1002.2783237546666
1,3729,902.4224824453333
1,3730,2309.3226496533334
1,3731,3620.64399936
1,3733,1383.4126206133333
1,3734,2873.22735396
1,3735,1103.0428300653334
1,3736,5380.53997788
1,3737,23257.5139752
1,3738,20751.35099626667
1,3739,19365.401774
1,3740,6122.435221306667
1,3741,3962.4260122933333
1,3742,8550.8542328
1,3743,1985.19875296
1,3744,8110.028812093334
1,3745,5126.42980572
1,3746,1568.6905375066667
1,3747,5288.30740112
1,3748,2135.27550836
1,3749,5371.830320786667
1,3750,4698.149538266666
1,3751,2304.58822184
1,3752,4055.244097253333
1,3753,8627.585815386667
1,3754,8552.763788786666
1,3755,2920.065250466667
1,3756,8161.5840760266665
1,3757,5737.32112292
1,3758,1200.643267136
1,3759,1389.38882224
1,3760,1984.4380684133332
1,3761,1449.0512379733334
1,3762,2095.5248864
1,3763,8263.583255253334
1,3764,21601.568736933332
1,3765,4149.3789131466665
1,3766,3628.61561708
1,3767,2111.137029666667
1,3768,3240.8558469866666
1,3769,904.60682274
1,3770,1879.48613576
1,3771,1735.0646468533334
1,3772,5899.107958573333
1,3773,5338.962008253333
1,3775,3257.57907148
1,3776,30057.268452666667
1,3777,49501.62201573333
1,3778,25019.376305866666
1,3779,32374.3693484
1,3780,1684.5358689466666
1,3781,3248.91590476
1,3782,7034.106533293333
1,3783,18318.329359066665
1,3784,12533.6313684
1,3785,2967.0141245866666
1,3786,6410.6275775466665
1,3787,2790.904338773333
1,3788,1103.3799649093332
1,3789,3745.117994853333
1,3790,2024.2359746
1,3791,3512.5177149866668
1,3792,6670.912895813333
1,3793,3516.5044012
1,3794,3528.9899482
1,3795,2612.7962531333333
1,3796,1065.930340852
1,3797,5670.285741733333
1,3798,10326.206441426666
1,3799,4237.144678226667
1,3800,2092.406001786667
1,3801,3518.81488908
1,3802,684.9717385493333
1,3803,1766.86450588
1,3804,742.4940853533333
1,3805,1089.9138745893333
1,3806,2919.36562472
1,3807,10366.796674906667
1,3808,15993.672796266666
1,3809,5550.07441644
1,3810,6384.355272973334
1,3811,4236.57358664
1,3812,429.3340600573333
1,3813,726.27485348
1,3814,1264.7794917466667
1,3815,759.1061716693333
1,3816,3974.1045418933336
1,3817,938.0354308146667
1,3818,1744.1268182133333
1,3819,11624.73271916
1,3820,6782.873712986667
1,3821,1552.1234621733333
1,3822,1983.452153384
1,3823,31130.002893333334
1,3824,28254.494388666666
1,3825,16171.932241066666
1,3826,14153.312497866667
1,3827,13679.473333106667
1,3828,9779.996925733332
1,3829,7746.038291639999
1,3830,4882.807786733333
1,3831,1503.11846712
1,3832,1225.0905370266667
1,3833,2197.55087224
1,3834,827.832865628
1,3835,2206.12736552
1,3836,5281.33249536
1,3837,4065.9626766666665
1,3838,7293.648015693333
1,3839,8726.420107253332
1,3840,8804.599501253333
1,3841,7308.836847213333
1,3842,14189.371141466667
1,3843,11237.36762172
1,3844,9684.920194453332
1,3845,7283.3801362
1,3846,8150.42663212
1,3847,10907.030348066666
1,3848,12332.849693586666
1,3849,10065.742530106667
1,3850,8066.809367533333
1,3851,4622.857438546666
1,3852,774.1636597426667
1,3853,2231.94296148
1,3854,2876.58239388
1,3855,5526.033596213333
1,3856,3512.4604309466667
1,3857,2958.46319964
1,3858,3478.443559306667
1,3859,3634.88964752
1,3860,3317.7722501333333
1,3861,3663.3071271333333
1,3862,3002.8276545466665
1,3863,645.2525647773333
1,3864,3219.59722852
1,3865,1505.0712513226667
1,3866,1974.31172936
1,3867,987.942317948
1,3868,3788.5704580399997
1,3869,4791.141827506667
1,3870,7734.96539264
1,3871,7995.298206413334
1,3872,4432.4044336
1,3873,3216.14487556
1,3874,6245.0319966
1,3875,4523.73132604
1,3876,5136.261511173333
1,3877,3749.8522417066665
1,3878,1695.8043128266668
1,3879,994.688885596
1,3880,4164.7662170133335
1,3947,95.17301129213334
2,3507,14214.354749571428
2,3508,33895.60729642857
2,3509,36290.21061642857
2,3510,42941.57281628571
2,3511,48132.00768071428
2,3512,47229.398494
2,3513,50281.260602285714
2,3514,32733.463271714285
2,3515,11072.44008642857
2,3516,53690.93432785714
2,3517,45675.25082314286
2,3518,36322.196679
2,3519,19873.801698714287
2,3520,500.98742399
2,3521,43131.056475714286
2,3522,35932.43273157143
2,3523,1293.1521796
2,3524,14479.657963428572
2,3525,29695.216028571427
2,3526,11153.009355942857
2,3527,51309.044844
2,3528,9673.331938228572
2,3529,14929.225337428572
2,3530,5364.609240428572
2,3531,2345.1345848
2,3532,45756.73531928571
2,3533,7820.718586185714
2,3534,28926.218622
2,3535,10765.884069414285
2,3536,22260.391015428573
2,3537,23025.289247428573
2,3538,23539.49409614286
2,3539,24221.324805857144
2,3540,4742.818704457143
2,3541,28850.06538642857
2,3542,8967.429715957143
2,3543,9453.63769172857
2,3544,19287.451708
2,3545,1220.6950012914285
2,3546,17476.43418185714
2,3547,741.4097316218572
2,3548,1474.7765899185715
2,3549,1807.88107569
2,3550,2576.6619341814285
2,3551,4004.081778347143
2,3552,5448.360763975714
2,3553,1076.7365804042856
2,3554,3802.3995834257144
2,3555,2125.067524377143
2,3556,2541.3176476714284
2,3557,786.6775461552143
2,3558,2918.169547733
2,3559,5803.8727675
2,3560,2844.901845097143
2,3561,4358.4257442571425
2,3562,6884.933892528571
2,3563,1821.5787272142857
2,3564,4348.831451657143
2,3565,12193.631067328572
2,3566,4426.534482085714
2,3567,9491.521167642857
2,3568,6399.648825271429
2,3569,5059.3572653
2,3570,262.1160631844286
2,3571,693.7244525214286
2,3572,803.35940209
2,3573,937.3341476714286
2,3574,7181.04657178
2,3575,1154.2907663671429
2,3576,2018.5398933571428
2,3577,2133.8891337
2,3578,2361.0608824285714
2,3579,2043.0311017185713
2,3580,768.9981631014285
2,3581,1378.8634519285715
2,3582,2898.2450687214287
2,3583,4985.096404625714
2,3584,3455.9199698285715
2,3585,1790.0367472857142
2,3586,1627.57068512
2,3587,1507.9378102
2,3588,563.5206917114285
2,3589,3574.4931601857143
2,3590,586.7679286742857
2,3592,832.1440027228572
2,3593,854.0925584271429
2,3594,1745.181366057143
2,3595,3147.264992185714
2,3596,654.2907819188572
2,3597,1351.6106566442857
2,3598,1999.4405686142857
2,3599,1750.8808664
2,3600,2123.221889314286
2,3601,2194.9841290857144
2,3602,4065.5916526857145
2,3603,1424.0774732428572
2,3604,1729.032938357143
2,3605,1709.209459757143
2,3606,2252.195066242857
2,3607,702.2996632142857
2,3608,1174.7790995157143
2,3609,784.1425943128571
2,3610,1288.7882185857143
2,3611,3431.402263171429
2,3612,1711.4989524142857
2,3613,1040.4582464185714
2,3614,3033.1173236857144
2,3615,550.3734117985714
2,3616,2930.1363586142857
2,3617,2645.9133642428574
2,3618,2180.98876446
2,3619,1057.5178223342857
2,3620,890.5030380385714
2,3621,1432.0285518714286
2,3622,1932.7245632
2,3623,7075.0695317314285
2,3624,3585.8161485428573
2,3625,968.6711104871429
2,3626,1972.5809913582143
2,3627,1719.1371686642858
2,3628,787.5417618814286
2,3629,3705.311758257143
2,3630,3359.0198136285717
2,3631,2490.8545068142857
2,3632,2261.531278914286
2,3633,2743.4922281
2,3634,2192.535750757143
2,3635,702.7171639928572
2,3636,5301.918933157142
2,3637,2664.576656385714
2,3638,3229.0563335
2,3639,4688.5956059
2,3640,734.4870476042857
2,3641,6658.289877657143
2,3642,6156.949266257143
2,3643,3588.2670112428573
2,3644,342.38597065285717
2,3645,2268.5733549428573
2,3646,2467.3386088914285
2,3647,868.9242013014285
2,3648,596.98716964
2,3649,1582.07809767
2,3650,5477.446404014286
2,3651,4137.2928181
2,3652,944.9462008547143
2,3653,6933.5808850428575
2,3654,5350.384722228571
2,3655,5016.340522628571
2,3656,1669.6647727657144
2,3657,2933.7812098
2,3658,6146.9723441
2,3659,3254.382619557143
2,3660,1955.2964150428572
2,3661,1497.5213942982857
2,3662,229.6177937842857
2,3663,17233.060351714284
2,3664,17495.559123142855
2,3665,9737.292689357142
2,3666,4686.380056385714
2,3667,2897.1024382142855
2,3668,632.3803355157143
2,3669,2349.30800714
2,3670,5103.250575085714
2,3671,2118.048159937143
2,3672,5005.123273957143
2,3673,442.22959031285717
2,3674,7473.329191471428
2,3675,2150.0931670285713
2,3676,1036.81443105
2,3677,4566.121185414286
2,3678,2356.8130781
2,3679,1012.9540085814285
2,3680,494.32119870428573
2,3681,1432.202931057143
2,3682,1556.369051257143
2,3683,919.9706395871428
2,3684,558.7240455148572
2,3685,5115.817383728571
2,3686,1988.7239219142857
2,3687,3771.8473691
2,3688,927.2594309185714
2,3689,997.3014424471429
2,3690,405.7150414
2,3691,685.4947995557143
2,3692,1405.216502157143
2,3693,5208.759167242857
2,3694,2409.6574087285712
2,3695,554.4472601728571
2,3696,1731.8201629571429
2,3697,2611.274037385714
2,3698,3391.5632544
2,3699,3340.0170392714285
2,3700,2055.2821194142857
2,3701,868.6158803828571
2,3702,2919.832951457143
2,3703,2420.440474342857
2,3704,826.2378443628571
2,3705,3748.2306366142857
2,3706,3016.8986328428573
2,3707,1859.509609542857
2,3708,550.2016926228571
2,3709,5431.809760385714
2,3710,8501.584022857143
2,3711,7457.3719669
2,3712,8594.695724528572
2,3713,249.38881689142858
2,3714,12013.041045
2,3715,2662.7649412714286
2,3716,3722.9916456857145
2,3717,3752.6799980428573
2,3718,599.8518087842857
2,3719,3972.0945530285712
2,3720,576.4339899042857
2,3721,1925.7541882142857
2,3722,1813.1734154857143
2,3723,1008.47008205
2,3724,546.61033413
2,3725,1127.2640095357142
2,3727,1413.7126202314287
2,3728,977.4555442485714
2,3729,866.97383848
2,3730,2433.033986785714
2,3731,3678.2568586
2,3733,1413.6214113485714
2,3734,3111.507113857143
2,3735,1164.1980132
2,3736,5578.600046385714
2,3737,26313.537072857143
2,3738,23667.697114714287
2,3739,21798.327044999998
2,3740,7081.527866257143
2,3741,4389.2402560857145
2,3742,9202.591754057143
2,3743,1610.08717106
2,3744,6551.597817471428
2,3745,4301.508727528571
2,3746,1460.6722080757143
2,3747,4630.882330114286
2,3748,2297.824460357143
2,3749,5817.7779602
2,3750,4835.669765714286
2,3751,2408.3603232714286
2,3752,4396.448182571428
2,3753,9217.080633828571
2,3754,8696.384867585713
2,3755,2800.0359535
2,3756,7244.6576842
2,3757,5321.452325028571
2,3758,851.7991282585714
2,3759,1134.7066445642856
2,3760,1876.0763712428572
2,3761,1479.2964093142857
2,3762,2060.139194157143
2,3763,7577.589480042857
2,3764,20310.33402065714
2,3765,3770.9409262857143
2,3766,3261.7841993285715
2,3767,2112.1459577
2,3768,3425.337590542857
2,3769,895.50409671
2,3770,1793.96041947
2,3771,1623.7743196828571
2,3772,5964.484075
2,3773,5640.615349342857
2,3775,3186.269228085714
2,3776,31047.237522285715
2,3777,48501.601001
2,3778,26656.93115157143
2,3779,31802.396925142857
2,3780,1791.3038908714286
2,3781,3476.8274246142855
2,3782,7694.147725914286
2,3783,20666.511892857143
2,3784,14431.068378571428
2,3785,2972.4888878285715
2,3786,6279.137339142857
2,3787,2288.0907644857143
2,3788,1087.2021485442858
2,3789,3767.3569767
2,3790,2033.609304942857
2,3791,3588.6846463285715
2,3792,7051.789712042857
2,3793,3623.8779671
2,3794,3713.4813156714285
2,3795,2654.5137557857142
2,3796,1168.59598449
2,3797,5760.324804428571
2,3798,8934.1077588
2,3799,4618.025747642857
2,3800,1882.6968285428572
2,3801,3175.690468242857
2,3802,683.05194911
2,3803,1713.622595657143
2,3804,618.98445343
2,3805,943.8943060157143
2,3806,2932.8267570142857
2,3807,9957.483468685714
2,3808,16044.6324563
2,3809,5516.657607771429
2,3810,6557.1649195
2,3811,4325.088848385714
2,3812,412.32388155714284
2,3813,725.6278517528572
2,3814,1228.5960661557142
2,3815,736.3197510228572
2,3816,3624.6290050142857
2,3817,806.95338175
2,3818,1682.0257020428571
2,3819,11723.827006028572
2,3820,6710.541273142857
2,3821,1528.1315408714286
2,3822,2007.2090197714285
2,3823,32482.187101571428
2,3824,26791.783128857143
2,3825,15815.949772442857
2,3826,14267.702120557144
2,3827,13741.439217257142
2,3828,9879.878307728572
2,3829,6683.8071266
2,3830,5083.815815742857
2,3831,1288.4164608714286
2,3832,1192.6435890114285
2,3833,1948.1324489285714
2,3834,828.9567320542857
2,3835,2406.433593814286
2,3836,5277.549671457143
2,3837,4068.8901859
2,3838,7400.4253946
2,3839,8791.197637157144
2,3840,8880.723465728572
2,3841,7589.655769028572
2,3842,14639.247849142857
2,3843,12676.037369714286
2,3844,10539.336686271428
2,3845,8031.879663928571
2,3846,8856.640953557142
2,3847,11954.862937857142
2,3848,13065.199539
2,3849,10322.2961623
2,3850,8363.356022057143
2,3851,4828.228655457143
2,3852,777.8936248528571
2,3853,2196.3168888571427
2,3854,2937.6037710571427
2,3855,6185.0525473
2,3856,3539.4195132285713
2,3857,2938.1396482714285
2,3858,3814.351883814286
2,3859,4136.527054371429
2,3860,3743.518379385714
2,3861,3722.9768217428573
2,3862,3028.8977322571427
2,3863,673.4926031542857
2,3864,3218.8148633285714
2,3865,1523.7495931
2,3866,1943.8175238857143
2,3867,1007.74301487
2,3868,4092.961278685714
2,3869,4614.582947628572
2,3870,7724.1771801
2,3871,8147.107859642857
2,3872,4811.8635636
2,3873,3623.0904374285715
2,3874,6087.881766257143
2,3875,4350.481729057143
2,3876,5027.4637447000005
2,3877,3704.1225550285712
2,3878,1621.2786632714285
2,3879,961.4739970371429
2,3880,4231.782669685715
2,3947,94.66067524757143
3,3507,25852.55289851852
3,3508,57727.27522111111
3,3509,55117.20336407408
3,3510,64050.27690444444
3,3511,71922.6106588889
3,3512,69589.44786888889
3,3513,67189.33940407407
3,3514,38376.44999111111
3,3515,12727.725744074074
3,3516,60609.83349518519
3,3517,55939.61625407408
3,3518,41561.398730740744
3,3519,24655.328105925924
3,3520,794.0154729703704
3,3521,53437.030013703705
3,3522,38605.73430592593
3,3523,1475.354978851852
3,3524,16636.690158148147
3,3525,32387.104639259258
3,3526,12517.177628148149
3,3527,48906.80406333334
3,3528,10238.937348814816
3,3529,14501.154543333334
3,3530,5698.992316851852
3,3531,2372.100987962963
3,3532,44910.20088074074
3,3533,8548.784053592593
3,3534,31396.16172888889
3,3535,11122.907382222222
3,3536,22868.715362962965
3,3537,23491.824025185186
3,3538,23945.981466296296
3,3539,24544.03756925926
3,3540,4310.0082616296295
3,3541,29701.382714814816
3,3542,9315.987612518518
3,3543,9816.343204222223
3,3544,19574.630235555556
3,3545,1039.7522867962962
3,3546,17612.331897777778
3,3547,632.4575245851852
3,3548,1168.0955921925927
3,3549,1581.841757259259
3,3550,2151.4995828444444
3,3551,3574.006862185185
3,3552,4967.873254148148
3,3553,982.2535148296296
3,3554,3523.8789063333334
3,3555,2251.4662761185186
3,3556,2487.5409804814813
3,3557,824.6710455259259
3,3558,3152.407126296296
3,3559,6373.4073952222225
3,3560,2989.7620591111113
3,3561,4348.420460666666
3,3562,6914.212924814815
3,3563,1822.3949582222222
3,3564,3893.855939111111
3,3565,12222.103585185185
3,3566,4166.231311814815
3,3567,8976.376674148149
3,3568,5757.362369074074
3,3569,4273.003403111111
3,3570,188.00768492592593
3,3571,576.5251853185185
3,3572,626.5026583703703
3,3573,598.3459045629629
3,3574,6086.327419259259
3,3575,950.057431525926
3,3576,1956.4899615185186
3,3577,2090.792852296296
3,3578,2173.9321771111113
3,3579,1498.2607257037037
3,3580,718.1131742555556
3,3581,1012.3112893481482
3,3582,1874.280798
3,3583,5173.397722
3,3584,3357.031531703704
3,3585,1501.7672414814815
3,3586,1732.5916881481483
3,3587,1331.1308675555556
3,3588,519.2776120814815
3,3589,3130.6134984814817
3,3590,455.5591281925926
3,3592,670.4014800555556
3,3593,757.8247420185186
3,3594,1610.263544111111
3,3595,2396.661809851852
3,3596,439.81041748148147
3,3597,1010.039185
3,3598,1703.1040107407407
3,3599,1195.5900382888888
3,3600,1547.8140343333334
3,3601,1801.331274037037
3,3602,4881.762706444444
3,3603,1484.393933074074
3,3604,1791.9878778148147
3,3605,1577.6701302222223
3,3606,1975.7594537037037
3,3607,590.1613970444445
3,3608,1100.6824330407408
3,3609,654.7617862074075
3,3610,1123.9812008148149
3,3611,3061.032509
3,3612,1586.8504857037037
3,3613,938.3514545296297
3,3614,2559.898311888889
3,3615,389.4362177703704
3,3616,2573.4731594814816
3,3617,2463.054436662963
3,3618,1959.3453658666667
3,3619,789.1901701740741
3,3620,599.884608225926
3,3621,1166.3181241481482
3,3622,1912.1870175925926
3,3623,8980.472589377778
3,3624,3407.448089148148
3,3625,821.1019462037037
3,3626,1317.4066318370371
3,3627,1139.9532873814815
3,3628,692.8165911666666
3,3629,3630.8104714814813
3,3630,3068.799041222222
3,3631,1756.3221864814814
3,3632,2002.291816962963
3,3633,2466.6888374074074
3,3634,1843.1887515555554
3,3635,777.9304029814815
3,3636,5809.811723
3,3637,2401.8400156666667
3,3638,2881.9936474444444
3,3639,4658.4182836296295
3,3640,601.4260415185186
3,3641,6196.207529
3,3642,5363.279627370371
3,3643,3328.1722331481483
3,3644,287.461535237037
3,3645,1886.8420623703703
3,3646,2008.8428540370371
3,3647,612.7224408555555
3,3648,469.13149626296297
3,3649,1485.9402919629629
3,3650,5389.1870210740735
3,3651,3659.503253259259
3,3652,534.3997601703703
3,3653,6499.007582407407
3,3654,5188.7514901851855
3,3655,3781.0273965925926
3,3656,1355.783932711111
3,3657,2766.9958093703704
3,3658,6366.336715666666
3,3659,3649.4686573333333
3,3660,1883.170000037037
3,3661,1637.5729052333334
3,3662,243.38371555555557
3,3663,18283.832055555555
3,3664,18638.25774333333
3,3665,9117.29707311111
3,3666,4949.018007333333
3,3667,3552.462484111111
3,3668,750.6874945222222
3,3669,2717.183146074074
3,3670,5715.8688254814815
3,3671,2237.664590148148
3,3672,5064.034743296296
3,3673,439.92810287037037
3,3674,7229.832461814815
3,3675,1913.8355123333333
3,3676,1152.4994971074075
3,3677,3967.971611407407
3,3678,1971.8093327407407
3,3679,880.321769025926
3,3680,470.1201771259259
3,3681,1228.9098403333332
3,3682,1344.1461903333334
3,3683,957.5805141407408
3,3684,618.8709303185185
3,3685,4521.618248592593
3,3686,1815.8434025925926
3,3687,3844.6174825925928
3,3688,721.6933800592593
3,3689,821.2439619740741
3,3690,368.27472435185183
3,3691,604.2826156296296
3,3692,1336.8803854444445
3,3693,5325.489234592593
3,3694,2080.9163015925924
3,3695,504.0858945037037
3,3696,1557.1642023333334
3,3697,2680.083787037037
3,3698,3445.0354612222222
3,3699,2935.580911925926
3,3700,1776.444960888889
3,3701,751.5629569
3,3702,3172.9765537037038
3,3703,2225.501798
3,3704,746.8289205148149
3,3705,3367.8627312962963
3,3706,2539.3110863703705
3,3707,1612.3016639259258
3,3708,467.1062419888889
3,3709,5106.011047370371
3,3710,7645.758480814815
3,3711,6746.628819148148
3,3712,7218.603356555555
3,3713,247.80175221851852
3,3714,10110.870467407407
3,3715,2572.452455148148
3,3716,3490.9646118518517
3,3717,3521.4847975555554
3,3718,509.2611019962963
3,3719,4025.4377205185187
3,3720,548.9852209777778
3,3721,1716.4169356666666
3,3722,1652.6294604444445
3,3723,942.2983966518518
3,3724,504.0572407296296
3,3725,1029.1723511444445
3,3727,1282.566270074074
3,3728,847.7348951777777
3,3729,757.7733336185184
3,3730,2473.0061527037037
3,3731,3502.2012677407406
3,3733,1254.2808025555555
3,3734,2884.0246428518517
3,3735,1039.0588478518519
3,3736,4936.650890962963
3,3737,25994.249857777777
3,3738,23915.85675037037
3,3739,19993.537782592593
3,3740,6742.785037407408
3,3741,4078.0638078888887
3,3742,8449.472086074074
3,3743,1680.3966785555556
3,3744,6591.691861148148
3,3745,4445.443973962963
3,3746,1286.8693274444445
3,3747,4129.704317185186
3,3748,2198.4926404814814
3,3749,5638.584292
3,3750,4456.891254111111
3,3751,2157.996172074074
3,3752,4167.726632037037
3,3753,9060.349390555555
3,3754,8554.104644444444
3,3755,2750.5549917407407
3,3756,6909.403076222222
3,3757,4729.4328745185185
3,3758,784.7373489851852
3,3759,1037.5159496111112
3,3760,1745.734727
3,3761,1354.0214725555556
3,3762,1779.7718982962963
3,3763,6713.112281962963
3,3764,15220.57310925926
3,3765,5271.314415
3,3766,3442.5869020740743
3,3767,2098.212586703704
3,3768,3157.3603933333334
3,3769,826.1896236444444
3,3770,1549.707007074074
3,3771,1615.2943199629628
3,3772,5611.262418703704
3,3773,5002.010932296296
3,3775,2893.2188075925924
3,3776,29259.848050370372
3,3777,35982.80679148148
3,3778,23625.99232888889
3,3779,24528.400343703703
3,3780,1647.5432127407407
3,3781,3198.082445814815
3,3782,7085.610772777778
3,3783,18092.213900740742
3,3784,12576.059687777777
3,3785,2692.1196574444443
3,3786,5631.35743937037
3,3787,2096.1668576296297
3,3788,896.9763903777778
3,3789,3500.280488814815
3,3790,1790.5012311851851
3,3791,3447.1397476666666
3,3792,6732.887093444445
3,3793,3321.7052554074075
3,3794,3490.191467037037
3,3795,2554.96880262963
3,3796,976.7585172518518
3,3797,4749.774965
3,3798,9120.499912037038
3,3799,4500.5736827037035
3,3800,2188.552595703704
3,3801,3417.1236776666665
3,3802,588.0396026851852
3,3803,1609.2920392962963
3,3804,716.9493910148148
3,3805,1112.952719111111
3,3806,2715.1971355555556
3,3807,9268.850322111111
3,3808,13274.614674074073
3,3809,4873.862128703704
3,3810,6322.132408925926
3,3811,3763.3248994444443
3,3812,421.7523819148148
3,3813,657.4364000333334
3,3814,1084.977319074074
3,3815,741.8964193703704
3,3816,4307.7984098148145
3,3817,902.5945304296297
3,3818,1618.089627925926
3,3819,12358.086514074073
3,3820,6668.920003555556
3,3821,1380.2893546296295
3,3822,1835.509789037037
3,3823,33541.43854148148
3,3824,25525.24925
3,3825,17124.465172962962
3,3826,15758.76873925926
3,3827,13241.82915185185
3,3828,9071.729305814815
3,3829,7180.377107222222
3,3830,4328.585530666667
3,3831,1417.0686156296297
3,3832,1243.3827254814814
3,3833,2893.6226437037035
3,3834,762.4939960814814
3,3835,2356.274342
3,3836,5028.908197851852
3,3837,3734.7173734444445
3,3838,13666.896377777777
3,3839,15735.35605462963
3,3840,15584.391511148147
3,3841,13334.459817518518
3,3842,25089.42500185185
3,3843,13582.647410370371
3,3844,11001.745831111111
3,3845,11622.19652637037
3,3846,11701.424841666667
3,3847,11984.709363333333
3,3848,12801.872241481482
3,3849,10182.379299962962
3,3850,7712.492344259259
3,3851,4581.378943185186
3,3852,740.9993123444444
3,3853,2196.907119962963
3,3854,2790.625229740741
3,3855,6379.634962407407
3,3856,3249.6297837037037
3,3857,2905.133882740741
3,3858,5009.208274703704
3,3859,5392.815695703704
3,3860,4315.360632185185
3,3861,3599.1026194444444
3,3862,2865.166947925926
3,3863,636.4674412148148
3,3864,2962.6096081111114
3,3865,1409.204444037037
3,3866,1886.8436304074073
3,3867,918.9995435444445
3,3868,4145.089142296296
3,3869,6610.202447074074
3,3870,10953.096570222222
3,3871,10197.27218825926
3,3872,6282.526017555556
3,3873,4578.586619037037
3,3874,5615.701676962963
3,3875,3996.489571962963
3,3876,4846.497915148148
3,3877,3396.1762156296295
3,3878,1564.4038123333332
3,3879,926.2634050333334
3,3880,3867.0652712962965
3,3947,84.80024825296296
4,3507,21540.197844166665
4,3508,48040.329762738096
4,3509,46046.201637261904
4,3510,53613.91080333333
4,3511,60418.92788869048
4,3512,59735.07110940476
4,3513,62759.55808202381
4,3514,40650.50570666667
4,3515,12579.363704261905
4,3516,60649.45842321429
4,3517,56531.71037892857
4,3518,42751.023401547616
4,3519,24833.509974523808
4,3520,781.9321646
4,3521,53755.3976627381
4,3522,41564.75397988095
4,3523,1579.7583711785715
4,3524,17801.01222464286
4,3525,35010.92605714286
4,3526,13000.491905904762
4,3527,56893.40122202381
4,3528,11946.589891535714
4,3529,16903.166934880952
4,3530,6612.125638226191
4,3531,2714.5443254166667
4,3532,52999.469158690474
4,3533,10036.720457345238
4,3534,37315.23236583333
4,3535,13254.374698095238
4,3536,27281.267413809524
4,3537,28106.529725714285
4,3538,28579.958431666666
4,3539,29476.40120654762
4,3540,5102.977561142857
4,3541,34836.44570857143
4,3542,10888.825805202381
4,3543,12356.523833928572
4,3544,24973.14449547619
4,3545,2187.185424452381
4,3546,20211.461303238095
4,3547,1426.2759934916667
4,3548,2641.224514329762
4,3549,3654.5174944357145
4,3550,4044.749744772619
4,3551,8196.158510238096
4,3552,11300.623471080953
4,3553,2276.978050536905
4,3554,7884.0840629916665
4,3555,3739.245474164286
4,3556,2861.375440083333
4,3557,1068.4212039330953
4,3558,4115.833338283333
4,3559,8619.36665537738
4,3560,3878.845771302381
4,3561,5017.890058714285
4,3562,7987.119816761905
4,3563,2132.533375809524
4,3564,4363.343087523809
4,3565,14148.113070964286
4,3566,4911.364433035715
4,3567,10724.061490404762
4,3568,7421.6693675
4,3569,5393.068371857143
4,3570,225.36909631166668
4,3571,664.017756245238
4,3572,804.8828937095238
4,3573,912.9226657988096
4,3574,9022.13028977381
4,3575,1103.2880775095239
4,3576,1883.3459512
4,3577,1631.5839809321428
4,3578,2029.216336654762
4,3579,2292.0090950273807
4,3580,960.6011076904762
4,3581,1333.2015281178572
4,3582,3246.6014463166666
4,3583,5581.081078440477
4,3584,3004.0889754880955
4,3585,1682.2284125119047
4,3586,3397.8410048285714
4,3587,1390.0417379738096
4,3588,607.0987292690476
4,3589,3430.517898857143
4,3590,541.6762950785715
4,3592,811.8451323619048
4,3593,798.8906006166667
4,3594,1891.4940018690477
4,3595,2807.421356238095
4,3596,634.9290010988095
4,3597,1234.68193815
4,3598,2050.9853694642857
4,3599,1887.8385915488095
4,3600,2143.0239704166665
4,3601,2047.730226107143
4,3602,5308.185808547619
4,3603,1786.4122394690476
4,3604,2058.888237690476
4,3605,1689.7480765238095
4,3606,2100.2052549285713
4,3607,671.1616235130953
4,3608,1513.5675536988094
4,3609,804.5841041928571
4,3610,1219.0061401464286
4,3611,3541.0292814880954
4,3612,1787.9311787738095
4,3613,1078.7093534369048
4,3614,2930.1251507380953
4,3615,488.6369704490476
4,3616,2772.774562738095
4,3617,2576.5352121892856
4,3618,2193.9453248916666
4,3619,1193.2445910773808
4,3620,861.5275123285714
4,3621,1355.7877243785715
4,3622,1780.4135501261906
4,3623,8234.734031477381
4,3624,2840.3125230214287
4,3625,913.1472970261905
4,3626,2343.805809014286
4,3627,1691.6467501666666
4,3628,754.3283596095238
4,3629,4122.249716392857
4,3630,3281.1734417261905
4,3631,2406.8650619285713
4,3632,2393.570177142857
4,3633,2732.7955496785717
4,3634,2121.163736654762
4,3635,824.7547957214285
4,3636,5234.311536761905
4,3637,2780.021396738095
4,3638,3061.1248549285715
4,3639,5529.302493952381
4,3640,794.725466872619
4,3641,9407.804386440475
4,3642,6026.954668690476
4,3643,3915.183923845238
4,3644,358.2511854095238
4,3645,2335.4063667738096
4,3646,2197.2429364011905
4,3647,822.7050175011905
4,3648,570.7281361690476
4,3649,1609.8067671916667
4,3650,5594.970002322619
4,3651,3943.952260095238
4,3652,864.88822098
4,3653,7588.706876357143
4,3654,6692.810891535714
4,3655,5100.991149964286
4,3656,1115.329350365476
4,3657,2918.6036796190474
4,3658,6143.473306119047
4,3659,4352.545211185714
4,3660,1507.1151853773808
4,3661,1183.979714669762
4,3662,215.73432315833332
4,3663,21190.607950357142
4,3664,21127.520806785713
4,3665,10124.172577654763
4,3666,5492.61392047619
4,3667,6363.276109928572
4,3668,1597.9893014357142
4,3669,5921.189629722619
4,3670,13487.486213392856
4,3671,5289.581743792857
4,3672,5397.626914166666
4,3673,495.0097338654762
4,3674,7677.7841625119045
4,3675,2024.9596695476191
4,3676,1323.0502735082143
4,3677,4292.937267119048
4,3678,2197.5176142857144
4,3679,961.4695285595238
4,3680,604.1290243845239
4,3681,1399.7489349095238
4,3682,1465.46719565
4,3683,1002.6612283392857
4,3684,588.5905824473809
4,3685,5198.1020589523805
4,3686,1870.2731544285714
4,3687,3855.2100271785716
4,3688,889.1302796559523
4,3689,1028.4442159916666
4,3690,422.4962402892857
4,3691,701.9408190083334
4,3692,1520.1823958833334
4,3693,6398.557479690477
4,3694,3013.3081964845237
4,3695,580.162855272619
4,3696,1713.0959781785714
4,3697,3159.196044904762
4,3698,3965.482948761905
4,3699,3603.029247297619
4,3700,1947.6174071190476
4,3701,917.2007121428571
4,3702,3532.3107422261905
4,3703,2428.057982857143
4,3704,1166.4757969869047
4,3705,4262.754485452381
4,3706,3199.0035357738097
4,3707,1961.2653547738096
4,3708,559.7680098440476
4,3709,5607.153300857143
4,3710,9072.760758404762
4,3711,7913.9119358571425
4,3712,8422.18421229762
4,3713,320.6829557928572
4,3714,11171.757124238095
4,3715,3660.866837297619
4,3716,3642.975885595238
4,3717,3682.506816857143
4,3718,610.4571456440476
4,3719,4568.250022488095
4,3720,662.00577745
4,3721,2039.2727491190476
4,3722,1958.6199317380951
4,3723,979.1331806095238
4,3724,609.3510228988096
4,3725,1191.8832945380952
4,3727,1485.3022493916667
4,3728,994.4048496
4,3729,889.2233854571429
4,3730,2759.832048738095
4,3731,3663.172495952381
4,3733,1460.8323265892857
4,3734,3032.1263517261905
4,3735,1158.784319057143
4,3736,5581.941540845238
4,3737,30957.59491892857
4,3738,27787.10829357143
4,3739,23431.15731892857
4,3740,7882.525559821429
4,3741,4580.858662333333
4,3742,9430.086310142857
4,3743,1882.174622497619
4,3744,7137.484331511905
4,3745,5005.997261857143
4,3746,1476.2223605583333
4,3747,4672.885613964286
4,3748,2357.034110142857
4,3749,6095.370419142857
4,3750,4453.83072302381
4,3751,2469.5444888928573
4,3752,4860.220604416667
4,3753,10410.832028892857
4,3754,9312.979530738095
4,3755,3037.4645803214285
4,3756,7608.395916345238
4,3757,4963.517133857143
4,3758,1016.0193812404762
4,3759,1117.7612551011905
4,3760,1855.9648432380952
4,3761,1456.3514993285714
4,3762,2066.517240142857
4,3763,7343.871801976191
4,3764,18272.156142630953
4,3765,7540.835274202381
4,3766,3952.114757488095
4,3767,2411.8861404880954
4,3768,3591.5560760714284
4,3769,942.5162163595238
4,3770,1730.0769021809524
4,3771,1735.7740142380953
4,3772,6447.497839880953
4,3773,5494.931174285714
4,3775,3081.757232202381
4,3776,33810.06213380952
4,3777,45569.5193277381
4,3778,28745.829695
4,3779,29808.265953214286
4,3780,1973.6570558809524
4,3781,3811.2392730714287
4,3782,8444.942883892858
4,3783,21480.777240714287
4,3784,14860.949341785714
4,3785,3248.5211219642856
4,3786,6789.169772130952
4,3787,3722.428989911905
4,3788,1078.216504775
4,3789,3682.0248017857143
4,3790,2073.708575297619
4,3791,3784.6004010238094
4,3792,7320.4618855238095
4,3793,3531.156524297619
4,3794,4025.824162785714
4,3795,2814.5936636785714
4,3796,1127.2186338380952
4,3797,5820.536273761904
4,3798,9944.35267642857
4,3799,4861.5659034880955
4,3800,2452.8333982857143
4,3801,3452.4582638928573
4,3802,699.5920413380952
4,3803,1789.3916131190476
4,3804,966.5738566607143
4,3805,1284.328894920238
4,3806,2815.40450425
4,3807,10063.52000475
4,3808,16427.29826572619
4,3809,6065.562487095238
4,3810,7624.031590297619
4,3811,4595.401757714286
4,3812,478.7511455678571
4,3813,761.9440580976191
4,3814,1283.8927135702381
4,3815,774.7956630833334
4,3816,7388.801425964286
4,3817,990.7514710404762
4,3818,1748.854949357143
4,3819,12292.748616857143
4,3820,7257.4531801785715
4,3821,1456.8320192142858
4,3822,1933.4874625119048
4,3823,32912.96982702381
4,3824,25498.00849988095
4,3825,17097.539195833335
4,3826,15947.970835357142
4,3827,14640.656541583334
4,3828,10852.014801559524
4,3829,10889.260626440477
4,3830,5190.672276297619
4,3831,2070.598146153571
4,3832,1289.2681544642858
4,3833,2900.016311214286
4,3834,753.6767326452381
4,3835,2235.308842130952
4,3836,5253.727982440476
4,3837,3926.4058790833333
4,3838,11845.347873928571
4,3839,13646.485758642857
4,3840,13580.248940547619
4,3841,11308.838520261905
4,3842,21594.69110547619
4,3843,13172.985885238095
4,3844,10723.258439583333
4,3845,12492.492874547619
4,3846,12603.599045309524
4,3847,11998.643650619048
4,3848,13002.159046428571
4,3849,10641.06873279762
4,3850,8460.001947357143
4,3851,5184.694572226191
4,3852,813.467734725
4,3853,2274.625912857143
4,3854,2982.996707642857
4,3855,6718.496337785714
4,3856,3436.5894742976193
4,3857,2668.5722947380955
4,3858,4946.9623635
4,3859,5440.117460773809
4,3860,4200.170298166667
4,3861,3880.219568809524
4,3862,3092.5078813809523
4,3863,627.6860961071428
4,3864,3093.205971261905
4,3865,1462.4050180238096
4,3866,1810.7108416309525
4,3867,916.1963830511904
4,3868,4048.151875297619
4,3869,6352.32904372619
4,3870,10617.641817214286
4,3871,10241.73213257143
4,3872,6287.973550130952
4,3873,4625.211143214286
4,3874,5965.133169142857
4,3875,4241.5329107976195
4,3876,5038.359199535715
4,3877,3579.196091904762
4,3878,1532.294431559524
4,3879,902.988006575
4,3880,4021.235450904762
4,3947,101.3560298597619
5,3507,12818.137698542858
5,3508,28967.35810957143
5,3509,27623.11758142857
5,3510,32294.758458142856
5,3511,35743.947145428574
5,3512,33754.61408471429
5,3513,36075.608572714285
5,3514,24915.368749142857
5,3515,8931.034543385715
5,3516,44185.623072857146
5,3517,40793.23668957143
5,3518,31761.249698285716
5,3519,17320.931451714285
5,3520,371.1497973242857
5,3521,37732.003885142854
5,3522,30749.432633142857
5,3523,1113.7489345514286
5,3524,12432.130574114286
5,3525,25224.505150142857
5,3526,9732.37618032857
5,3527,44611.251190285715
5,3528,8308.702329214286
5,3529,13215.938539571429
5,3530,4665.180085842857
5,3531,2051.0652000857144
5,3532,40709.05756842857
5,3533,6897.4235193714285
5,3534,25248.82923042857
5,3535,9314.349074171429
5,3536,18871.702696714285
5,3537,18995.171772142858
5,3538,19512.1799363
5,3539,19875.462832885714
5,3540,4125.110166442857
5,3541,22845.088330042858
5,3542,6976.705453571429
5,3543,8234.022292537144
5,3544,16736.23905597143
5,3545,636.02455238
5,3546,15343.175830828572
5,3547,399.53760929142857
5,3548,728.4760198328571
5,3549,911.1966760885714
5,3550,1628.19642077
5,3551,2092.8288533857144
5,3552,2825.81142741
5,3553,498.97623640714284
5,3554,1917.7700996328572
5,3555,1581.3986803714286
5,3556,1888.8132504571429
5,3557,897.0615933400001
5,3558,3372.3038244685713
5,3559,7000.514102378572
5,3560,3251.03990552
5,3561,3403.220034657143
5,3562,5490.982898042857
5,3563,1417.95051783
5,3564,3734.3213030142856
5,3565,9640.096461842857
5,3566,3381.8552807428573
5,3567,7744.610210185714
5,3568,5500.798152728571
5,3569,4461.9563535285715
5,3570,161.13239098028572
5,3571,656.2672690071429
5,3572,713.2541543014286
5,3573,524.5329181097143
5,3574,8405.26824762
5,3575,964.1666240214286
5,3576,1779.513879882857
5,3577,1419.9691200571428
5,3578,1767.7619505257144
5,3579,1298.4329586328572
5,3580,596.3734222757143
5,3581,1055.69764779
5,3582,1727.0760594642857
5,3583,4498.765268107143
5,3584,3032.5660904828574
5,3585,1501.6436838142856
5,3586,942.2670747457142
5,3587,1159.97333583
5,3588,416.39321481571426
5,3589,2753.9880850285713
5,3590,431.6258978385714
5,3592,631.9489369971428
5,3593,693.4400913442857
5,3594,1391.0894928142857
5,3595,2171.835478757143
5,3596,384.2774550651429
5,3597,1029.2828721214287
5,3598,1450.4455685285714
5,3599,1324.3532650657144
5,3600,1662.1062347714285
5,3601,1807.7853998857142
5,3602,2796.9600216114286
5,3603,994.1854895542857
5,3604,1507.7661422828571
5,3605,1365.2243926285714
5,3606,1754.3387493085713
5,3607,555.51757542
5,3608,1009.9735898842857
5,3609,592.9211647442858
5,3610,1015.5678665085715
5,3611,2977.525510442857
5,3612,1289.5826102714286
5,3613,754.8463044814285
5,3614,2287.8908043142856
5,3615,417.2589680747143
5,3616,2281.37752062
5,3617,2592.8554549457144
5,3618,2131.9575980328573
5,3619,839.5492306357143
5,3620,749.3632177257143
5,3621,1220.4505339342857
5,3622,1405.276944502857
5,3623,4173.564885981428
5,3624,2410.710693002857
5,3625,697.2978864971428
5,3626,1127.1111000985713
5,3627,1040.2904907242857
5,3628,685.0840972328572
5,3629,2775.8985643142855
5,3630,3496.6362757428574
5,3631,2283.9637004428573
5,3632,1867.2169168857142
5,3633,2141.4364279428573
5,3634,1672.820218042857
5,3635,673.45313516
5,3636,5221.652202628571
5,3637,2044.5239481157143
5,3638,2670.1900671657145
5,3639,3634.5081884142855
5,3640,683.6916269442858
5,3641,6090.812623021428
5,3642,5230.506388742857
5,3643,2589.982576785714
5,3644,236.9593814
5,3645,1636.2491654857142
5,3646,1989.0802707185715
5,3647,756.5181766485714
5,3648,450.60834511714285
5,3649,1531.59519936
5,3650,5574.866064614285
5,3651,3362.561218242857
5,3652,457.9917061007143
5,3653,5103.3194074428575
5,3654,3656.4819027857143
5,3655,4616.095399771429
5,3656,949.0463709757142
5,3657,2820.2330114571428
5,3658,5704.207230084286
5,3659,1969.3943363357143
5,3660,1325.568570112
5,3661,543.4034703624286
5,3662,223.02306270357144
5,3663,13644.734912285714
5,3664,14104.902646285715
5,3665,8754.461460342856
5,3666,3881.1754404
5,3667,2026.1711637942858
5,3668,434.48025839714285
5,3669,1521.665395437143
5,3670,3234.8561349142856
5,3671,1301.2935062185716
5,3672,3800.379071457143
5,3673,365.567875201
5,3674,5732.227848885715
5,3675,1809.6394982714285
5,3676,454.93845071585713
5,3677,3465.9592856314284
5,3678,1670.0246098885714
5,3679,790.43124027
5,3680,490.2633490557143
5,3681,1128.3697168785714
5,3682,1144.85228271
5,3683,792.8517443342857
5,3684,530.0723939611429
5,3685,3877.5124937285714
5,3686,1649.8490818285713
5,3687,3628.7149706857144
5,3688,719.73434316
5,3689,757.9240475471429
5,3690,331.33459455571426
5,3691,600.0223863128572
5,3692,1115.670566382857
5,3693,4063.3478052857145
5,3694,2224.2931833142857
5,3695,509.0687727514286
5,3696,1318.532488357143
5,3697,1986.2067327571428
5,3698,2464.843983857143
5,3699,2542.3495241428573
5,3700,1698.9256817857142
5,3701,698.7211530171429
5,3702,2501.853738057143
5,3703,2024.513333857143
5,3704,626.9786584142857
5,3705,3021.222500514286
5,3706,2719.7258086142856
5,3707,1630.5067894714286
5,3708,498.6460091357143
5,3709,5236.609496514286
5,3710,7469.088142514286
5,3711,6411.979850042857
5,3712,7667.8886780428575
5,3713,208.5898976442857
5,3714,10883.779724857142
5,3715,2864.9624507
5,3716,3113.961970942857
5,3717,3203.0986215142857
5,3718,529.8833124228571
5,3719,3267.4569238
5,3720,495.67731994
5,3721,1626.7826183
5,3722,1617.4716862428572
5,3723,854.95932114
5,3724,482.9335778414286
5,3725,1020.2681465785714
5,3727,1390.4890720471428
5,3728,913.7766098428572
5,3729,849.8386054457143
5,3730,2374.8595456857142
5,3731,3413.8667284714284
5,3733,1424.053377047143
5,3734,2708.4606116857144
5,3735,1124.8607451614287
5,3736,5635.3828321142855
5,3737,22957.74684742857
5,3738,20066.166956714285
5,3739,18721.173309714286
5,3740,5839.680138785714
5,3741,3824.9407567714284
5,3742,8282.470349557143
5,3743,1769.0053771228572
5,3744,7234.8381664
5,3745,4647.324471528572
5,3746,1260.9763988742857
5,3747,4042.494625257143
5,3748,1997.1551831557142
5,3749,4686.235006185714
5,3750,4039.3789838142857
5,3751,2136.3406575714284
5,3752,3747.1148785857145
5,3753,7754.638998557143
5,3754,7149.699559342857
5,3755,2221.395489885714
5,3756,5762.378672485715
5,3757,4432.4404443428575
5,3758,698.3611284028572
5,3759,858.1722015814286
5,3760,1536.0468155757144
5,3761,1275.894889992857
5,3762,1982.6226927428572
5,3763,7529.6803126714285
5,3764,19586.747700614287
5,3765,4047.7452183
5,3766,3342.598682514286
5,3767,1929.0854265714286
5,3768,2959.4634135714286
5,3769,784.4064078642857
5,3770,1756.160335247143
5,3771,1579.4722321428571
5,3772,5280.160722828571
5,3773,5032.544318357142
5,3775,3126.454131957143
5,3776,28423.373903571428
5,3777,42990.81288185714
5,3778,23393.963820142857
5,3779,28008.080501714285
5,3780,1602.3842794714285
5,3781,3119.061913457143
5,3782,6538.489847014286
5,3783,17181.947529
5,3784,11865.982175028572
5,3785,2589.0266737285715
5,3786,5449.5281331
5,3787,2054.820308222857
5,3788,978.2358152171429
5,3789,2783.158184485714
5,3790,1738.6392551714287
5,3791,3296.4665083857144
5,3792,6135.031922585714
5,3793,2937.2440653285717
5,3794,3179.2618128714284
5,3795,2514.9730452
5,3796,1124.2708694028572
5,3797,5604.239566757143
5,3798,9673.820176971429
5,3799,4276.733165257143
5,3800,1946.7547667714286
5,3801,3317.2656784428573
5,3802,630.2673645428572
5,3803,1682.654792342857
5,3804,655.89821181
5,3805,943.4585727342857
5,3806,2934.929277714286
5,3807,9319.758749742858
5,3808,15126.647276871428
5,3809,5006.992078628571
5,3810,5817.2028545
5,3811,3570.744958085714
5,3812,329.0416976557143
5,3813,608.0974056157143
5,3814,1031.4739879085714
5,3815,724.3738978542857
5,3816,3511.8532235142857
5,3817,732.7943014871429
5,3818,1679.7945583857143
5,3819,11328.2161264
5,3820,6459.718635214285
5,3821,1518.659593747143
5,3822,1973.3767512142858
5,3823,30457.772905285714
5,3824,26164.810928285715
5,3825,15478.658193
5,3826,14028.686427142857
5,3827,13271.118070571429
5,3828,8919.959998342856
5,3829,5274.516708828572
5,3830,4235.967185648571
5,3831,1336.7138901442856
5,3832,1008.4027763814286
5,3833,2081.9421546514286
5,3834,715.0538841614285
5,3835,2053.9780891714286
5,3836,4899.4531770428575
5,3837,3994.2749454714285
5,3838,7201.276624142857
5,3839,8749.522852885715
5,3840,8815.04209012857
5,3841,7126.917344
5,3842,13800.574544714285
5,3843,10755.560508585715
5,3844,9044.731330414286
5,3845,7365.961630285714
5,3846,8191.559892271429
5,3847,10770.569639557143
5,3848,12189.6421401
5,3849,9607.1555201
5,3850,7572.565568157143
5,3851,4414.222068857143
5,3852,704.81213471
5,3853,2036.1617127085715
5,3854,2841.4713379285713
5,3855,6286.0098885285715
5,3856,3385.7309067
5,3857,2609.7511273285713
5,3858,3917.0704683
5,3859,3366.8525243
5,3860,3409.3601115142856
5,3861,3510.5415969714286
5,3862,2910.1337573857145
5,3863,571.8022008214285
5,3864,3039.0456545
5,3865,1389.86846567
5,3866,1792.1218306157143
5,3867,933.4117904142857
5,3868,3775.7531045142855
5,3869,4717.720338928571
5,3870,8057.1604143
5,3871,8389.631153285714
5,3872,5025.614167685714
5,3873,3733.0824117
5,3874,5842.433374842857
5,3875,4323.2009098
5,3876,4730.019301528571
5,3877,3652.5018679285713
5,3878,1464.4102449142856
5,3879,878.0420669314286
5,3880,4044.7993682142856
5,3947,81.957677402
6,3507,14605.713567179488
6,3508,34216.864652051285
6,3509,33076.37863846154
6,3510,38319.44087615384
6,3511,42795.22289512821
6,3512,40395.40675333334
6,3513,43650.11644589744
6,3514,29685.587454615386
6,3515,9670.883884692308
6,3516,49719.90319923077
6,3517,44252.79904769231
6,3518,34784.91626794872
6,3519,19118.43641025641
6,3520,527.3544881641026
6,3521,42568.30689410256
6,3522,34856.570095897434
6,3523,1169.3318710974359
6,3524,13191.175268205128
6,3525,27836.43673974359
6,3526,10494.708942897436
6,3527,48073.03663461538
6,3528,8869.398544179487
6,3529,14086.184534615384
6,3530,4882.0960433076925
6,3531,2198.422242692308
6,3532,43237.73333692308
6,3533,7255.262985384616
6,3534,26726.218515384615
6,3535,9731.685565794873
6,3536,20071.170532820513
6,3537,19984.209846923077
6,3538,20869.4821274359
6,3539,20896.130033076923
6,3540,4256.716510358974
6,3541,28020.27394923077
6,3542,7869.695052435897
6,3543,9592.633239384615
6,3544,19681.949624358975
6,3545,1418.3784978358974
6,3546,17875.946814564104
6,3547,842.1193570461538
6,3548,1679.7296941435898
6,3549,2052.1363686871796
6,3550,2951.6041848615387
6,3551,4527.689159712821
6,3552,6172.662181502564
6,3553,1192.1755753692307
6,3554,4353.577382441025
6,3555,2883.1171050410258
6,3556,2463.545508153846
6,3557,1023.6130469461539
6,3558,3925.287605051282
6,3559,8023.078471564102
6,3560,3693.4924768717947
6,3561,4384.24966225641
6,3562,7244.018380205128
6,3563,1907.931210025641
6,3564,4650.825762948718
6,3565,12760.141579282052
6,3566,4384.204163538461
6,3567,9960.557462615385
6,3568,8126.844970717949
6,3569,5467.363876974359
6,3570,282.2589046528205
6,3571,761.3057999923077
6,3572,978.6102560794872
6,3573,1157.4863882207692
6,3574,9158.981335
6,3575,1194.4068659
6,3576,2100.300782076923
6,3577,1853.1137515528205
6,3578,2075.8098800333332
6,3579,2220.915893302564
6,3580,791.573604848718
6,3581,1405.1175662820513
6,3582,3426.8144418717948
6,3583,5311.250118294872
6,3584,3482.446783794872
6,3585,1861.9308231538462
6,3586,1685.458239297436
6,3587,1594.1208143076924
6,3588,567.8764138615385
6,3589,3577.9846911025643
6,3590,543.8116403923077
6,3592,898.8331315205128
6,3593,733.6608241641026
6,3594,1878.4016475384615
6,3595,2840.168961076923
6,3596,740.3166613446153
6,3597,1415.942243897436
6,3598,1994.270162897436
6,3599,2065.970307979487
6,3600,2105.6844955128204
6,3601,2274.3970335897434
6,3602,4111.60700374359
6,3603,1442.8283524871795
6,3604,1763.0729047435898
6,3605,1688.3044686410256
6,3606,2209.4938776153845
6,3607,733.1703668358974
6,3608,1313.4871777487178
6,3609,838.5291344
6,3610,1228.9730638974358
6,3611,3552.887993641026
6,3612,1749.7902878205127
6,3613,1007.2013347769231
6,3614,3031.5582863589743
6,3615,638.9291169546153
6,3616,2983.225304153846
6,3617,2982.178361948718
6,3618,2512.0290294615384
6,3619,1235.016873797436
6,3620,952.3616235358975
6,3621,1453.2316242564102
6,3622,1785.0079323333334
6,3623,7952.375194410256
6,3624,3546.1210246410255
6,3625,935.2948072076923
6,3626,2534.6921926205127
6,3627,2133.359759948718
6,3628,737.4231771794872
6,3629,3876.7063025128205
6,3630,3926.3053625128205
6,3631,3002.9914555641026
6,3632,2493.539346179487
6,3633,2916.5169473333335
6,3634,2310.1437371794873
6,3635,736.5668538230769
6,3636,5603.312810512821
6,3637,2939.7475074102563
6,3638,2973.357214128205
6,3639,4653.153409256411
6,3640,741.9798995794872
6,3641,8549.935235
6,3642,6555.091757589744
6,3643,3734.445081871795
6,3644,351.7276612692308
6,3645,2374.507113153846
6,3646,2603.9780776794873
6,3647,934.1557220692308
6,3648,640.9502742128205
6,3649,1786.274353897436
6,3650,6419.177187615384
6,3651,4162.498565179487
6,3652,1134.7021923005127
6,3653,6958.092362051282
6,3654,5257.304640641026
6,3655,6047.300675384616
6,3656,1539.6024740512821
6,3657,3233.0297484615385
6,3658,6146.164676128205
6,3659,3390.2410905846154
6,3660,1682.272540985641
6,3661,759.0186154707692
6,3662,231.14336195641025
6,3663,16512.223601025642
6,3664,16806.165264102565
6,3665,9864.246131333333
6,3666,4624.425622
6,3667,3366.6316016153846
6,3668,728.3002447769231
6,3669,2720.749355974359
6,3670,5654.083208128205
6,3671,2337.307851420513
6,3672,4891.5656191538465
6,3673,434.3267947307692
6,3674,7750.923684974359
6,3675,2226.8841555128206
6,3676,696.0086675548717
6,3677,4612.73753525641
6,3678,1988.4201461974358
6,3679,1070.7307968923076
6,3680,573.479700874359
6,3681,1528.0731553333333
6,3682,1607.8094952307692
6,3683,932.3547184923077
6,3684,621.1919332179488
6,3685,4933.861556179487
6,3686,1888.8403484871794
6,3687,3899.147993717949
6,3688,1019.0453997589743
6,3689,1101.059140202564
6,3690,458.1934980282051
6,3691,725.3781518333333
6,3692,1569.923440076923
6,3693,5501.711858769231
6,3694,2921.9928130923076
6,3695,610.1875855102564
6,3696,1834.615838051282
6,3697,2430.882407153846
6,3698,3452.1656235128207
6,3699,3568.3503252051282
6,3700,1980.739731
6,3701,964.5594893358974
6,3702,2682.652746102564
6,3703,2547.557102769231
6,3704,1027.0853928615384
6,3705,4018.403100974359
6,3706,3456.1645558461537
6,3707,2122.992380897436
6,3708,540.9633263641026
6,3709,4539.1742073333335
6,3710,6353.484716666667
6,3711,5517.0680291538465
6,3712,6216.759318769231
6,3713,244.0725278871795
6,3714,10507.206305615384
6,3715,3415.8365595384616
6,3716,3141.0892758205127
6,3717,3337.839060358974
6,3718,553.9221870025641
6,3719,3389.594905666667
6,3720,538.1372727051282
6,3721,1949.5400475897436
6,3722,1884.9327333846154
6,3723,788.6011319384615
6,3724,502.1395539923077
6,3725,1060.8986032307691
6,3727,1305.3784166410255
6,3728,933.5094276820513
6,3729,807.4903887564103
6,3730,2077.9220634615385
6,3731,3285.555951641026
6,3733,1236.8928665128205
6,3734,2588.0313464871797
6,3735,994.5044998128205
6,3736,4794.026496923077
6,3737,19919.574175384616
6,3738,17855.37959025641
6,3739,16011.730831538462
6,3740,5207.101248025641
6,3741,3354.1568268461538
6,3742,7378.002969871794
6,3743,2044.965253974359
6,3744,8469.643854333333
6,3745,5249.181082846154
6,3746,1501.7770815641024
6,3747,4713.642078794872
6,3748,1876.4850982307692
6,3749,4807.92304074359
6,3750,4322.277042666667
6,3751,2068.3070805384614
6,3752,3561.763421051282
6,3753,7783.400759076923
6,3754,7691.332146282051
6,3755,2583.7093234871795
6,3756,7312.863982615385
6,3757,5048.380291666666
6,3758,1089.9191537333334
6,3759,1247.0054055897435
6,3760,1765.837494051282
6,3761,1299.7834302307692
6,3762,1950.0392574358975
6,3763,6773.461095820513
6,3764,17515.050372564103
6,3765,4162.749192897436
6,3766,3753.311923717949
6,3767,1879.2162684358975
6,3768,2920.749804051282
6,3769,821.1658129666666
6,3770,1765.0331015128204
6,3771,1493.8636836153846
6,3772,5059.039583307693
6,3773,4458.748468974359
6,3775,3013.0764731025643
6,3776,24350.167746923078
6,3777,41189.71578410256
6,3778,20274.57906948718
6,3779,26838.64996128205
6,3780,1429.2652167692308
6,3781,2739.5797241025643
6,3782,5792.337587025641
6,3783,15066.528907435897
6,3784,10194.78016351282
6,3785,2642.4294466410256
6,3786,5764.154256128205
6,3787,2581.6678870153846
6,3788,993.9375320384615
6,3789,3457.671963076923
6,3790,1821.3294697692309
6,3791,3310.107818102564
6,3792,6035.044750076923
6,3793,3071.7789215641023
6,3794,3243.7768805128203
6,3795,2463.6002197435896
6,3796,875.388433374359
6,3797,4611.893481794872
6,3798,10573.109673461538
6,3799,3737.29677974359
6,3800,2104.6500334358975
6,3801,3566.9102426153845
6,3802,627.8585017666667
6,3803,1637.5598867948718
6,3804,790.0046141923077
6,3805,1159.157145674359
6,3806,2651.9356426410254
6,3807,8751.695119205127
6,3808,13803.535535128205
6,3809,4698.776907871795
6,3810,5540.890525051282
6,3811,3779.2497613589744
6,3812,404.79684164102565
6,3813,687.0471831205128
6,3814,1169.1143433846155
6,3815,715.6832626333334
6,3816,4037.566657948718
6,3817,962.1151477
6,3818,1616.91958
6,3819,10297.566444846154
6,3820,5937.372534923077
6,3821,1424.3134992307691
6,3822,1693.4552695051282
6,3823,28777.31648076923
6,3824,26307.903243846155
6,3825,13883.40453128205
6,3826,11780.210804615384
6,3827,11621.135958794872
6,3828,8462.37074074359
6,3829,7529.328968102564
6,3830,4312.076554948718
6,3831,1571.6610704358975
6,3832,1125.0601161538461
6,3833,2312.5848456666668
6,3834,741.5443541846154
6,3835,2122.7411093846154
6,3836,4479.467261076923
6,3837,3419.316006205128
6,3838,7812.017852717949
6,3839,9408.742676948717
6,3840,9504.344694615385
6,3841,7944.6204577692315
6,3842,15059.790552564102
6,3843,9695.006585897436
6,3844,8782.656457153846
6,3845,7300.337925
6,3846,8181.666182384615
6,3847,9744.651654025642
6,3848,10754.080454128205
6,3849,8450.196146128204
6,3850,6876.55374925641
6,3851,4124.70478474359
6,3852,719.3897761358975
6,3853,2241.9234209230767
6,3854,2428.9710470769232
6,3855,5739.4494706666665
6,3856,2936.223621717949
6,3857,2624.4630606666665
6,3858,3371.1070482564105
6,3859,3706.716621282051
6,3860,3240.9666501538463
6,3861,3275.913986102564
6,3862,2625.952428692308
6,3863,613.5602703282051
6,3864,2922.046334820513
6,3865,1317.9155473897436
6,3866,1834.333336051282
6,3867,841.0625064179487
6,3868,3601.9771523076924
6,3869,4594.075413333333
6,3870,7633.7460013076925
6,3871,7638.6821394871795
6,3872,4395.611967435897
6,3873,3155.8057499230767
6,3874,5122.819689410257
6,3875,3616.133398794872
6,3876,4142.602356
6,3877,2997.8877716666666
6,3878,1452.5629125897435
6,3879,868.9639212794872
6,3880,3494.1507447435897
6,3947,90.28272084794872
