campaing,ID,dem
1,3507,0.0022856884133941697
1,3508,0.002128268857635824
1,3509,0.002158578386846349
1,3510,0.002160698630414247
1,3511,0.0021669691981645
1,3512,0.00217569604229618
1,3513,0.0022491664114559196
1,3514,0.002268200988109165
1,3515,0.0023874893979639665
1,3516,0.0024327519042719598
1,3517,0.002475326309064499
1,3518,0.002490120013890054
1,3519,0.002466973929302056
1,3520,0.0028750899054034926
1,3521,0.0025389746262712808
1,3522,0.002541658001936718
1,3523,0.00254397535887853
1,3524,0.0025427512513219066
1,3525,0.0025468926361272553
1,3526,0.0025260724595762936
1,3527,0.0025492828806527547
1,3528,0.002531769890335885
1,3529,0.0024762168601059845
1,3530,0.0024702018081137114
1,3531,0.0024808810832530745
1,3532,0.002485297334428792
1,3533,0.0024742273495774246
1,3534,0.002487734234259875
1,3535,0.0025057939398689948
1,3536,0.002506052406303233
1,3537,0.0022195458847564602
1,3538,0.0022853375632832258
1,3539,0.0022687783887637854
1,3540,0.0022654089951871198
1,3541,0.002268842057585414
1,3542,0.0022779996240050297
1,3543,0.002276384548464751
1,3544,0.0022715491350723334
1,3545,0.001703637680811117
1,3546,0.0023078830574511447
1,3547,0.0016843149412953061
1,3548,0.0016942886266849166
1,3549,0.0016943603012503949
1,3550,0.0019694157529912115
1,3551,0.0016860033968334011
1,3552,0.0016854330716465143
1,3553,0.0016393452810352222
1,3554,0.0017171263033425334
1,3555,0.002022260344082339
1,3556,0.0024290734185290434
1,3557,0.0022412626630496056
1,3558,0.0022035550601484303
1,3559,0.002123699069181117
1,3560,0.0022518216067022936
1,3561,0.002428842924676342
1,3562,0.0024632754902462763
1,3563,0.002488500844269239
1,3564,0.0025003040684177104
1,3565,0.002533250631190205
1,3566,0.0025390657343625734
1,3567,0.002551925227445134
1,3568,0.0024738523023918827
1,3569,0.0024872677000655806
1,3570,0.0020399068648987743
1,3571,0.0018503186827506068
1,3572,0.0026239655549682196
1,3573,0.0021761643142737723
1,3574,0.0019837154343860493
1,3575,0.002530373183990384
1,3576,0.002088708737866262
1,3577,0.002180502579377512
1,3578,0.002135100591212444
1,3579,0.002103659490364656
1,3580,0.0021088219475953462
1,3581,0.002594408760397011
1,3582,0.0021915571572968602
1,3583,0.001996677752045544
1,3584,0.0019830980000551716
1,3585,0.0026108681699184336
1,3586,0.0019603163195833963
1,3587,0.0025845196079168904
1,3588,0.00268463737386375
1,3589,0.0027340818455620455
1,3590,0.002621187276086848
1,3592,0.0026908337052207153
1,3593,0.002821482782231581
1,3594,0.0026924961714227566
1,3595,0.0025633018253602776
1,3596,0.0020851262671948605
1,3597,0.002735531276901693
1,3598,0.002691686974658336
1,3599,0.0021101859769370236
1,3600,0.002589625820309833
1,3601,0.0027304287551838044
1,3602,0.0021016516917933834
1,3603,0.002109241958542587
1,3604,0.00211553252676358
1,3605,0.0026238560460018962
1,3606,0.002737819827587571
1,3607,0.0027239172635335172
1,3608,0.0021267646406597637
1,3609,0.0026928786238247797
1,3610,0.0027290768647856914
1,3611,0.0027010903930292113
1,3612,0.00250178506231386
1,3613,0.0026813000151935484
1,3614,0.0027098675887915727
1,3615,0.0019904255514450226
1,3616,0.0026459572189386662
1,3617,0.0019921791805503925
1,3618,0.002205572110405872
1,3619,0.0021217084636919892
1,3620,0.0026206531774902457
1,3621,0.0027431948666710062
1,3622,0.0019344262446971481
1,3623,0.002025064201951784
1,3624,0.0021417313363132112
1,3625,0.002744619753144537
1,3626,0.0021032613825954453
1,3627,0.002152381500790298
1,3628,0.002762079585865396
1,3629,0.0026256138048858938
1,3630,0.002204598103859914
1,3631,0.0024831643938471645
1,3632,0.0027184569346044947
1,3633,0.002623255602428018
1,3634,0.0025889969934720708
1,3635,0.0020257392996981343
1,3636,0.0020269715967304956
1,3637,0.0026871877314179654
1,3638,0.002640793400219228
1,3639,0.002388338532850045
1,3640,0.002087631213839151
1,3641,0.0019134614254690031
1,3642,0.002497964781059903
1,3643,0.0025768655012437585
1,3644,0.0026753746890561536
1,3645,0.0026863986048329415
1,3646,0.001974955064561182
1,3647,0.0026362060898303757
1,3648,0.0027118076814061213
1,3649,0.0020189649271681468
1,3650,0.0019611635161410554
1,3651,0.0026678617386220677
1,3652,0.002058594776606074
1,3653,0.0024828548677355167
1,3654,0.0024677379681948084
1,3655,0.0024887935292521824
1,3656,0.002100920170665458
1,3657,0.0020333439825268
1,3658,0.002052299318580178
1,3659,0.0019768207940802788
1,3660,0.001977714544566728
1,3661,0.0021731155244840154
1,3662,0.0020377434591232835
1,3663,0.0023623919936626597
1,3664,0.002374371790663615
1,3665,0.002376658064541697
1,3666,0.002379764273157362
1,3667,0.0019629503615322653
1,3668,0.0016819102796284706
1,3669,0.0019666241705586012
1,3670,0.001947722182152078
1,3671,0.001942714270769092
1,3672,0.0024460671162337966
1,3673,0.0020222953890841437
1,3674,0.002498636925927079
1,3675,0.00259465651560399
1,3676,0.0020266378802396724
1,3677,0.0026140850753563656
1,3678,0.0027151147652293003
1,3679,0.002758329100171159
1,3680,0.0019220391204145522
1,3681,0.0026845492620549936
1,3682,0.0027363984798261854
1,3683,0.002137078353573648
1,3684,0.0021147692136307557
1,3685,0.0026715953160563514
1,3686,0.0027163141117847716
1,3687,0.0021817064157254418
1,3688,0.00268957393642902
1,3689,0.002703462314664497
1,3690,0.002684238724297189
1,3691,0.002670192443073708
1,3692,0.0027140977359880573
1,3693,0.002637394681588101
1,3694,0.0021051822033195063
1,3695,0.0027681240368662803
1,3696,0.0026908743047535178
1,3697,0.0025397019187024888
1,3698,0.002537194878445309
1,3699,0.0026995661417447713
1,3700,0.0027468801306207054
1,3701,0.002625416499958833
1,3702,0.0026056296576941105
1,3703,0.0026328719674762672
1,3704,0.0020067977275548617
1,3705,0.002574618692306154
1,3706,0.0026696657929087303
1,3707,0.0025686361886590324
1,3708,0.002673173839155455
1,3709,0.0030685067643347703
1,3710,0.0026735167282747126
1,3711,0.0027091321653522397
1,3712,0.002793173333374766
1,3713,0.003156780721970664
1,3714,0.0028974582909915615
1,3715,0.0019047202293340675
1,3716,0.0031036388403874113
1,3717,0.0031467237131353404
1,3718,0.003141001439533042
1,3719,0.0030097244361486654
1,3720,0.002595613752714385
1,3721,0.0026733069294755554
1,3722,0.002671170757477213
1,3723,0.002709062360024678
1,3724,0.0031071778517646224
1,3725,0.002672689281532884
1,3727,0.003018462848902343
1,3728,0.002705685952154982
1,3729,0.0027248555309092167
1,3730,0.002983890447625158
1,3731,0.0025835541476031715
1,3733,0.003139407507918479
1,3734,0.00312002160332092
1,3735,0.0031382476940383626
1,3736,0.003009575919304002
1,3737,0.0026719987441212512
1,3738,0.0023716565120899193
1,3739,0.0024290688053266664
1,3740,0.002427366916554613
1,3741,0.0024660034077700157
1,3742,0.0024859200383953095
1,3743,0.002165500679363613
1,3744,0.0021847282193858185
1,3745,0.0021890057427910556
1,3746,0.0026542596273086234
1,3747,0.0026474699866619105
1,3748,0.0026558769199330513
1,3749,0.002563666836985007
1,3750,0.0027035166703249084
1,3751,0.0026510149433683705
1,3752,0.0024643897120312495
1,3753,0.0024412509810577063
1,3754,0.0024381647193557664
1,3755,0.0025097995981444685
1,3756,0.0025128859102040773
1,3757,0.0026168458257820252
1,3758,0.0027091387171944417
1,3759,0.002710661571023538
1,3760,0.0027091453950720368
1,3761,0.002604257083112373
1,3762,0.003083979442973124
1,3763,0.0028269645244930054
1,3764,0.0028231275800566584
1,3765,0.0019392086217516332
1,3766,0.002096855396094741
1,3767,0.0026294916523872
1,3768,0.0026598069463227903
1,3769,0.0026907102867600023
1,3770,0.0030750663479872033
1,3771,0.003018930730002376
1,3772,0.002671252748592759
1,3773,0.002592675186552411
1,3775,0.0030289960456587367
1,3776,0.0026816958514394107
1,3777,0.0027403251277921463
1,3778,0.002740606068615964
1,3779,0.002451328650601059
1,3780,0.0024143863410748343
1,3781,0.002416801308677662
1,3782,0.002438451861683384
1,3783,0.00241150732199448
1,3784,0.0024432613921378356
1,3785,0.002500574284938895
1,3786,0.002500498170523069
1,3787,0.002055531183426233
1,3788,0.002596884985968702
1,3789,0.0025766684128917545
1,3790,0.002648467849582256
1,3791,0.00261647558451246
1,3792,0.002553992483835594
1,3793,0.002556918480063579
1,3794,0.0026204232579460853
1,3795,0.0027477769836974524
1,3796,0.002697272422392939
1,3797,0.002929802399136334
1,3798,0.002205836044021842
1,3799,0.00258904095976072
1,3800,0.0022097377889104567
1,3801,0.0022222392218689702
1,3802,0.00268958710870674
1,3803,0.0032690510065369904
1,3804,0.0021214543938960786
1,3805,0.0020973106563604094
1,3806,0.0031186096753282387
1,3807,0.0028990206800128247
1,3808,0.002836645503233415
1,3809,0.0025723813395829866
1,3810,0.002603369558205972
1,3811,0.0025906117233242664
1,3812,0.002657005674025013
1,3813,0.002692571462157787
1,3814,0.0026928407426904228
1,3815,0.0032070231832865303
1,3816,0.0020359046439572008
1,3817,0.00208832583048102
1,3818,0.002995746220803516
1,3819,0.002816648678045514
1,3820,0.0029634178607189495
1,3821,0.00293507488720641
1,3822,0.0029988215131345666
1,3823,0.0026424407167048797
1,3824,0.002847653089152157
1,3825,0.002887082350925195
1,3826,0.002915930116039113
1,3827,0.0028739184465051506
1,3828,0.0025655515288065976
1,3829,0.0021760044423535705
1,3830,0.0026154851212463457
1,3831,0.0021807998463244196
1,3832,0.0027121863763113234
1,3833,0.001915500414755619
1,3834,0.0032242307318358972
1,3835,0.0019768014779568276
1,3836,0.0026088186782975233
1,3837,0.002621521605382097
1,3838,0.0021303594334053434
1,3839,0.00216137590124411
1,3840,0.002172352857966516
1,3841,0.0021860494346517237
1,3842,0.0022392578641602387
1,3843,0.0024346204907478002
1,3844,0.0024392109013716
1,3845,0.0018713544571362752
1,3846,0.0018830650774695847
1,3847,0.0026039547294105544
1,3848,0.0027769522458789583
1,3849,0.0029146967078531494
1,3850,0.0029398872485471403
1,3851,0.0026438979326112305
1,3852,0.002711726159657591
1,3853,0.002091563814948279
1,3854,0.0027250738401045226
1,3855,0.002039709282253133
1,3856,0.0027318845572146286
1,3857,0.0020235851822090816
1,3858,0.0019567812962306644
1,3859,0.0019857614815475934
1,3860,0.0019152865283979586
1,3861,0.00271389249540784
1,3862,0.002795826618171594
1,3863,0.0030124535652050434
1,3864,0.0028860400545234087
1,3865,0.0029054937287893473
1,3866,0.002115871361710185
1,3867,0.0029223010944676845
1,3868,0.00197307293970715
1,3869,0.002081863593409921
1,3870,0.0021584562728759384
1,3871,0.002158674660844341
1,3872,0.0021528968692748015
1,3873,0.0021527057125579614
1,3874,0.0026243685671058013
1,3875,0.002621875132939112
1,3876,0.0026178816109783142
1,3877,0.002660003681846061
1,3878,0.002123418458321454
1,3879,0.0020460098703674423
1,3880,0.00261454683866391
1,3947,0.002660351100068678
2,3507,0.00239132309641742
2,3508,0.0021336155341994682
2,3509,0.002125474571979046
2,3510,0.00212736018274888
2,3511,0.0021290979281323595
2,3512,0.0021330641254012385
2,3513,0.0021520258446736016
2,3514,0.0022092227338235274
2,3515,0.002430477955539144
2,3516,0.002518522970499298
2,3517,0.002571042386831149
2,3518,0.002439867465059231
2,3519,0.0024207718319321104
2,3520,0.002795220184981722
2,3521,0.00245557614251329
2,3522,0.0024168389366209984
2,3523,0.0024244247752428947
2,3524,0.0024045407256942306
2,3525,0.002414551507096865
2,3526,0.002392547672973851
2,3527,0.0024203550971830137
2,3528,0.0024172406034387727
2,3529,0.0024065664158969317
2,3530,0.002427236644416654
2,3531,0.002410020750468617
2,3532,0.0024068230114777257
2,3533,0.0024171435571441113
2,3534,0.0024394557360203862
2,3535,0.002548761339157563
2,3536,0.0024227398104114443
2,3537,0.002124559135467435
2,3538,0.002142077898045762
2,3539,0.0021473040996110087
2,3540,0.002179095621054831
2,3541,0.0021182838060725723
2,3542,0.002144841690903823
2,3543,0.0022732801524333775
2,3544,0.0022885626641560306
2,3545,0.0017761510058969035
2,3546,0.0022968940360268853
2,3547,0.001760536234567043
2,3548,0.0017677489010997772
2,3549,0.0017674819468390809
2,3550,0.001982299419480888
2,3551,0.0017590607611289593
2,3552,0.0017571841148771182
2,3553,0.0016977189637717442
2,3554,0.0017833802758581213
2,3555,0.002012672125496397
2,3556,0.0021786672880020233
2,3557,0.0022050232826545642
2,3558,0.0021715518873302786
2,3559,0.0020863809340256295
2,3560,0.0022152846240834786
2,3561,0.0022752057323292755
2,3562,0.0023120554112549354
2,3563,0.0023257841878317094
2,3564,0.002334902272495011
2,3565,0.0023461546621862056
2,3566,0.0025050659417539473
2,3567,0.0025361070344778703
2,3568,0.0026263847697576056
2,3569,0.002636421723158053
2,3570,0.001957635816912733
2,3571,0.0018506770944042342
2,3572,0.002665188168414318
2,3573,0.0021647734954956207
2,3574,0.001973114247472843
2,3575,0.002526045293781264
2,3576,0.0021242900883732476
2,3577,0.002107134648700487
2,3578,0.002121601750561745
2,3579,0.001990315461777146
2,3580,0.0020142696102234954
2,3581,0.00253940509856678
2,3582,0.002189631851331052
2,3583,0.0020093026576109584
2,3584,0.00202065158752574
2,3585,0.0025367499679941623
2,3586,0.001952765960670601
2,3587,0.0023989869850424214
2,3588,0.0025142065557175464
2,3589,0.002494751853252481
2,3590,0.0025765354957470515
2,3592,0.002512112102416298
2,3593,0.0026331867701615574
2,3594,0.002530575696139526
2,3595,0.0025135687404230023
2,3596,0.00207320778827366
2,3597,0.0025503378882869732
2,3598,0.0025168567104585757
2,3599,0.0021233628717122334
2,3600,0.002607095702573141
2,3601,0.0025233605778540295
2,3602,0.0020826734463877945
2,3603,0.002128124668634837
2,3604,0.0021187279736871118
2,3605,0.002430175145721271
2,3606,0.0024967191230135495
2,3607,0.0025464485850655956
2,3608,0.0019751631361370407
2,3609,0.0025163438403365745
2,3610,0.0025202286114750297
2,3611,0.0025093500822380484
2,3612,0.0022946907556406397
2,3613,0.0024627595800974906
2,3614,0.002495665128989466
2,3615,0.001969825890640376
2,3616,0.00243692339325548
2,3617,0.0019644523728114247
2,3618,0.0021067094638097666
2,3619,0.0021213907903934437
2,3620,0.0024309531230870263
2,3621,0.0025332529955341037
2,3622,0.001986262405140216
2,3623,0.0019855063247652314
2,3624,0.0020836584309705717
2,3625,0.002461146817488792
2,3626,0.002072290424445781
2,3627,0.0021293626871060163
2,3628,0.0025318121419849356
2,3629,0.002446920755155031
2,3630,0.002109921113516105
2,3631,0.0024287825837657428
2,3632,0.0025583184170346208
2,3633,0.0024423478532170965
2,3634,0.0024485924244619242
2,3635,0.0020625842749214455
2,3636,0.002065920812352064
2,3637,0.002478045756518019
2,3638,0.002440430757551899
2,3639,0.0021992762141900997
2,3640,0.0021033706858859637
2,3641,0.0019453641309085505
2,3642,0.002337046549589511
2,3643,0.0024099730934687793
2,3644,0.0024592965214381987
2,3645,0.0024693096800908975
2,3646,0.0019244279699910623
2,3647,0.002581409867210086
2,3648,0.0025271424902774124
2,3649,0.0020666870173296865
2,3650,0.0019183174285472278
2,3651,0.0024345353796112945
2,3652,0.001983230126447036
2,3653,0.0023285006129706645
2,3654,0.002504345132262409
2,3655,0.0024351986915895265
2,3656,0.00196855008334006
2,3657,0.0020244551262142765
2,3658,0.0020423518860404016
2,3659,0.0019541621700409108
2,3660,0.001976893809907075
2,3661,0.0022001650363071504
2,3662,0.0019930879176497038
2,3663,0.0021737521990358895
2,3664,0.002154508463010944
2,3665,0.002221049968842737
2,3666,0.002224468791425165
2,3667,0.0019952681461475118
2,3668,0.00175001806698142
2,3669,0.001973900074942743
2,3670,0.0019530200554179274
2,3671,0.0019538632509174267
2,3672,0.0022498397536347614
2,3673,0.0020996659402099053
2,3674,0.002263530233975569
2,3675,0.0023357442813951293
2,3676,0.0020119574396208735
2,3677,0.0023548062451487235
2,3678,0.002483192486871402
2,3679,0.0025243398148262408
2,3680,0.0019312445704366718
2,3681,0.0024929954263691215
2,3682,0.0025289196127256516
2,3683,0.00214770545044933
2,3684,0.002056235533189735
2,3685,0.002454869753540762
2,3686,0.0024594943960919496
2,3687,0.0020930738184994475
2,3688,0.002480729129289303
2,3689,0.0025341019406092164
2,3690,0.002500844274430558
2,3691,0.0025193023954478526
2,3692,0.0025299381164572044
2,3693,0.002492701923372252
2,3694,0.0019492987496827806
2,3695,0.002583306358235867
2,3696,0.0024451898004833337
2,3697,0.0024733842766000336
2,3698,0.0024350734815867373
2,3699,0.002514593208256255
2,3700,0.0025634458499041502
2,3701,0.0024778678565789054
2,3702,0.0024552387988429412
2,3703,0.00244415415644457
2,3704,0.0018445505038894188
2,3705,0.0024005893934149706
2,3706,0.0025021888296135222
2,3707,0.002436593231964511
2,3708,0.0024337398215653495
2,3709,0.0028351255640651062
2,3710,0.0026366838521913087
2,3711,0.0026236548320265206
2,3712,0.0026870743130060835
2,3713,0.002882756179279831
2,3714,0.0028170301015463138
2,3715,0.001821466228509009
2,3716,0.0028955138953599387
2,3717,0.002959444865813218
2,3718,0.0028664056478041947
2,3719,0.0028893078977513596
2,3720,0.0024800436898454706
2,3721,0.0024880328723989906
2,3722,0.0024997457286875485
2,3723,0.0025475879166337347
2,3724,0.0028459109079909247
2,3725,0.0024771455015057185
2,3727,0.0028756315627471115
2,3728,0.0024642903877632482
2,3729,0.0024628686119326174
2,3730,0.002829493247617833
2,3731,0.0024514551427581147
2,3733,0.0029478838773642885
2,3734,0.002913693464052939
2,3735,0.002953638303746318
2,3736,0.00283684655856737
2,3737,0.0025677886855960284
2,3738,0.00222974912219599
2,3739,0.0023659178915936695
2,3740,0.0024432576935741086
2,3741,0.002421131905607169
2,3742,0.0024197941226254487
2,3743,0.00200669675796225
2,3744,0.001997262610047202
2,3745,0.002002059572156883
2,3746,0.002481792565601137
2,3747,0.0024655846683509777
2,3748,0.002489498497040613
2,3749,0.002491898560285801
2,3750,0.002550467069539058
2,3751,0.0025329958486234793
2,3752,0.002278594145031487
2,3753,0.0023275749431722944
2,3754,0.002315508350585036
2,3755,0.002330353317376912
2,3756,0.0023660742065984264
2,3757,0.002478176682059079
2,3758,0.002526289327991047
2,3759,0.002525368096182556
2,3760,0.002512728212453798
2,3761,0.002464077701158487
2,3762,0.002885785329296236
2,3763,0.0027604447577242604
2,3764,0.002757361355666839
2,3765,0.0019071338557124827
2,3766,0.0020305944324222574
2,3767,0.0024557545896393205
2,3768,0.0025174052580264204
2,3769,0.0025144335297300293
2,3770,0.0028356103382548444
2,3771,0.0028701518421535436
2,3772,0.0024943560072204483
2,3773,0.0024914177247811623
2,3775,0.002829792374706905
2,3776,0.002598291062918153
2,3777,0.002666858897330559
2,3778,0.0026466774515810595
2,3779,0.002291365950344411
2,3780,0.0022873887440247676
2,3781,0.0022894179192804987
2,3782,0.0023312296455665865
2,3783,0.0023535747034034212
2,3784,0.0024130958007932924
2,3785,0.00241674116529778
2,3786,0.0024073037730142867
2,3787,0.001918649303874316
2,3788,0.0024636168070833885
2,3789,0.0024513655397390465
2,3790,0.0025161812309196932
2,3791,0.00244527941931739
2,3792,0.002417728702877002
2,3793,0.0024539494623276145
2,3794,0.002472518816130559
2,3795,0.002498527956594883
2,3796,0.002621284404537814
2,3797,0.0028198183338548157
2,3798,0.0020928393975219698
2,3799,0.0024560871847771515
2,3800,0.0020625529595206388
2,3801,0.002162649852844387
2,3802,0.002474398556240761
2,3803,0.002971660065851
2,3804,0.0019443051156896687
2,3805,0.0019031919906512173
2,3806,0.0029531016843639723
2,3807,0.0027735791273623923
2,3808,0.002760243470685414
2,3809,0.002456693381885579
2,3810,0.002473602761902515
2,3811,0.002507853197074209
2,3812,0.002468393904426206
2,3813,0.002502222708083864
2,3814,0.002504079081317206
2,3815,0.002951081829652618
2,3816,0.0018841866413246825
2,3817,0.0018847891242180525
2,3818,0.0029214836516213353
2,3819,0.002810717671271588
2,3820,0.00289415774277325
2,3821,0.0028997556386105602
2,3822,0.0028646340421926574
2,3823,0.0026908536260559952
2,3824,0.002823663753426119
2,3825,0.002864118275020687
2,3826,0.0029009313760744813
2,3827,0.0027754742194837
2,3828,0.002403151065407562
2,3829,0.0020645659996044027
2,3830,0.002492099199343794
2,3831,0.001961226913087339
2,3832,0.0024558299269050446
2,3833,0.0018626747260354476
2,3834,0.00300273885428206
2,3835,0.0019254888954737127
2,3836,0.0025639356378618764
2,3837,0.0025743533109589623
2,3838,0.0020815805748613104
2,3839,0.0020309315102892515
2,3840,0.002033521804787696
2,3841,0.0020056482685299128
2,3842,0.002058371637525134
2,3843,0.0024096272121615506
2,3844,0.0024042567338285977
2,3845,0.0017751134238802725
2,3846,0.001776117008643752
2,3847,0.002508660092456332
2,3848,0.0027082918024751972
2,3849,0.0027589764967897883
2,3850,0.002909921600593114
2,3851,0.002494125638795789
2,3852,0.002592277893660705
2,3853,0.0019232610821044822
2,3854,0.0026643616243656513
2,3855,0.0018762190295674673
2,3856,0.0028404236124180736
2,3857,0.001855385813864015
2,3858,0.0018146433742149855
2,3859,0.0018217484554528599
2,3860,0.0018312513743558103
2,3861,0.0026850234564958298
2,3862,0.002704397063334447
2,3863,0.002900502610505948
2,3864,0.0028394997720476833
2,3865,0.002949107978337918
2,3866,0.0018936039236578473
2,3867,0.0029482936242257564
2,3868,0.0019488423900790794
2,3869,0.0018889323738651071
2,3870,0.00198107463617716
2,3871,0.001978808040378999
2,3872,0.002037717683529654
2,3873,0.0020418428875947706
2,3874,0.002535649968210073
2,3875,0.002516115385641666
2,3876,0.0026178289615476614
2,3877,0.0026166287380994923
2,3878,0.0018863832672218683
2,3879,0.0018616137245716768
2,3880,0.002719706492542319
2,3947,0.002499346529457993
3,3507,0.002324439844472292
3,3508,0.002083408314746086
3,3509,0.0021030948787120756
3,3510,0.002100878520473637
3,3511,0.002100130590812008
3,3512,0.0020974959021062413
3,3513,0.002104751853814622
3,3514,0.002153838405485621
3,3515,0.002790003971719501
3,3516,0.002831114907922272
3,3517,0.0027125140573365076
3,3518,0.002706050755792567
3,3519,0.0025974543166308026
3,3520,0.0028772526984146576
3,3521,0.0027228877231886884
3,3522,0.0026787712043743615
3,3523,0.0026787239670899173
3,3524,0.0026751688419282592
3,3525,0.0026730839805463266
3,3526,0.002578831465573168
3,3527,0.0026589268414266075
3,3528,0.002628534773181604
3,3529,0.002645395988473771
3,3530,0.0026311348785183738
3,3531,0.002638813607514994
3,3532,0.0026469525248522525
3,3533,0.0027070314043012907
3,3534,0.0026742671482317313
3,3535,0.002680252436793548
3,3536,0.002578692073877245
3,3537,0.0023500993699739846
3,3538,0.002375507172216014
3,3539,0.002399560072893044
3,3540,0.002398172109852448
3,3541,0.0023683982500338346
3,3542,0.002381338435588045
3,3543,0.0021000366962237267
3,3544,0.0020942290930910743
3,3545,0.0017617882545932022
3,3546,0.002079092233061626
3,3547,0.001731039871615457
3,3548,0.0017325602168579786
3,3549,0.0017319595789687104
3,3550,0.0018892517117204953
3,3551,0.001719275577624859
3,3552,0.001718087882532673
3,3553,0.0016808907482656504
3,3554,0.0017002986747617422
3,3555,0.001840108076829508
3,3556,0.0023849918709697177
3,3557,0.001901379970131208
3,3558,0.0018843244730578014
3,3559,0.0018452288606047903
3,3560,0.0018980514409120592
3,3561,0.002375197016037166
3,3562,0.002346791008490422
3,3563,0.0023303841438317404
3,3564,0.002325987160601496
3,3565,0.0023036126685195713
3,3566,0.002426387709090236
3,3567,0.0024648779904784704
3,3568,0.002496848848348158
3,3569,0.0026177399752853677
3,3570,0.00171611182712458
3,3571,0.0017106735147492589
3,3572,0.002552379352423798
3,3573,0.0019328880745480307
3,3574,0.00173047479666917
3,3575,0.002436801815387802
3,3576,0.0019345838998261785
3,3577,0.0018489426297025238
3,3578,0.0018834107928369574
3,3579,0.001724077014319227
3,3580,0.0017927401955743585
3,3581,0.002478027649640161
3,3582,0.0019320950099055148
3,3583,0.0018446081826357036
3,3584,0.0018537045328724626
3,3585,0.002518476459858363
3,3586,0.001818712441204304
3,3587,0.0023145872729225282
3,3588,0.0024719596986794647
3,3589,0.0024851220607855695
3,3590,0.0024882481764941923
3,3592,0.0025067098077859963
3,3593,0.0024996765176085677
3,3594,0.002505224998113825
3,3595,0.0024860449926612438
3,3596,0.0018437470616451486
3,3597,0.0025260091039878015
3,3598,0.002503241111171135
3,3599,0.001917833277664854
3,3600,0.0025946001378680055
3,3601,0.0025185759774598872
3,3602,0.0018486692632196681
3,3603,0.0018819779974645326
3,3604,0.0018675704967946749
3,3605,0.002404502797638762
3,3606,0.002500315905524632
3,3607,0.0025174542084424843
3,3608,0.0017574539776874412
3,3609,0.0025092842938852842
3,3610,0.002488020424779048
3,3611,0.002522581661574841
3,3612,0.00232346173449667
3,3613,0.0025298427857150287
3,3614,0.0025539702430440623
3,3615,0.0017526448486856923
3,3616,0.002462765739256603
3,3617,0.00173197044125089
3,3618,0.001818518363209541
3,3619,0.0018947079368631934
3,3620,0.0024762050152524672
3,3621,0.002520892899342153
3,3622,0.0018315908610631148
3,3623,0.0018236495716132185
3,3624,0.0018367773102090181
3,3625,0.0024919249053965047
3,3626,0.0019251707419369736
3,3627,0.001929927215543376
3,3628,0.0025137461048608998
3,3629,0.002447009409430838
3,3630,0.0018425216236744053
3,3631,0.0024044214664100654
3,3632,0.0025524983849913394
3,3633,0.002423989698279156
3,3634,0.002418493875971916
3,3635,0.0019268495210683515
3,3636,0.0019191298854638193
3,3637,0.0025051224545118897
3,3638,0.0024874405470229222
3,3639,0.002368924162856871
3,3640,0.0018514607887441332
3,3641,0.0017580358038006892
3,3642,0.002448119717867537
3,3643,0.002481472185361452
3,3644,0.0025045144099975604
3,3645,0.002514327903202567
3,3646,0.0017240013657144316
3,3647,0.0025196905908151713
3,3648,0.0025100586918174786
3,3649,0.0019053368419482952
3,3650,0.0017399199360009388
3,3651,0.0025058646611506898
3,3652,0.0018524589471835616
3,3653,0.002445339573559548
3,3654,0.0024929646192220728
3,3655,0.0020126299133232223
3,3656,0.0017721387576445844
3,3657,0.0018012312299672821
3,3658,0.0018612830098017406
3,3659,0.0018461914110839619
3,3660,0.0018097625901360552
3,3661,0.002012201466591757
3,3662,0.0017883775170566777
3,3663,0.002378607873612996
3,3664,0.0023805011434035973
3,3665,0.0023790444397273295
3,3666,0.0023796734036424278
3,3667,0.001892422753022694
3,3668,0.0016961246226481841
3,3669,0.0018486290588594697
3,3670,0.001832260051280958
3,3671,0.001827490311816675
3,3672,0.0023594273029790207
3,3673,0.0019228478234982807
3,3674,0.0023161788273094405
3,3675,0.0023017224211982247
3,3676,0.0018987916668994852
3,3677,0.002308194956523751
3,3678,0.0025082272067851437
3,3679,0.0025461899876858315
3,3680,0.0018205744756777844
3,3681,0.002536665215411881
3,3682,0.0025327708520469392
3,3683,0.0019332413131512359
3,3684,0.0018371408729133086
3,3685,0.002514608535297463
3,3686,0.0024926075885373824
3,3687,0.00184220511109257
3,3688,0.0025279236986909784
3,3689,0.0025291767644090883
3,3690,0.002516344940773619
3,3691,0.0025121859366047422
3,3692,0.002517027852279771
3,3693,0.0025224029351683403
3,3694,0.0017072180254833122
3,3695,0.002558777568656887
3,3696,0.002523077248145976
3,3697,0.00250429869848305
3,3698,0.002519577442916226
3,3699,0.002541170189871252
3,3700,0.002493114366141972
3,3701,0.0024562228107470182
3,3702,0.002446578115355459
3,3703,0.0025027371763552317
3,3704,0.0017239237068826718
3,3705,0.002464817034721386
3,3706,0.002489668372490418
3,3707,0.0024452076150326477
3,3708,0.0025195557235382663
3,3709,0.002887718093970629
3,3710,0.0027723165839521067
3,3711,0.0027729889913166487
3,3712,0.0028030994265974933
3,3713,0.0029288856273985875
3,3714,0.0028626372657553295
3,3715,0.0017176548309781818
3,3716,0.0027997694640148943
3,3717,0.0028571398327370276
3,3718,0.0027876495974391334
3,3719,0.0029719177332850934
3,3720,0.002533019343620082
3,3721,0.0025177763801273287
3,3722,0.002520153989980422
3,3723,0.002505095744018659
3,3724,0.0029009106171991907
3,3725,0.002579704585954568
3,3727,0.002896641313311262
3,3728,0.002558738776798494
3,3729,0.002557010135198829
3,3730,0.0029118038454993365
3,3731,0.002422026377646416
3,3733,0.002950324288112739
3,3734,0.0029134048439043467
3,3735,0.0029541523799603508
3,3736,0.002882518578129988
3,3737,0.0026187839822971277
3,3738,0.002354764728044642
3,3739,0.002445067815909851
3,3740,0.002420713695346569
3,3741,0.0024560002366649683
3,3742,0.0024621649135944386
3,3743,0.0018252316816190022
3,3744,0.0018245055427581673
3,3745,0.0018035834614089756
3,3746,0.0025052230638358095
3,3747,0.002500883324532839
3,3748,0.0025020291724937066
3,3749,0.002487834082428446
3,3750,0.002513353145784795
3,3751,0.0025323954499645376
3,3752,0.002368829845780825
3,3753,0.0024138939225344905
3,3754,0.002328943676708834
3,3755,0.0023351802816386456
3,3756,0.002323165237579121
3,3757,0.0023847939606870014
3,3758,0.0025074026371347175
3,3759,0.0025403223899309805
3,3760,0.0025401848777016397
3,3761,0.0024482890952870896
3,3762,0.0028697654208226083
3,3763,0.0028374545446839677
3,3764,0.002901061201421676
3,3765,0.0018272827746896063
3,3766,0.0018378352915511419
3,3767,0.002506381170035115
3,3768,0.0025725822860421786
3,3769,0.0025617547771987384
3,3770,0.0028659692160087065
3,3771,0.0029311436154426844
3,3772,0.0025523649230478392
3,3773,0.0025768874658956284
3,3775,0.0028635761692081063
3,3776,0.0026653726429308753
3,3777,0.002728500375010206
3,3778,0.0027912944863920063
3,3779,0.002413578731285493
3,3780,0.002424741820252579
3,3781,0.002424787495226864
3,3782,0.002443439026071047
3,3783,0.0024674168138213576
3,3784,0.002531664581482447
3,3785,0.002581894452861751
3,3786,0.0024851361831303913
3,3787,0.001751423399247709
3,3788,0.0024890953421552457
3,3789,0.0024742899669280773
3,3790,0.002508459517194976
3,3791,0.002555118771089175
3,3792,0.0025556825705380865
3,3793,0.0024771678578693218
3,3794,0.002424744131408054
3,3795,0.0025777806209810105
3,3796,0.002760244189434383
3,3797,0.0029118693961240542
3,3798,0.0018585603160407385
3,3799,0.0026067782775736955
3,3800,0.0018526838657202667
3,3801,0.0019768244536257184
3,3802,0.0025444578526780826
3,3803,0.0029500865388321475
3,3804,0.0017194046808716341
3,3805,0.0017218798938738174
3,3806,0.0030746871981302388
3,3807,0.0028765494933510436
3,3808,0.00288903212342055
3,3809,0.0025773408870194093
3,3810,0.002580447906705746
3,3811,0.002480148620194378
3,3812,0.0025593866026139777
3,3813,0.002566221483132256
3,3814,0.002560057487572088
3,3815,0.0028876184665403482
3,3816,0.0017137054315614548
3,3817,0.0017086435969609767
3,3818,0.0031463751230705306
3,3819,0.0031626465667959555
3,3820,0.003028511819866323
3,3821,0.003166956903752133
3,3822,0.003149717807277531
3,3823,0.003096703081341475
3,3824,0.0031505818760521305
3,3825,0.0031313642814092724
3,3826,0.0029992726995887726
3,3827,0.003010349992672394
3,3828,0.002520163505911017
3,3829,0.0018482277249215519
3,3830,0.002574535184079068
3,3831,0.00172298096656943
3,3832,0.002522235324456901
3,3833,0.0017598539814670689
3,3834,0.003178944718567244
3,3835,0.0018866884277782196
3,3836,0.0028736772888279254
3,3837,0.0028641870107633497
3,3838,0.001974298046201688
3,3839,0.0018643862155094534
3,3840,0.0018675890644470241
3,3841,0.0018627961552973808
3,3842,0.0019051452249206273
3,3843,0.002714899869272805
3,3844,0.0025763376674654776
3,3845,0.0017387942046436938
3,3846,0.001736239750285703
3,3847,0.002875011559778303
3,3848,0.0031395626880318934
3,3849,0.003112125185735018
3,3850,0.003140986354586868
3,3851,0.0026796770380963946
3,3852,0.0028133729317366286
3,3853,0.0018429880058670196
3,3854,0.0029558828474279685
3,3855,0.001812531514808076
3,3856,0.003108267757573655
3,3857,0.0017670556371361377
3,3858,0.0017726026321645723
3,3859,0.0017781355193479571
3,3860,0.0017942489050524907
3,3861,0.0030178444481915212
3,3862,0.0030289634615406126
3,3863,0.003190420689858262
3,3864,0.0031445543778252667
3,3865,0.0031546007825309043
3,3866,0.0018098778014706918
3,3867,0.003175097402293797
3,3868,0.0018736148133583462
3,3869,0.0017878286012660766
3,3870,0.0019144754504532686
3,3871,0.0019161489393742764
3,3872,0.001977113702023112
3,3873,0.0019790841251059307
3,3874,0.002881134022376429
3,3875,0.0028781620046119767
3,3876,0.0029696604925872035
3,3877,0.0029683049221035417
3,3878,0.001807398381446137
3,3879,0.001787769666856251
3,3880,0.00290023409275125
3,3947,0.0025272205186658665
4,3507,0.002263921061188732
4,3508,0.0019985316457330053
4,3509,0.0020200366400009917
4,3510,0.0020156225752061218
4,3511,0.0020221177409385396
4,3512,0.002020977979721776
4,3513,0.0020371924776158615
4,3514,0.0020946649945093373
4,3515,0.002766234496654905
4,3516,0.0027498095503044424
4,3517,0.002740183341865514
4,3518,0.002758576559276523
4,3519,0.0027785927590857156
4,3520,0.003075578398707708
4,3521,0.002770037058561041
4,3522,0.002672363265202595
4,3523,0.0027481345050356155
4,3524,0.0027376575671786488
4,3525,0.0026571625936633197
4,3526,0.0026579948838302684
4,3527,0.0026135232968267073
4,3528,0.0026358513072961298
4,3529,0.002607316979011383
4,3530,0.0025945571423937165
4,3531,0.0026883062652453714
4,3532,0.002694007433904516
4,3533,0.0027026885395822044
4,3534,0.0027037487006823036
4,3535,0.0026970166481249634
4,3536,0.0025976216812039965
4,3537,0.0024510197586226287
4,3538,0.002460115758644636
4,3539,0.002440645655094666
4,3540,0.002442864813433851
4,3541,0.0024042151675664246
4,3542,0.002470029975242823
4,3543,0.0020055518565481665
4,3544,0.0019983872638284082
4,3545,0.0017078941410356217
4,3546,0.001995118841392855
4,3547,0.0017172312941246546
4,3548,0.0017138089447150213
4,3549,0.001711972611384712
4,3550,0.0018548506163275078
4,3551,0.0016956385473447337
4,3552,0.001708162335081603
4,3553,0.0016651980917416031
4,3554,0.0016995717019668726
4,3555,0.0018128385655963202
4,3556,0.0024607913834720787
4,3557,0.0019169736817820178
4,3558,0.001891533824280951
4,3559,0.0018346998506912214
4,3560,0.0018909442092411265
4,3561,0.002364565386272039
4,3562,0.002349953477416408
4,3563,0.002369542201381329
4,3564,0.002370578988486249
4,3565,0.002357800135846354
4,3566,0.002401738295175745
4,3567,0.0024279646621629186
4,3568,0.0023767713153895823
4,3569,0.002413921069033747
4,3570,0.0016814619749850282
4,3571,0.0016136763523628642
4,3572,0.0025205351324187656
4,3573,0.001873153447593834
4,3574,0.0017368320074684848
4,3575,0.0024514729254004725
4,3576,0.0018928198124210276
4,3577,0.0017912631262714399
4,3578,0.0018215209673666354
4,3579,0.0016953606450628266
4,3580,0.0017636183499508773
4,3581,0.002561190060760239
4,3582,0.0018877018613920808
4,3583,0.0018091337107297473
4,3584,0.0017941972898433709
4,3585,0.002552546057516704
4,3586,0.0017900357789363693
4,3587,0.0024552012770969645
4,3588,0.002559412278519729
4,3589,0.0025308174754388245
4,3590,0.002534541119577979
4,3592,0.0026186912832400454
4,3593,0.0026434177451940795
4,3594,0.0025844913327609477
4,3595,0.00251409799961379
4,3596,0.0017847420431749473
4,3597,0.002587925770033595
4,3598,0.0025288555358049503
4,3599,0.0018467044817354528
4,3600,0.002507061818333754
4,3601,0.0025681685008156693
4,3602,0.0017969013747497285
4,3603,0.0018196018456378947
4,3604,0.0017963828413518318
4,3605,0.0025070104388873393
4,3606,0.0026984522506391263
4,3607,0.002688039870164394
4,3608,0.0017115238458132462
4,3609,0.0026965123029103963
4,3610,0.0026679742179414674
4,3611,0.0025811231746633925
4,3612,0.0024096756860308285
4,3613,0.0026954563756723168
4,3614,0.0026606703609879825
4,3615,0.0017305452664116631
4,3616,0.002661923222469972
4,3617,0.0016487423504039742
4,3618,0.0017530407895686492
4,3619,0.0018123181319758613
4,3620,0.002607273954487217
4,3621,0.0025904490606931
4,3622,0.0017629274844296135
4,3623,0.00178035031346596
4,3624,0.0017723145441914296
4,3625,0.0026970096726412394
4,3626,0.0018573702516575276
4,3627,0.0018587594911484552
4,3628,0.0026809061608453486
4,3629,0.002568349140093447
4,3630,0.0017809018186975961
4,3631,0.0024419995143666823
4,3632,0.002555525977275557
4,3633,0.0025555989865745565
4,3634,0.0024500474367591518
4,3635,0.0018375833503151162
4,3636,0.0018520841428685357
4,3637,0.0025966604823945707
4,3638,0.0025911256762994024
4,3639,0.002552375830182814
4,3640,0.001835388564157995
4,3641,0.0017258780346849825
4,3642,0.0025136657437801703
4,3643,0.0025543187506698564
4,3644,0.002505328853119995
4,3645,0.0025280358072465067
4,3646,0.0016486938226880044
4,3647,0.0025926573801818816
4,3648,0.0025946239379071017
4,3649,0.0018435387709601874
4,3650,0.001636482315260159
4,3651,0.002557419449184969
4,3652,0.0018199158053334868
4,3653,0.00252221372291019
4,3654,0.0024698356758285954
4,3655,0.002343877232496868
4,3656,0.0017407053754941203
4,3657,0.001734916198620258
4,3658,0.001770244424577553
4,3659,0.001787484181320602
4,3660,0.0017215828337384938
4,3661,0.00199579272381812
4,3662,0.0017002913372696534
4,3663,0.0025194060330608267
4,3664,0.0023879680514166638
4,3665,0.002317123703904092
4,3666,0.002317888144338633
4,3667,0.0018542644732664959
4,3668,0.00166076996041033
4,3669,0.0017781686220164168
4,3670,0.0017742412961916632
4,3671,0.001790952325946334
4,3672,0.002348812218243391
4,3673,0.0018286048522529825
4,3674,0.0023580516276258522
4,3675,0.0023770211013468137
4,3676,0.0018414627997080488
4,3677,0.0023909038389006133
4,3678,0.002524205274434983
4,3679,0.002583647953431928
4,3680,0.0017492226772443586
4,3681,0.0025851540672281272
4,3682,0.00256339758835395
4,3683,0.0018466918437049008
4,3684,0.0017479958484241654
4,3685,0.002531502468055769
4,3686,0.0025591317455010464
4,3687,0.0017644345775653736
4,3688,0.002639892304551011
4,3689,0.0025797311016685725
4,3690,0.002624502165176219
4,3691,0.002613769022998835
4,3692,0.0025784034308838346
4,3693,0.002541973774875315
4,3694,0.0016565244266844865
4,3695,0.002640261321774355
4,3696,0.002530054856088737
4,3697,0.00270953151755396
4,3698,0.0026534601569105473
4,3699,0.0026614276346659197
4,3700,0.0026818281153393373
4,3701,0.002641971683169905
4,3702,0.002740785207759123
4,3703,0.0026528944968271548
4,3704,0.0016515491340385491
4,3705,0.00262987891513782
4,3706,0.0025531904184621346
4,3707,0.0026432331674966594
4,3708,0.0027296282484123436
4,3709,0.0029950662301119306
4,3710,0.002831372507764006
4,3711,0.0028308451813651146
4,3712,0.0028847799341626306
4,3713,0.003116909464025608
4,3714,0.0029871603727360083
4,3715,0.001622184943208959
4,3716,0.0029092203516751566
4,3717,0.003021651669825162
4,3718,0.003046181309555879
4,3719,0.00301973418266141
4,3720,0.002745963152811301
4,3721,0.002584340930294574
4,3722,0.0025851746992222938
4,3723,0.002802613353126379
4,3724,0.003079430080420884
4,3725,0.0028121428810960634
4,3727,0.0030695816916189453
4,3728,0.002823309465324597
4,3729,0.002871659800884999
4,3730,0.0030026621791153793
4,3731,0.002596253012927316
4,3733,0.0031713540408097973
4,3734,0.002948713333346096
4,3735,0.0031637985871173905
4,3736,0.003017574417170989
4,3737,0.002615583031810489
4,3738,0.0023661989757228392
4,3739,0.002600122602247671
4,3740,0.002509472489736014
4,3741,0.0025811679946718537
4,3742,0.002596196678951127
4,3743,0.0017094013252537963
4,3744,0.0016931047382751905
4,3745,0.001695610708736342
4,3746,0.0026435434878459333
4,3747,0.002546215676914742
4,3748,0.0027163079980156214
4,3749,0.0026168644091643855
4,3750,0.0026480853571236133
4,3751,0.0026810836685390266
4,3752,0.002494610405253856
4,3753,0.00246825639454063
4,3754,0.002430529386992517
4,3755,0.002429192571237462
4,3756,0.0023431325155632843
4,3757,0.002455665901592381
4,3758,0.0025293974283563175
4,3759,0.0025614364348649854
4,3760,0.0026560123489377803
4,3761,0.0026219454042282577
4,3762,0.0030559652903033698
4,3763,0.002930695642609114
4,3764,0.002914536846265513
4,3765,0.0016780391991035122
4,3766,0.0017446077510793793
4,3767,0.0027014600897428726
4,3768,0.0027144688116182893
4,3769,0.002766825082448001
4,3770,0.0030684675311084186
4,3771,0.003123102808846111
4,3772,0.0027118726204318332
4,3773,0.0026764054043660022
4,3775,0.0031512229757563923
4,3776,0.002845657830898844
4,3777,0.0027751987218278323
4,3778,0.002817127291991613
4,3779,0.0025730002746768344
4,3780,0.002667534140005153
4,3781,0.0026709599502122514
4,3782,0.0026110813068215936
4,3783,0.002615044055269097
4,3784,0.002693423687641808
4,3785,0.0026748932753810533
4,3786,0.002565452182673242
4,3787,0.0016644831493346276
4,3788,0.002627061443713852
4,3789,0.0025141221846539724
4,3790,0.002562338902882622
4,3791,0.0027591903342564436
4,3792,0.0026609780259344864
4,3793,0.0025344090416043403
4,3794,0.0026402005344264424
4,3795,0.0027827647483336412
4,3796,0.0028622566506584213
4,3797,0.0030118321433504447
4,3798,0.001752454074674532
4,3799,0.002787665660394444
4,3800,0.0017403421821362314
4,3801,0.0018701916582959397
4,3802,0.002771710539121517
4,3803,0.0031279080154077597
4,3804,0.001666095381922234
4,3805,0.0016421679904676436
4,3806,0.003194331949191487
4,3807,0.0029959401051957643
4,3808,0.0029562564313448027
4,3809,0.0027090229046952304
4,3810,0.0026879036111187014
4,3811,0.0026467167146757477
4,3812,0.0027221989973084657
4,3813,0.0027556931872413453
4,3814,0.002782311854257907
4,3815,0.003084383861475691
4,3816,0.0016414811545167312
4,3817,0.0016399454701724234
4,3818,0.0031838889172889763
4,3819,0.0031392853598165354
4,3820,0.0030531846481465607
4,3821,0.0032319510292687023
4,3822,0.0032268190907756337
4,3823,0.00304768991049307
4,3824,0.0030612806483334225
4,3825,0.003087605667418455
4,3826,0.003059286230656354
4,3827,0.003043787065898231
4,3828,0.00276354429506139
4,3829,0.0017369254048678544
4,3830,0.0026970795491856664
4,3831,0.0016405638056898517
4,3832,0.002882082389923507
4,3833,0.0017310299714897374
4,3834,0.0031790715450725144
4,3835,0.0017926759669903696
4,3836,0.0031635713524834222
4,3837,0.00315110837472087
4,3838,0.0018527847619205162
4,3839,0.0017751296622999537
4,3840,0.0017737021541679608
4,3841,0.0017993465491670233
4,3842,0.0018561511833037395
4,3843,0.0028047656638898097
4,3844,0.0028382177999124346
4,3845,0.0017075879097621055
4,3846,0.0017107989080917018
4,3847,0.002957384294900624
4,3848,0.0031008150165620814
4,3849,0.0031022378863090005
4,3850,0.003090810404536763
4,3851,0.0028601765770781815
4,3852,0.0029262671688347333
4,3853,0.0018213985265786328
4,3854,0.0031158559253932107
4,3855,0.0017530284964899561
4,3856,0.0032622390199876653
4,3857,0.0017358789960705491
4,3858,0.0017583719371233788
4,3859,0.0017394128875122543
4,3860,0.0017835987936912158
4,3861,0.0031308021182813077
4,3862,0.0031254040593265025
4,3863,0.0033034060908108277
4,3864,0.003267355685549556
4,3865,0.003279691977930937
4,3866,0.0017488266276711607
4,3867,0.0033445575360621
4,3868,0.0018332824055053677
4,3869,0.0017861783663176705
4,3870,0.0018667237632522754
4,3871,0.001867271961719121
4,3872,0.001961793896463725
4,3873,0.0019505872810570684
4,3874,0.0030509281191703074
4,3875,0.003013287597495242
4,3876,0.003178247476037249
4,3877,0.00314743473740736
4,3878,0.0017597821647601063
4,3879,0.001732709123111755
4,3880,0.0032513764354882213
4,3947,0.002787365988778525
5,3507,0.002501569198813409
5,3508,0.002354828333617984
5,3509,0.002366100417839676
5,3510,0.002367094966999071
5,3511,0.00236753897865128
5,3512,0.0023658873402205055
5,3513,0.002381152885205226
5,3514,0.002391615391465009
5,3515,0.0022938801556212692
5,3516,0.0024098073269023476
5,3517,0.0025079956452121344
5,3518,0.0026179266909789646
5,3519,0.002646189041276325
5,3520,0.0028990266253630255
5,3521,0.0027395769071440587
5,3522,0.0025768667567744805
5,3523,0.0026514542317145674
5,3524,0.002606268328663823
5,3525,0.002604062967445151
5,3526,0.002711531551495655
5,3527,0.002559479267408529
5,3528,0.002552958871886636
5,3529,0.002497437683179346
5,3530,0.00247604410186571
5,3531,0.0024777652892034926
5,3532,0.0025116287155739193
5,3533,0.0024373586835879095
5,3534,0.0024268138994893705
5,3535,0.0023570127792510985
5,3536,0.002389126124033823
5,3537,0.0021141375311449434
5,3538,0.002097573358935413
5,3539,0.002089842258166051
5,3540,0.0020951034860758307
5,3541,0.0020728157257607497
5,3542,0.0022111118827930717
5,3543,0.0022483424637896867
5,3544,0.002237663715728541
5,3545,0.0017970547469365946
5,3546,0.00220618098839474
5,3547,0.0016459765876765005
5,3548,0.0016545743039880474
5,3549,0.0016544697683995588
5,3550,0.0019126782933109115
5,3551,0.0015927864384528685
5,3552,0.0016071442731701953
5,3553,0.001563389952240209
5,3554,0.0015977232396610617
5,3555,0.0018419558990327395
5,3556,0.002046485864631588
5,3557,0.0020278369576348276
5,3558,0.0019863690187720546
5,3559,0.0019113736534760212
5,3560,0.0020236506370382296
5,3561,0.0019584571106397975
5,3562,0.0015994698636566712
5,3563,0.0015789604035354723
5,3564,0.0015650041104497353
5,3565,0.0015842651126838948
5,3566,0.0017452655238488837
5,3567,0.0017644773109471012
5,3568,0.0018629116056904556
5,3569,0.0018951879290236282
5,3570,0.0015683254247293385
5,3571,0.0015066159209111579
5,3572,0.0019474203229080359
5,3573,0.0016985523036756093
5,3574,0.0017226047634909117
5,3575,0.00177105938727312
5,3576,0.0017868328971625753
5,3577,0.001777444095454487
5,3578,0.0019092725472313998
5,3579,0.001603355326709559
5,3580,0.001759367624251858
5,3581,0.0017935323010907483
5,3582,0.0017221975649921663
5,3583,0.0018716459054206704
5,3584,0.001701777619896097
5,3585,0.0017175225793787398
5,3586,0.0018049345876158655
5,3587,0.001982487717180336
5,3588,0.0020829750654302887
5,3589,0.0017301965086581141
5,3590,0.0018379594213344744
5,3592,0.0020780359823814798
5,3593,0.0021508750225155116
5,3594,0.002014578355291681
5,3595,0.0017226348924186791
5,3596,0.0018792748308613227
5,3597,0.002026206482905676
5,3598,0.0019809916135146285
5,3599,0.001754168053640757
5,3600,0.0017675471405965257
5,3601,0.001715472743705276
5,3602,0.001901975245418108
5,3603,0.0019481001600778001
5,3604,0.001946839252724856
5,3605,0.002065687307311654
5,3606,0.0023087239488026588
5,3607,0.002251373407955463
5,3608,0.0019125707527123063
5,3609,0.0019935544305981056
5,3610,0.0022268514890123768
5,3611,0.0016684629517541268
5,3612,0.0019422368782854031
5,3613,0.002238803734663473
5,3614,0.0019204262871422323
5,3615,0.0018544514268977032
5,3616,0.002250763821859172
5,3617,0.001824367472502061
5,3618,0.001998804035332892
5,3619,0.0016157346629958852
5,3620,0.0019145996636116488
5,3621,0.0017547308546597563
5,3622,0.001832735495259221
5,3623,0.001882785838283569
5,3624,0.0019486488644331838
5,3625,0.0020036579296987033
5,3626,0.0019364347457114354
5,3627,0.0016965225006670287
5,3628,0.00179536010909755
5,3629,0.001656237533261194
5,3630,0.0018111917350835062
5,3631,0.0019284760167478552
5,3632,0.0016880725308716822
5,3633,0.0017074743804333208
5,3634,0.0015618230765974198
5,3635,0.0020830870710154214
5,3636,0.0019726795318476963
5,3637,0.0017198772317333442
5,3638,0.0017553399015109567
5,3639,0.0020891656588333707
5,3640,0.0019447681736541437
5,3641,0.0018496796116194258
5,3642,0.001638111724072206
5,3643,0.0016607390882984368
5,3644,0.0015944043065491812
5,3645,0.0016223101943192225
5,3646,0.001558520988300245
5,3647,0.001868476875485853
5,3648,0.0016948561266949757
5,3649,0.0019071708903782166
5,3650,0.0017860592952851388
5,3651,0.0016802490619169815
5,3652,0.0019160514574160306
5,3653,0.0019487552697972494
5,3654,0.0015629386909918163
5,3655,0.0018922146975305556
5,3656,0.0015855421128443488
5,3657,0.001835374266977701
5,3658,0.0020396521959264425
5,3659,0.0018789519960211729
5,3660,0.0018497761601418404
5,3661,0.0020166364709775547
5,3662,0.002017264057317273
5,3663,0.002245048147324344
5,3664,0.001866473256372823
5,3665,0.001592483150622209
5,3666,0.0015942391118703278
5,3667,0.0017939334655260994
5,3668,0.0015314070129032523
5,3669,0.001756873964539134
5,3670,0.0017345734584665812
5,3671,0.00176728463729121
5,3672,0.0016054218094126247
5,3673,0.0018430641474897927
5,3674,0.0015706687028174868
5,3675,0.0015990409170223323
5,3676,0.0018476851060806555
5,3677,0.001547770588274719
5,3678,0.0017506466543589544
5,3679,0.0017476665553833848
5,3680,0.0017880648566731213
5,3681,0.001688903145775447
5,3682,0.0016665252977776984
5,3683,0.0019441452440918606
5,3684,0.001899787495849683
5,3685,0.0016139918104423534
5,3686,0.001712137379112868
5,3687,0.0019357444173841033
5,3688,0.001795667718955599
5,3689,0.0016903468387819162
5,3690,0.001765137222176217
5,3691,0.0017552177524251952
5,3692,0.0016842200994646103
5,3693,0.0016248991832477598
5,3694,0.001632749801090241
5,3695,0.0019005938941312123
5,3696,0.0016003799192426578
5,3697,0.0023933982662947516
5,3698,0.0023621809417665052
5,3699,0.001871210839577301
5,3700,0.0018382461741623178
5,3701,0.002206375223836614
5,3702,0.002367626731358828
5,3703,0.002154440058463196
5,3704,0.002028398952828024
5,3705,0.002091649254956492
5,3706,0.0017724507315980088
5,3707,0.002221201217268134
5,3708,0.0023486132203903967
5,3709,0.0027380624095494858
5,3710,0.002568202743860952
5,3711,0.0025634753859647033
5,3712,0.0026383057012873304
5,3713,0.002810536759077332
5,3714,0.0028208254551716715
5,3715,0.0019384215673322865
5,3716,0.002570180369310422
5,3717,0.0026379777228437203
5,3718,0.002718088712080261
5,3719,0.0027303467535978983
5,3720,0.002032198577204693
5,3721,0.0016969035468368864
5,3722,0.0017028463083302882
5,3723,0.0023725712871094503
5,3724,0.0027686437688404417
5,3725,0.002444153794152222
5,3727,0.0028374261917364974
5,3728,0.002508783775749753
5,3729,0.0023803266554678344
5,3730,0.0028821988390863034
5,3731,0.0022002904857382957
5,3733,0.002877343657431672
5,3734,0.0027824912158879987
5,3735,0.002935596454283738
5,3736,0.002900120336589106
5,3737,0.0026249436200521748
5,3738,0.002133237841551012
5,3739,0.0022719153284431557
5,3740,0.002233439662624504
5,3741,0.002300470946475474
5,3742,0.002378524332762077
5,3743,0.0020730056154896147
5,3744,0.002129037114030486
5,3745,0.0021284136011391237
5,3746,0.002014285932919767
5,3747,0.0017565327455565456
5,3748,0.0024375674082754897
5,3749,0.002321462212273564
5,3750,0.002341727610695849
5,3751,0.0023454657427661855
5,3752,0.0023196338697759433
5,3753,0.0022940632052850514
5,3754,0.0022068704924560045
5,3755,0.0020487801483272125
5,3756,0.0015304204610373426
5,3757,0.001704926090336107
5,3758,0.0017837855095054539
5,3759,0.0017812760533540135
5,3760,0.001897230781370589
5,3761,0.0022716594386976
5,3762,0.002908988297328526
5,3763,0.0028661620875642334
5,3764,0.002823956870138144
5,3765,0.0019592082995373568
5,3766,0.002092751279019706
5,3767,0.002526950601974216
5,3768,0.0023554495620053428
5,3769,0.002430053967011242
5,3770,0.0029149606323284004
5,3771,0.0029202425639853788
5,3772,0.002433036851461213
5,3773,0.002333962072315762
5,3775,0.0028774495849032476
5,3776,0.0027409145878148394
5,3777,0.0027801218950685427
5,3778,0.0027523344690844127
5,3779,0.002324094455815832
5,3780,0.0023939518043588747
5,3781,0.002368405512844504
5,3782,0.0024427340809828023
5,3783,0.002319753921660639
5,3784,0.0024387374075458762
5,3785,0.0023270661383280166
5,3786,0.0017633512180360294
5,3787,0.0016759959932064372
5,3788,0.0018838454793366354
5,3789,0.0019970977942694737
5,3790,0.0018134034320589833
5,3791,0.002380454256570707
5,3792,0.0022862521975770024
5,3793,0.001740641688528976
5,3794,0.0019866688398900334
5,3795,0.002604741576863391
5,3796,0.0027169851646460896
5,3797,0.002848622743902673
5,3798,0.002144274918919493
5,3799,0.002491601587644002
5,3800,0.0021504348580363266
5,3801,0.0021923526900074525
5,3802,0.0024016371488225596
5,3803,0.00306209345978404
5,3804,0.002027542138069529
5,3805,0.0020526272026237745
5,3806,0.003006488359167158
5,3807,0.002910169536056211
5,3808,0.0027093168325275562
5,3809,0.0024002682301766404
5,3810,0.0023779836515169955
5,3811,0.0020096236990539934
5,3812,0.0020364844621745108
5,3813,0.002347522503083794
5,3814,0.002327415031206676
5,3815,0.002892833423403181
5,3816,0.002039633519843302
5,3817,0.002039671496363322
5,3818,0.002710102664377306
5,3819,0.0026173755759844844
5,3820,0.0026702107162238408
5,3821,0.002709499248960901
5,3822,0.0026761146543579483
5,3823,0.0024306384302832684
5,3824,0.0026633561426402793
5,3825,0.0027537836010463235
5,3826,0.002752427322690566
5,3827,0.00284708302020604
5,3828,0.0023165006313910458
5,3829,0.0020758009462583196
5,3830,0.0022525166316843094
5,3831,0.002077665175193841
5,3832,0.0023285659959799247
5,3833,0.0020136729662896457
5,3834,0.002751120184874082
5,3835,0.0022610988026535096
5,3836,0.002744587147541583
5,3837,0.002727730314064934
5,3838,0.0022040770278458004
5,3839,0.0021711624042754637
5,3840,0.002172632052556029
5,3841,0.0022043678042459767
5,3842,0.0022513518347784256
5,3843,0.0023322450576446175
5,3844,0.0023557823953913293
5,3845,0.0019481654699605453
5,3846,0.0019438014557245158
5,3847,0.00239636797599655
5,3848,0.0026275020701078096
5,3849,0.0027430283352442917
5,3850,0.002692856437132305
5,3851,0.0023767791553807984
5,3852,0.0023419396009905385
5,3853,0.002166671300513247
5,3854,0.002654803372479977
5,3855,0.0021967816806056956
5,3856,0.0027626174020829813
5,3857,0.0020560295678752685
5,3858,0.002061520937122948
5,3859,0.002158712218312735
5,3860,0.002048361753218843
5,3861,0.0026835104586649277
5,3862,0.002760777481287817
5,3863,0.0026051491143221496
5,3864,0.0026495647076042457
5,3865,0.002722342744728168
5,3866,0.0021925090015742377
5,3867,0.0026888266336375683
5,3868,0.0020884866205907794
5,3869,0.0021268108935770104
5,3870,0.0022604054441837784
5,3871,0.00226025364851421
5,3872,0.002281219564425731
5,3873,0.002283472690825977
5,3874,0.002626819245251637
5,3875,0.0025620294882133577
5,3876,0.002722325583715291
5,3877,0.00265994705213825
5,3878,0.0021833128805331652
5,3879,0.0021478337283841863
5,3880,0.00291981470609005
5,3947,0.0021788120225701645
6,3507,0.002351371199490845
6,3508,0.00223082471120999
6,3509,0.002229827877760076
6,3510,0.0022312997884157003
6,3511,0.0022339842709520395
6,3512,0.0022339722409399944
6,3513,0.002254084909374322
6,3514,0.0022800846097139247
6,3515,0.0026241077599754494
6,3516,0.0027080828283204223
6,3517,0.0027934617536597506
6,3518,0.002856554599467575
6,3519,0.002874921305471697
6,3520,0.0030420147972524433
6,3521,0.0029616234341754344
6,3522,0.002995132454093913
6,3523,0.0029934686507766474
6,3524,0.0029931971764420935
6,3525,0.0030148655107860053
6,3526,0.002979507715508423
6,3527,0.0030080320383942412
6,3528,0.003021968712354881
6,3529,0.002940943449884672
6,3530,0.002915990104359648
6,3531,0.0029237359873754885
6,3532,0.002929556433551685
6,3533,0.002902769359032506
6,3534,0.0029181680919578247
6,3535,0.002893380955250504
6,3536,0.002924715253171923
6,3537,0.002592468984465413
6,3538,0.002519417320711777
6,3539,0.0026240444883399083
6,3540,0.002517932003534493
6,3541,0.002607636256703856
6,3542,0.0026161963023667643
6,3543,0.002245210905694819
6,3544,0.0022495054237859986
6,3545,0.0016942842718953503
6,3546,0.002245913315366884
6,3547,0.0016222099611204058
6,3548,0.0016320208424912331
6,3549,0.001632035855177668
6,3550,0.0019142699934861316
6,3551,0.0015955247765013702
6,3552,0.0015914523169645305
6,3553,0.0015588690564199421
6,3554,0.0015879749387603043
6,3555,0.0018767721682976931
6,3556,0.002329681762327562
6,3557,0.002108473033449188
6,3558,0.0020707141152830183
6,3559,0.0019884081858303573
6,3560,0.0021214459823232015
6,3561,0.0022865150526079994
6,3562,0.002293985235291689
6,3563,0.002287028000850357
6,3564,0.002287884727320441
6,3565,0.002315856850946841
6,3566,0.002394438344481349
6,3567,0.002168399278617376
6,3568,0.0022097726483800814
6,3569,0.0021956435444305485
6,3570,0.0015738625437770647
6,3571,0.0015008829775362662
6,3572,0.002215794681345259
6,3573,0.001982466004262833
6,3574,0.0018592638990929382
6,3575,0.0021750813189195905
6,3576,0.0017338385659570112
6,3577,0.001786603204947184
6,3578,0.0017748575147163075
6,3579,0.0015707134378470362
6,3580,0.001914543589949536
6,3581,0.002446888378041946
6,3582,0.0017746494906554736
6,3583,0.0018557757710604592
6,3584,0.0018442361035639187
6,3585,0.002367411993228879
6,3586,0.0018127505289754838
6,3587,0.002338993834132127
6,3588,0.002368132597725425
6,3589,0.002353330976612446
6,3590,0.0024571561922290663
6,3592,0.002350380687627436
6,3593,0.0023422502012900837
6,3594,0.002360008296445331
6,3595,0.002362794226108563
6,3596,0.0018843331529681334
6,3597,0.002371956593770941
6,3598,0.0023163511879958905
6,3599,0.0019256853283860559
6,3600,0.0023799348156755026
6,3601,0.002351697033946895
6,3602,0.0019448493343806304
6,3603,0.0019871783896762015
6,3604,0.001996783689238156
6,3605,0.0023644105460055844
6,3606,0.0023491323169815433
6,3607,0.0023683479466560563
6,3608,0.0020010629935880275
6,3609,0.00234429889747187
6,3610,0.0023541850436568025
6,3611,0.00232063992721908
6,3612,0.0023029749137474975
6,3613,0.002347793859483161
6,3614,0.0023568856540190776
6,3615,0.0019164342017647116
6,3616,0.002342221110474622
6,3617,0.0018669678354454003
6,3618,0.002055049144405001
6,3619,0.0017256917722613065
6,3620,0.00219730971801679
6,3621,0.0023530486981232935
6,3622,0.0018248363199207733
6,3623,0.0019352436014184547
6,3624,0.0020232190557042088
6,3625,0.002404313159850581
6,3626,0.001951946057055453
6,3627,0.0019517241328669552
6,3628,0.0023559036692300884
6,3629,0.002324612109668643
6,3630,0.0020513048346391884
6,3631,0.0022367416169154822
6,3632,0.0023554105791942937
6,3633,0.0023287948961108287
6,3634,0.0022735280908956746
6,3635,0.0020080681930934497
6,3636,0.001961572300939506
6,3637,0.002340319687202584
6,3638,0.002364212480546641
6,3639,0.0023191567406165
6,3640,0.001992983051697051
6,3641,0.0018624561136510423
6,3642,0.002305996037230144
6,3643,0.0023276494525220895
6,3644,0.0023339076370635366
6,3645,0.0023228869574079343
6,3646,0.001841350300832538
6,3647,0.00248003526863175
6,3648,0.002355333160995156
6,3649,0.0019185572827290364
6,3650,0.0018600107097232125
6,3651,0.0023311185323187022
6,3652,0.00198208592756478
6,3653,0.002304372475466262
6,3654,0.0022908371239698465
6,3655,0.0022933068766318168
6,3656,0.0015569907230900022
6,3657,0.0019310963407919738
6,3658,0.00204596598653764
6,3659,0.0019001739623213977
6,3660,0.001866795249345948
6,3661,0.002018832664412191
6,3662,0.0020341311416305716
6,3663,0.0024346392004181592
6,3664,0.0023261697212234216
6,3665,0.0023268013307310427
6,3666,0.0023198046172171866
6,3667,0.0018772300115504276
6,3668,0.0015965630054351556
6,3669,0.001881179302189375
6,3670,0.0018633859644806839
6,3671,0.001858270968576916
6,3672,0.0023106433416546267
6,3673,0.0019394477598782406
6,3674,0.0023107251913320513
6,3675,0.0023264256621319188
6,3676,0.0019199504568788415
6,3677,0.002284563979871705
6,3678,0.0023865266968904147
6,3679,0.00237786528034283
6,3680,0.0018085724327728866
6,3681,0.002318298845726632
6,3682,0.002355713006727546
6,3683,0.002045995265255232
6,3684,0.002033537990947738
6,3685,0.0022821763823440157
6,3686,0.002342844593016724
6,3687,0.0020697464317148595
6,3688,0.002350233577179978
6,3689,0.002355017478953923
6,3690,0.0023454018200394925
6,3691,0.00235029438084233
6,3692,0.0023565998020077797
6,3693,0.0023389774372954007
6,3694,0.0020379586096418907
6,3695,0.002443580582367862
6,3696,0.002293271375579943
6,3697,0.0027191551685686968
6,3698,0.0024568006804038785
6,3699,0.0023569104407723776
6,3700,0.002358809918561299
6,3701,0.0023980839235889996
6,3702,0.0027996237039824103
6,3703,0.0023615570299725694
6,3704,0.00199271711629236
6,3705,0.002307518554790179
6,3706,0.0023629786094494887
6,3707,0.00264997479665097
6,3708,0.0027162484061310672
6,3709,0.003207385137334387
6,3710,0.003074700364372381
6,3711,0.0031104074849734042
6,3712,0.003178605929299688
6,3713,0.0032828088132219246
6,3714,0.003158268569474534
6,3715,0.0019261167553741524
6,3716,0.003253887718136572
6,3717,0.0033004994664945896
6,3718,0.0033172744280616354
6,3719,0.0032756967175976543
6,3720,0.002670313910307642
6,3721,0.002392258912343206
6,3722,0.0024005363934637876
6,3723,0.002757382901532301
6,3724,0.0032451550359061374
6,3725,0.0026845305212836175
6,3727,0.0032295193395878888
6,3728,0.002814502352365554
6,3729,0.002732283735870641
6,3730,0.0032189130356103683
6,3731,0.0026836251752389664
6,3733,0.003237943933432457
6,3734,0.00321047360411004
6,3735,0.00327215532705132
6,3736,0.0032293593224392526
6,3737,0.0031225309960685203
6,3738,0.0026124524258115183
6,3739,0.0026213701987670445
6,3740,0.0026884111813976286
6,3741,0.0026888670882956483
6,3742,0.0026950970876796127
6,3743,0.0021307444853664896
6,3744,0.002150919169313016
6,3745,0.002152088781349189
6,3746,0.002707583752778594
6,3747,0.0024144317734744263
6,3748,0.0027615157269373983
6,3749,0.00271308210617998
6,3750,0.002792784229871775
6,3751,0.0027366186593332236
6,3752,0.0026479620600295324
6,3753,0.0026999735587134007
6,3754,0.0026890900538407325
6,3755,0.0024205416412935834
6,3756,0.002363402618770494
6,3757,0.002365855223242605
6,3758,0.0024068324658433433
6,3759,0.0024296682138146017
6,3760,0.0024250353652120068
6,3761,0.0027086877205944678
6,3762,0.00327320136599344
6,3763,0.0030885869386005423
6,3764,0.0031666569106547364
6,3765,0.0019122654687491612
6,3766,0.002080907219818845
6,3767,0.0027702981509349863
6,3768,0.00267355506219792
6,3769,0.0026812558233767396
6,3770,0.003305695661228296
6,3771,0.0031797402402848132
6,3772,0.0027606920596747013
6,3773,0.0027316930916018835
6,3775,0.0032167029897850552
6,3776,0.0030554847867942615
6,3777,0.0031498097439339504
6,3778,0.0030940621380042125
6,3779,0.0026427504834659363
6,3780,0.002683050419708331
6,3781,0.0026747682684308952
6,3782,0.0027220756366611283
6,3783,0.0027123968247303705
6,3784,0.002714174962643856
6,3785,0.0027237788931563285
6,3786,0.0026373816899021257
6,3787,0.0019296697476993833
6,3788,0.002710568447481494
6,3789,0.002679569574890164
6,3790,0.0027095575076715333
6,3791,0.0028030335260602677
6,3792,0.002673846736334655
6,3793,0.0025578910406906775
6,3794,0.002736578733315842
6,3795,0.0028428387273897403
6,3796,0.0030719770959495873
6,3797,0.0031925805545772166
6,3798,0.0022265765611425526
6,3799,0.00277591233394199
6,3800,0.002232972546988707
6,3801,0.0022149703741977675
6,3802,0.0026926641769061932
6,3803,0.0033896546279097383
6,3804,0.002155457592674376
6,3805,0.0021577378332915463
6,3806,0.0031927326227623926
6,3807,0.003063639824846175
6,3808,0.003023919790111033
6,3809,0.002615013649880381
6,3810,0.0026071258734244925
6,3811,0.0027080218720734223
6,3812,0.002752096104625347
6,3813,0.002684598427039353
6,3814,0.0026645236726338534
6,3815,0.0033142520637653807
6,3816,0.002079539622599695
6,3817,0.002124326720484525
6,3818,0.0030517127445931955
6,3819,0.0028478633434947864
6,3820,0.0030589943638704743
6,3821,0.00299299476606607
6,3822,0.0029733183717164107
6,3823,0.0026709966753644455
6,3824,0.002915554578454957
6,3825,0.002961633036338794
6,3826,0.0030435844369850304
6,3827,0.003136606915056233
6,3828,0.0026117982045721793
6,3829,0.002047950154201098
6,3830,0.002744988637946401
6,3831,0.00216467962157069
6,3832,0.00267793585510659
6,3833,0.0019088184208262257
6,3834,0.0031691228339766455
6,3835,0.0020813515952690263
6,3836,0.0028118370200343147
6,3837,0.0028123747484364156
6,3838,0.00220505382540014
6,3839,0.0022079470110547305
6,3840,0.0022044515266196646
6,3841,0.002229162377782477
6,3842,0.0022743462776946698
6,3843,0.0026458437340190306
6,3844,0.0026620579586466237
6,3845,0.0018618394523805925
6,3846,0.0018696562702282709
6,3847,0.0027087886661790947
6,3848,0.0028415758675967907
6,3849,0.002960190042771447
6,3850,0.0030136935366118847
6,3851,0.0026525205193776067
6,3852,0.0027039736874493606
6,3853,0.0020744731939546564
6,3854,0.0028605762333374926
6,3855,0.0021015037528160758
6,3856,0.002939590055981198
6,3857,0.0019614761704016092
6,3858,0.0019609738782014924
6,3859,0.0020409462827037737
6,3860,0.0019180332291411925
6,3861,0.002821801707587704
6,3862,0.002932678435227423
6,3863,0.002954882312632113
6,3864,0.0029511055689119027
6,3865,0.0029804360257456404
6,3866,0.0021108707080293903
6,3867,0.003010102670258455
6,3868,0.0019738071348083183
6,3869,0.0020903371579874394
6,3870,0.002213571442220714
6,3871,0.0022076469333845924
6,3872,0.0021976858611855972
6,3873,0.00219691667110784
6,3874,0.002752267584128358
6,3875,0.0027606457116523147
6,3876,0.002832344707498795
6,3877,0.0028304471890847416
6,3878,0.0020938324202363586
6,3879,0.0020691266784083947
6,3880,0.0028442118935484424
6,3947,0.0026201255270005912
