campaing,WP4_ID,nep
1,3507,-0.13372041982537736
1,3508,0.23730123619253177
1,3509,0.20968666483341972
1,3510,0.16777923511366277
1,3511,0.210754810067138
1,3512,0.22404848524305482
1,3513,0.6856455074862126
1,3514,1.6846725625657428
1,3515,2.0865073896378785
1,3516,1.3470773869807517
1,3517,0.727552026642107
1,3518,1.2174436786510576
1,3519,2.456500210610002
1,3520,1.1415758275772696
1,3521,4.2887252495119625
1,3522,2.2176998984075826
1,3523,2.9125504843123204
1,3524,2.041533634707506
1,3525,3.0291683514472596
1,3526,3.1422530387401717
1,3527,1.4838113819952974
1,3528,1.3525995389092504
1,3529,0.9235489459860071
1,3530,1.3962231141765507
1,3531,1.4115759269798436
1,3532,1.6026527648073732
1,3533,2.3140439119836556
1,3534,1.512834417419846
1,3535,0.8314646619989868
1,3536,0.32899194613189164
1,3537,0.2634241825644578
1,3538,0.22079933677954336
1,3539,0.183461264873056
1,3540,0.38923269353017836
1,3541,0.14011822981768457
1,3542,0.29338198076949734
1,3543,-0.47686341699950957
1,3544,-0.3319285329940664
1,3545,-0.46300785203724876
1,3546,-0.5431554900059135
1,3547,-0.5247143243963817
1,3548,-0.5307370086198737
1,3549,-0.5310865309178613
1,3550,-0.5583817762381134
1,3551,-0.491629077640996
1,3552,-0.4913576654203107
1,3553,-0.5354454945038459
1,3554,-0.5625972907283671
1,3555,-0.6318508937618824
1,3556,-0.6353548151002253
1,3557,-0.6251292010271178
1,3558,-0.5615232182118262
1,3559,-0.5504470263581851
1,3560,-0.5478072696782367
1,3561,-0.5798727222012419
1,3562,-0.6159633849604068
1,3563,-0.6669875242813836
1,3564,-0.5824006266192681
1,3565,-0.576045081993311
1,3566,-0.40609677433050895
1,3567,-0.40788206401751864
1,3568,-0.4396263273373742
1,3569,-0.49401492261944535
1,3570,-0.601366199059393
1,3571,-0.5529571232990216
1,3572,-0.5516890489399238
1,3573,-0.5870865828548122
1,3574,-0.40789140475752234
1,3575,-0.5306182447048807
1,3576,-0.5770752255513013
1,3577,-0.5216359505548989
1,3578,-0.5326286935045768
1,3579,-0.5511748027448353
1,3580,-0.5754738045887202
1,3581,-0.7703733406700664
1,3582,-0.5129489276257253
1,3583,-0.5317945958826011
1,3584,-0.5960246831011295
1,3585,-0.6152785998192237
1,3586,-0.4666541269091985
1,3587,-0.5367801171947513
1,3588,-0.5709943746078951
1,3589,-0.549693852906066
1,3590,-0.5985375031325939
1,3592,-0.5855212717499596
1,3593,-0.5157952939531022
1,3594,-0.5235901160515165
1,3595,-0.631695848676037
1,3596,-0.5984978202919459
1,3597,-0.633996200967917
1,3598,-0.5498126186832802
1,3599,-0.47718117550795464
1,3600,-0.5957119611184231
1,3601,-0.5322851562621458
1,3602,-0.458917838313132
1,3603,-0.4687681320921785
1,3604,-0.5305123305004895
1,3605,-0.453811020435376
1,3606,-0.5189129296283622
1,3607,-0.543095597735974
1,3608,-0.5022761219847872
1,3609,-0.5470589552863092
1,3610,-0.5590641042698329
1,3611,-0.5566996610108511
1,3612,-0.517236252132868
1,3613,-0.5145927933126041
1,3614,-0.558459778767413
1,3615,-0.6754647539849183
1,3616,-0.5043074397135741
1,3617,-0.5317722215273166
1,3618,-0.5651900525801498
1,3619,-0.5667719506894672
1,3620,-0.6502116512995224
1,3621,-0.6000999727977555
1,3622,-0.4937671270265435
1,3623,-0.5473520451426677
1,3624,-0.6484562533458298
1,3625,-0.6807994195315505
1,3626,-0.5446625707499801
1,3627,-0.5616735590348604
1,3628,-0.7183705535816292
1,3629,-0.5319114948223856
1,3630,-0.5514980633039742
1,3631,-0.5791851218925794
1,3632,-0.5143893210270355
1,3633,-0.4536506549527634
1,3634,-0.5385595172024465
1,3635,-0.4439179802275732
1,3636,-0.48694916359235374
1,3637,-0.46528068708779396
1,3638,-0.5124205956494097
1,3639,-0.6133950858887911
1,3640,-0.5990291655921733
1,3641,-0.5839874929210646
1,3642,-0.5281803039415611
1,3643,-0.5448180083344876
1,3644,-0.6043902246927573
1,3645,-0.5890742662206296
1,3646,-0.5589101527110476
1,3647,-0.5530348345608798
1,3648,-0.644367388343985
1,3649,-0.490567226260288
1,3650,-0.5834583738564177
1,3651,-0.46654256580438036
1,3652,-0.5587942248711194
1,3653,-0.5563651365013013
1,3654,-0.5924908749168811
1,3655,-0.5726337400594046
1,3656,-0.5717436393068656
1,3657,-0.6061181159961925
1,3658,-0.45413261311224273
1,3659,-0.5379690237405269
1,3660,-0.605969902533438
1,3661,-0.624477447801399
1,3662,-0.511989086396919
1,3663,-0.5398161473408819
1,3664,-0.5274765076844962
1,3665,-0.5900341521330289
1,3666,-0.6473318761612376
1,3667,-0.6759191877458384
1,3668,-0.6871057946813937
1,3669,-0.6558217640087329
1,3670,-0.6259261207730389
1,3671,-0.664729523878501
1,3672,-0.6601837853902961
1,3673,-0.5367326095337764
1,3674,-0.5113838130012565
1,3675,-0.5242971786101519
1,3676,-0.4821992534884878
1,3677,-0.5210210939813762
1,3678,-0.5883949418328318
1,3679,-0.5450065014175933
1,3680,-0.5750859376293901
1,3681,-0.6149244504856883
1,3682,-0.6077405438450233
1,3683,-0.5186281595488027
1,3684,-0.5987405376503853
1,3685,-0.5560016831904129
1,3686,-0.553100385615798
1,3687,-0.5202934326436527
1,3688,-0.606772845685449
1,3689,-0.6130247996650797
1,3690,-0.5810894308151655
1,3691,-0.6402744680712671
1,3692,-0.4936259156135778
1,3693,-0.5111598034277093
1,3694,-0.5715475498770407
1,3695,-0.5485456620462008
1,3696,-0.5605472420139342
1,3697,-0.35999546357227413
1,3698,-0.37845189633293125
1,3699,-0.6071685492067582
1,3700,-0.5377150981936052
1,3701,-0.5303987146322299
1,3702,-0.4255800887383546
1,3703,-0.4995560303654231
1,3704,-0.5458464534979534
1,3705,-0.45363237635900094
1,3706,-0.49006809020104186
1,3707,-0.4064152202274516
1,3708,-0.5981738094778923
1,3709,-0.5108979739923987
1,3710,-0.8408637525790734
1,3711,-0.885755990367681
1,3712,-0.7038406057621928
1,3713,-0.6899021631232046
1,3714,-0.5300962756782571
1,3715,-0.464318673689118
1,3716,-0.5697369549218821
1,3717,-0.658845102828415
1,3718,-0.5654048671637604
1,3719,-0.6560256988457591
1,3720,-0.6247719512123192
1,3721,-0.595265986467427
1,3722,-0.5815032445887707
1,3723,-0.551778582738891
1,3724,-0.7002440265763666
1,3725,-0.5145443381786761
1,3727,-0.3087603877101933
1,3728,-0.32446774556880265
1,3729,-0.5072367739856886
1,3730,-0.4052269868525837
1,3731,-0.2613213571771612
1,3733,-0.5661057599348334
1,3734,-0.4799299145987438
1,3735,-0.5316284942343719
1,3736,-0.6259366289962365
1,3737,-0.58371906649209
1,3738,-0.4646788101550093
1,3739,-0.5698166966464843
1,3740,-0.3748535498313882
1,3741,-0.2497843767159442
1,3742,-0.36038722150856495
1,3743,-0.39142063466278626
1,3744,-0.31212397394191915
1,3745,-0.33104725745736296
1,3746,-0.40499846013562163
1,3747,-0.42356359432382606
1,3748,-0.36932984415255055
1,3749,-0.4699149850230847
1,3750,-0.5395098886871342
1,3751,-0.28744346632557927
1,3752,-0.5500355630963761
1,3753,-0.48484146855863375
1,3754,-0.6262504106615265
1,3755,-0.5461811262834365
1,3756,-0.5438985819664668
1,3757,-0.6023307354377484
1,3758,-0.6392468667025187
1,3759,-0.5374301576098134
1,3760,-0.5471299604086554
1,3761,-0.3572849108924235
1,3762,-0.5439194993969079
1,3763,-1.041690905448654
1,3764,-0.8110864094082845
1,3765,-0.528340870374949
1,3766,-0.46827593953427255
1,3767,-0.4568769404094752
1,3768,-0.33934615115580663
1,3769,-0.434896891918033
1,3770,-0.6718400629640713
1,3771,-0.4953057020178822
1,3772,-0.47461552637762444
1,3773,-0.5226412115640942
1,3775,-0.7501222753040596
1,3776,-0.8426301204871431
1,3777,-0.6474700118920482
1,3778,-0.47044082594621245
1,3779,-0.5585824939237253
1,3780,-0.5473161630924698
1,3781,-0.600631857061632
1,3782,-0.505692158604677
1,3783,-0.32958318344316584
1,3784,-0.055283407792962216
1,3785,-0.38244466641257957
1,3786,-0.38739628783937263
1,3787,-0.4708476309055912
1,3788,-0.39742162056678426
1,3789,-0.484627516857429
1,3790,-0.3435655889252646
1,3791,-0.5140827560321288
1,3792,-0.3489036278689928
1,3793,-0.309810009805191
1,3794,-0.42331207079208916
1,3795,-0.5825532478511181
1,3796,-0.6647648592376435
1,3797,-0.5786501647465722
1,3798,-0.29517092912610765
1,3799,-0.3793292789922779
1,3800,-0.6234741241784221
1,3801,-0.5233466655887129
1,3802,-0.5563549092758076
1,3803,-0.7726292325712444
1,3804,-0.6058044329905302
1,3805,-0.6187220501883082
1,3806,-0.9820628783516288
1,3807,-0.9902731174160091
1,3808,-0.6691651912067095
1,3809,-0.5032870538709859
1,3810,-0.5712309752430047
1,3811,-0.5179075190963746
1,3812,-0.47354233087761466
1,3813,-0.47470718522994276
1,3814,-0.5768134037577808
1,3815,-0.8030548731473849
1,3816,-0.5809951682926651
1,3817,-0.9408865278474929
1,3818,-0.838000885055806
1,3819,-1.106006370531537
1,3820,-0.5172523199275205
1,3821,-0.8677633578916651
1,3822,-1.0574141884655048
1,3823,-2.5091827287475663
1,3824,-1.6832483448897446
1,3825,-1.11158943634378
1,3826,-0.9458698043862963
1,3827,-0.7551300774717165
1,3828,-0.6804634108046843
1,3829,-0.49714773731270706
1,3830,-0.4460146904371638
1,3831,-0.6000012528342205
1,3832,-0.6409066407085806
1,3833,-1.1711884049791217
1,3834,-1.0415183213756085
1,3835,-1.3197941898737073
1,3836,-1.280157646375971
1,3837,-1.3477944508317041
1,3838,-1.7429005714556793
1,3839,-1.7853317507538669
1,3840,-1.7878490958329056
1,3841,-1.7720590364864375
1,3842,-2.0191121728506882
1,3843,-1.9437897245442615
1,3844,-2.6722045100136245
1,3845,-4.431502561724995
1,3846,-3.686865463750443
1,3847,-2.2633766035324343
1,3848,-1.821957836082725
1,3849,-1.6963449947730922
1,3850,-1.1392994209596246
1,3851,-0.49753210938878767
1,3852,-0.460170018125849
1,3853,-1.3903770275594163
1,3854,-1.2455520218638865
1,3855,-1.6233593654900418
1,3856,-1.2654388196429205
1,3857,-1.241433151505297
1,3858,-1.6674827758085184
1,3859,-1.7313745645245089
1,3860,-1.3793814817583707
1,3861,-1.127216396575082
1,3862,-1.1282505141311379
1,3863,-1.0804931135552485
1,3864,-1.216714601119212
1,3865,-1.144686507313663
1,3866,-1.1507724711257006
1,3867,-1.3048028973874506
1,3868,-1.3027193258541638
1,3869,-1.6663183665321992
1,3870,-1.4650993151246403
1,3871,-1.1926409762390282
1,3872,-1.6484573793777302
1,3873,-1.571625515388118
1,3874,-1.2809322420502576
1,3875,-1.3376659272780798
1,3876,-1.2843822355153258
1,3877,-1.3097742370729955
1,3878,-1.1948048147906734
1,3879,-1.2658190901049462
1,3880,-1.7561415960414444
1,3947,-0.5239571912649887
2,3507,0.0520137214349467
2,3508,0.6314986364235813
2,3509,0.5541432945242307
2,3510,0.5445778083045966
2,3511,0.7155499907049012
2,3512,0.7595063194720224
2,3513,1.228837458901263
2,3514,2.316217002789
2,3515,2.7484196863508017
2,3516,1.8967329523506467
2,3517,1.2042995964912728
2,3518,1.8300178222911068
2,3519,3.618168021652747
2,3520,1.5593314580054418
2,3521,6.268115736614916
2,3522,3.2478879089916806
2,3523,3.6101794444551722
2,3524,2.810287520992203
2,3525,4.258101114611993
2,3526,3.7272252909089922
2,3527,2.2501079556983505
2,3528,2.0685747150974683
2,3529,1.2981554030478237
2,3530,1.9628731811638984
2,3531,2.064607869086156
2,3532,2.144371960566849
2,3533,2.9508916122707434
2,3534,2.2614513415161435
2,3535,1.067070776274588
2,3536,0.5161161105990367
2,3537,0.45996269950378943
2,3538,0.42282255425942356
2,3539,0.3781456219182308
2,3540,0.7306907690670623
2,3541,0.3526486604282456
2,3542,0.6285214741081115
2,3543,-0.3892259036317134
2,3544,-0.27557126435999085
2,3545,-0.4437304382562548
2,3546,-0.5460339196095733
2,3547,-0.526028877677792
2,3548,-0.5382510232181297
2,3549,-0.5377049884794101
2,3550,-0.5452204458250656
2,3551,-0.5020232014611222
2,3552,-0.49226187479354827
2,3553,-0.5613661031364271
2,3554,-0.586013943992119
2,3555,-0.6495784981180823
2,3556,-0.6803571302894288
2,3557,-0.6633171664912477
2,3558,-0.5955091944442331
2,3559,-0.5874039708582568
2,3560,-0.5977338862203584
2,3561,-0.6227197520506574
2,3562,-0.653251425462849
2,3563,-0.7031450208063104
2,3564,-0.609236835543213
2,3565,-0.6101548853943694
2,3566,-0.43751530169860586
2,3567,-0.47124868574629136
2,3568,-0.47671733322391524
2,3569,-0.5527888618721176
2,3570,-0.6443206279138328
2,3571,-0.5884458326759199
2,3572,-0.5898842544981215
2,3573,-0.6216122266968265
2,3574,-0.44204042936210935
2,3575,-0.5895426659614129
2,3576,-0.6316174646456161
2,3577,-0.5796193829827077
2,3578,-0.5856579849343972
2,3579,-0.5929233255408353
2,3580,-0.6071619050892394
2,3581,-0.7969522665056122
2,3582,-0.5747822532469671
2,3583,-0.5696231779528427
2,3584,-0.6488273375104412
2,3585,-0.6535078706555093
2,3586,-0.5006093706837716
2,3587,-0.5804003064428227
2,3588,-0.6186690746006595
2,3589,-0.5833703556598786
2,3590,-0.647024712568839
2,3592,-0.6075896827657729
2,3593,-0.5578528060774337
2,3594,-0.555587288779669
2,3595,-0.6763531903377481
2,3596,-0.651516151188255
2,3597,-0.6483275194400941
2,3598,-0.6006727917733742
2,3599,-0.5176998860535945
2,3600,-0.6447681270703607
2,3601,-0.5618108300528853
2,3602,-0.5002487013737705
2,3603,-0.5046824005325501
2,3604,-0.5585753505301889
2,3605,-0.5083076499517971
2,3606,-0.5644198570549946
2,3607,-0.5627790341508224
2,3608,-0.5451731789034763
2,3609,-0.5783022480803344
2,3610,-0.5951012807978354
2,3611,-0.5778965294417161
2,3612,-0.5383909459196727
2,3613,-0.570155696746192
2,3614,-0.6022027202487737
2,3615,-0.6799772428777676
2,3616,-0.5604200636658905
2,3617,-0.5776971315347816
2,3618,-0.6044091321058189
2,3619,-0.6108677322573521
2,3620,-0.6855391909154531
2,3621,-0.6108200089675331
2,3622,-0.5262007002432438
2,3623,-0.5767096457753398
2,3624,-0.6938976572192168
2,3625,-0.7109237143412163
2,3626,-0.5676015344788639
2,3627,-0.6126276749842268
2,3628,-0.7274492276745534
2,3629,-0.5712098064788562
2,3630,-0.591631600412087
2,3631,-0.6313051966719198
2,3632,-0.5457878285750933
2,3633,-0.507018078277824
2,3634,-0.596258650836997
2,3635,-0.4879720951530615
2,3636,-0.540109171844947
2,3637,-0.5033809117910149
2,3638,-0.5593334181379847
2,3639,-0.6255425795464198
2,3640,-0.6260840666322782
2,3641,-0.6173166074890187
2,3642,-0.5529726465916212
2,3643,-0.5852206764268092
2,3644,-0.6201676176149502
2,3645,-0.6411606420502343
2,3646,-0.6080986078666257
2,3647,-0.6075346127556578
2,3648,-0.6588267732044467
2,3649,-0.5280999533595007
2,3650,-0.6053852693993562
2,3651,-0.5051387870401606
2,3652,-0.5703438144322439
2,3653,-0.5982437447137665
2,3654,-0.622390252816884
2,3655,-0.6124165830674587
2,3656,-0.597632041406752
2,3657,-0.6432116299078586
2,3658,-0.49546396300143886
2,3659,-0.5664419077854325
2,3660,-0.6291792138678276
2,3661,-0.6347613997223359
2,3662,-0.5534587090464002
2,3663,-0.5156856050443155
2,3664,-0.5322597377556844
2,3665,-0.6149751845716926
2,3666,-0.6733240100704143
2,3667,-0.7119239709949244
2,3668,-0.7208593865421326
2,3669,-0.6804681450165999
2,3670,-0.6591854218613573
2,3671,-0.7214628328040363
2,3672,-0.7057250101009191
2,3673,-0.5684533884793578
2,3674,-0.5403136569523677
2,3675,-0.5745138529856524
2,3676,-0.5440007798821066
2,3677,-0.5741213518831755
2,3678,-0.6449213709976118
2,3679,-0.5872678611340468
2,3680,-0.612919946537869
2,3681,-0.6187723505938879
2,3682,-0.6392388358984978
2,3683,-0.5656246530196938
2,3684,-0.6408744611417427
2,3685,-0.5896154734870426
2,3686,-0.5884754158872284
2,3687,-0.5672207507030099
2,3688,-0.6112379611452137
2,3689,-0.6070139664645722
2,3690,-0.5838089896726281
2,3691,-0.6131758475679279
2,3692,-0.5040691355648961
2,3693,-0.5456120381978667
2,3694,-0.6019252273014905
2,3695,-0.5614770106569362
2,3696,-0.5575240446282281
2,3697,-0.40654947473481906
2,3698,-0.41405098398902174
2,3699,-0.6204883519531113
2,3700,-0.5478409816299531
2,3701,-0.5311255784620593
2,3702,-0.5301275953833431
2,3703,-0.5141252927225537
2,3704,-0.6437763124228978
2,3705,-0.4929760138674042
2,3706,-0.5332969966984987
2,3707,-0.442977095516154
2,3708,-0.6252213444806028
2,3709,-0.6453126306030718
2,3710,-0.9385569480130507
2,3711,-0.9539484143802427
2,3712,-0.7585241508027806
2,3713,-0.7634178360618858
2,3714,-0.6521346582039647
2,3715,-0.6005980832368023
2,3716,-0.6381435751050781
2,3717,-0.7284597019784912
2,3718,-0.6061216499854389
2,3719,-0.7176306121205329
2,3720,-0.6550803602987132
2,3721,-0.6023006761341062
2,3722,-0.5870310455722424
2,3723,-0.544560651971894
2,3724,-0.7932927941600098
2,3725,-0.5601444213501773
2,3727,-0.45158016599851014
2,3728,-0.3459717975689249
2,3729,-0.5530722499748423
2,3730,-0.530752927642952
2,3731,-0.3133915488174521
2,3733,-0.6089723197029508
2,3734,-0.5741643987197123
2,3735,-0.6042047888810821
2,3736,-0.7235533215160422
2,3737,-0.564883610325875
2,3738,-0.43295159108988684
2,3739,-0.6087507052468953
2,3740,-0.3802099921488415
2,3741,-0.30911283926062916
2,3742,-0.4240864866615494
2,3743,-0.4467404071241692
2,3744,-0.34895884514359554
2,3745,-0.38322810198951307
2,3746,-0.4184575406149269
2,3747,-0.4640088102364978
2,3748,-0.40969609799304135
2,3749,-0.5131070576983545
2,3750,-0.5572533708951931
2,3751,-0.33270756073090846
2,3752,-0.5586104824053754
2,3753,-0.5001700066890582
2,3754,-0.6265760700879668
2,3755,-0.5656641105296185
2,3756,-0.587570397451901
2,3757,-0.6402006922023709
2,3758,-0.628095029935677
2,3759,-0.5600478263142087
2,3760,-0.5623526975776676
2,3761,-0.43587579617521105
2,3762,-0.6208391738829836
2,3763,-1.1184130047721692
2,3764,-0.8953300964274028
2,3765,-0.6411566387135794
2,3766,-0.5732299125369573
2,3767,-0.5416069278620018
2,3768,-0.41215899525347877
2,3769,-0.46913013917129553
2,3770,-0.7184197149726009
2,3771,-0.5743286869909593
2,3772,-0.5585398524183122
2,3773,-0.5325138436041142
2,3775,-0.7798957457720709
2,3776,-0.8618555352094458
2,3777,-0.6411555746855165
2,3778,-0.4624369968948921
2,3779,-0.5744515340540721
2,3780,-0.5702515982108768
2,3781,-0.6318064611549302
2,3782,-0.5279854009149859
2,3783,-0.3467472914513483
2,3784,-0.07382649489069973
2,3785,-0.4338513272488409
2,3786,-0.44721681030034466
2,3787,-0.5055672383316256
2,3788,-0.40968719540335896
2,3789,-0.5257417224684466
2,3790,-0.3765711216753301
2,3791,-0.5803854753553745
2,3792,-0.4362799671746048
2,3793,-0.367543402768832
2,3794,-0.4961738629160422
2,3795,-0.6955428649126739
2,3796,-0.7212161927194014
2,3797,-0.6776411092292711
2,3798,-0.3396582978296745
2,3799,-0.43653499288656183
2,3800,-0.6964262400124811
2,3801,-0.6337044045481237
2,3802,-0.5894078499712296
2,3803,-0.7909087259675166
2,3804,-0.6110139778242779
2,3805,-0.6395330041398642
2,3806,-0.999357376733434
2,3807,-1.0509500628315513
2,3808,-0.7241273100081421
2,3809,-0.5606722045047957
2,3810,-0.6003762036943661
2,3811,-0.5435053373355484
2,3812,-0.4148601578118305
2,3813,-0.4558129330504373
2,3814,-0.5747629430033566
2,3815,-0.7918450698933346
2,3816,-0.6970530380038513
2,3817,-0.9856128740554333
2,3818,-0.8375748408096024
2,3819,-1.089910446236389
2,3820,-0.5915601355102977
2,3821,-0.8982532289951671
2,3822,-1.038140864475949
2,3823,-2.398641026175697
2,3824,-1.5963201008604955
2,3825,-1.1636404593425742
2,3826,-1.042290842119689
2,3827,-0.8294542804305808
2,3828,-0.7269869994441338
2,3829,-0.5422805266944131
2,3830,-0.47522185017895335
2,3831,-0.5882411968324971
2,3832,-0.6655106844960537
2,3833,-1.1299827099515631
2,3834,-1.0127445841868095
2,3835,-1.2728227246156965
2,3836,-1.2448398929012472
2,3837,-1.2932589972242106
2,3838,-1.7819577032942766
2,3839,-1.8207446862046777
2,3840,-1.820808483802123
2,3841,-1.8027377267710383
2,3842,-2.075390608568403
2,3843,-1.958298972706071
2,3844,-2.605831226131846
2,3845,-4.374515675553959
2,3846,-3.637161854353446
2,3847,-2.1483647421467853
2,3848,-1.8439995727951402
2,3849,-1.673242980729506
2,3850,-1.3138970403675243
2,3851,-0.5521361552987761
2,3852,-0.48983664281296335
2,3853,-1.359760142576915
2,3854,-1.1620181472383893
2,3855,-1.5583545007651458
2,3856,-1.1838106657378171
2,3857,-1.150345655911846
2,3858,-1.6482178176108595
2,3859,-1.7000394271967108
2,3860,-1.3493315536211166
2,3861,-1.062368887907798
2,3862,-1.0650436431926975
2,3863,-1.0566417799623706
2,3864,-1.1901980637000262
2,3865,-1.133909259688005
2,3866,-1.1258239774110053
2,3867,-1.2750504171943735
2,3868,-1.2555796297845718
2,3869,-1.726405646808468
2,3870,-1.5203287112183526
2,3871,-1.2039913815009249
2,3872,-1.649409758262027
2,3873,-1.5682261138558664
2,3874,-1.2216977649755498
2,3875,-1.2544013085257535
2,3876,-1.2447791822878915
2,3877,-1.2608942233394467
2,3878,-1.1833217296091745
2,3879,-1.2415510398745095
2,3880,-1.6624209196862518
2,3947,-0.5477649816375711
3,3507,-0.10933267626901186
3,3508,-0.21794619682190447
3,3509,-0.3433532822472546
3,3510,-0.47352367563166975
3,3511,-0.4569582426600919
3,3512,-0.44211783966384743
3,3513,0.030667718433511643
3,3514,0.61840812057577
3,3515,1.0899396353820914
3,3516,1.1007053509478764
3,3517,0.6037128579146991
3,3518,1.1731678219174817
3,3519,1.5414428192988319
3,3520,0.10462259607420041
3,3521,3.9398472385521366
3,3522,2.8810074359914646
3,3523,1.046940694567657
3,3524,2.287521144430656
3,3525,2.373538130290951
3,3526,1.8499445279959514
3,3527,1.9659240373528077
3,3528,1.9291764829333438
3,3529,1.2590549360279801
3,3530,1.8374224181328245
3,3531,2.1186097620155473
3,3532,1.973426815941608
3,3533,1.8545599244681823
3,3534,2.509709331458042
3,3535,0.7892248117352711
3,3536,0.45532927527199635
3,3537,0.4658832575850651
3,3538,0.40598017214267257
3,3539,0.35549322553032797
3,3540,0.7471191248056082
3,3541,0.2854067742311796
3,3542,0.6140204232820259
3,3543,-0.49785510031144364
3,3544,-0.4163191719194283
3,3545,-0.561408557738938
3,3546,-0.67645707077537
3,3547,-0.7175738538517904
3,3548,-0.7125370882371074
3,3549,-0.7570055566613527
3,3550,-0.6448408059241756
3,3551,-0.5937056523129658
3,3552,-0.569940704954822
3,3553,-0.6505920587028043
3,3554,-0.7375364946084174
3,3555,-0.8841880688588004
3,3556,-0.7700755449822791
3,3557,-0.8207100336168613
3,3558,-0.7601622318130168
3,3559,-0.7247501530298047
3,3560,-0.726848073308852
3,3561,-0.6985249185200061
3,3562,-0.7313666885020662
3,3563,-0.8028555669958582
3,3564,-0.6910216856631962
3,3565,-0.6939199614119765
3,3566,-0.4805420579377718
3,3567,-0.6217841962642425
3,3568,-0.575357632956411
3,3569,-0.6628964514628223
3,3570,-0.7552751303553683
3,3571,-0.6928295367573504
3,3572,-0.6727972771439354
3,3573,-0.7105402181601859
3,3574,-0.6413828521122731
3,3575,-0.7249904128793148
3,3576,-0.7771545120009056
3,3577,-0.7150399537290874
3,3578,-0.7123323622898192
3,3579,-0.7038554642442838
3,3580,-0.6823011574222013
3,3581,-0.8826834119344701
3,3582,-0.7459483826926337
3,3583,-0.6841040055806626
3,3584,-0.7746759710573512
3,3585,-0.7304861495792061
3,3586,-0.6514027471190994
3,3587,-0.6842698413128583
3,3588,-0.7218696393066257
3,3589,-0.6732783063317951
3,3590,-0.7438712926804885
3,3592,-0.6872899858470978
3,3593,-0.6217904008676032
3,3594,-0.620326613491522
3,3595,-0.7827889361994649
3,3596,-0.7898480532250287
3,3597,-0.7079819729915127
3,3598,-0.7027393635503798
3,3599,-0.6553308009041795
3,3600,-0.7551859413847778
3,3601,-0.6124013026751224
3,3602,-0.6818106264698862
3,3603,-0.6413891526060151
3,3604,-0.6860440847811096
3,3605,-0.5873845343778583
3,3606,-0.6432299838436997
3,3607,-0.6157493688385621
3,3608,-0.6495665820256523
3,3609,-0.6471869502673457
3,3610,-0.6786109000718297
3,3611,-0.5994739473444319
3,3612,-0.596982291925909
3,3613,-0.6616267400832192
3,3614,-0.7020937505595384
3,3615,-0.7578272040403177
3,3616,-0.6422178409491426
3,3617,-0.6877847887970772
3,3618,-0.7248703464164199
3,3619,-0.7502041689000257
3,3620,-0.7479543427832324
3,3621,-0.6577557704518563
3,3622,-0.5963747706959197
3,3623,-0.7121062740411633
3,3624,-0.8416316916556255
3,3625,-0.8053438518562577
3,3626,-0.6735687937408066
3,3627,-0.7700431559671526
3,3628,-0.7630542655914674
3,3629,-0.686071109987006
3,3630,-0.6780163007456913
3,3631,-0.7325110672681755
3,3632,-0.6014406670171055
3,3633,-0.6027426613410715
3,3634,-0.6881517134537813
3,3635,-0.5327258601646644
3,3636,-0.6200252642904794
3,3637,-0.5736400455479713
3,3638,-0.63597764575415106
3,3639,-0.7093692009980006
3,3640,-0.7473718162682006
3,3641,-0.7535586064134807
3,3642,-0.5838418122560082
3,3643,-0.6843052517929893
3,3644,-0.700157428590332
3,3645,-0.7515646216772279
3,3646,-0.7285968841721371
3,3647,-0.6968138782620924
3,3648,-0.6991999056477812
3,3649,-0.6033868515398346
3,3650,-0.6882101235189331
3,3651,-0.5725591936244527
3,3652,-0.6530193947410005
3,3653,-0.7476066862848574
3,3654,-0.7397328570393538
3,3655,-0.7046131988225229
3,3656,-0.7031928851102314
3,3657,-0.725726725822954
3,3658,-0.6160070306303578
3,3659,-0.6718441379850297
3,3660,-0.733000643195066
3,3661,-0.7182302956079569
3,3662,-0.6624798675251335
3,3663,-0.5498425022452723
3,3664,-0.5505211436638561
3,3665,-0.6662203422210631
3,3666,-0.7495157306802538
3,3667,-0.8748220282496381
3,3668,-0.8731844183546428
3,3669,-0.824301958359266
3,3670,-0.7925458117693273
3,3671,-0.8656728968143858
3,3672,-0.8533984048421787
3,3673,-0.7237272665934998
3,3674,-0.6523420538687721
3,3675,-0.6975183930186634
3,3676,-0.709829511575503
3,3677,-0.6666357863747929
3,3678,-0.7512482487934613
3,3679,-0.6910991087289926
3,3680,-0.7158958214499008
3,3681,-0.6412501553343893
3,3682,-0.713219688559596
3,3683,-0.6750749047520782
3,3684,-0.7446920295384377
3,3685,-0.6815217634056406
3,3686,-0.6497494541662682
3,3687,-0.6643103187125371
3,3688,-0.6722967871097884
3,3689,-0.6532257579984182
3,3690,-0.6283509614776821
3,3691,-0.6064588729408308
3,3692,-0.5352805207074995
3,3693,-0.6183390149401239
3,3694,-0.6988306829042535
3,3695,-0.5966397850649469
3,3696,-0.5971088388554919
3,3697,-0.49489035661216846
3,3698,-0.4799291073936519
3,3699,-0.6850099864781238
3,3700,-0.5843711684645573
3,3701,-0.5616515091108605
3,3702,-0.614199243657302
3,3703,-0.5717621486875902
3,3704,-0.7847922937295255
3,3705,-0.56712336747919
3,3706,-0.5812182439739029
3,3707,-0.5450049850601348
3,3708,-0.7364163783047869
3,3709,-0.7518020473415905
3,3710,-1.1208943470160992
3,3711,-1.128444546106232
3,3712,-0.8611004025461865
3,3713,-0.8399671436697128
3,3714,-0.8123035289996011
3,3715,-0.699482245030369
3,3716,-0.7208017839719528
3,3717,-0.803801453522461
3,3718,-0.7112078096539693
3,3719,-0.7774815062139991
3,3720,-0.7037067727587015
3,3721,-0.6406787535643738
3,3722,-0.6213971771295828
3,3723,-0.591805137786551
3,3724,-0.9372249393465366
3,3725,-0.6561979671710442
3,3727,-0.556606766440949
3,3728,-0.43292977842712477
3,3729,-0.6714015867153279
3,3730,-0.6451950989794444
3,3731,-0.3813015008646102
3,3733,-0.6667424791239696
3,3734,-0.6530541332404538
3,3735,-0.7008417829638854
3,3736,-0.8081666031410366
3,3737,-0.5893141954663027
3,3738,-0.499693794426459
3,3739,-0.6912962074239969
3,3740,-0.4195354976299566
3,3741,-0.3981977858069339
3,3742,-0.5651417448869377
3,3743,-0.5628709235084616
3,3744,-0.4482850055613893
3,3745,-0.4832141560009471
3,3746,-0.4816501916352561
3,3747,-0.5553532751058279
3,3748,-0.5016117812307456
3,3749,-0.5876237590552309
3,3750,-0.6150463812643527
3,3751,-0.3885982596067001
3,3752,-0.6297622761100085
3,3753,-0.5644024706037175
3,3754,-0.6939092189191144
3,3755,-0.6454603177116113
3,3756,-0.6856129695306669
3,3757,-0.7001768299631822
3,3758,-0.667752652099005
3,3759,-0.634476492671799
3,3760,-0.6104639439735499
3,3761,-0.5167792808464812
3,3762,-0.6502118247574639
3,3763,-1.1896355367754707
3,3764,-1.0092731650388298
3,3765,-0.7794186864554086
3,3766,-0.6361914046439483
3,3767,-0.5878447765735408
3,3768,-0.4568935185562669
3,3769,-0.5117808868755478
3,3770,-0.7058752946019573
3,3771,-0.6060439460278866
3,3772,-0.5923391579172532
3,3773,-0.5537545636523465
3,3775,-0.7406710394746813
3,3776,-0.8985510402245886
3,3777,-0.6964368769321757
3,3778,-0.5078080536118209
3,3779,-0.6507888120286145
3,3780,-0.6307016698652322
3,3781,-0.7066552800523362
3,3782,-0.6271791108967423
3,3783,-0.4062579603779169
3,3784,-0.09113063933940882
3,3785,-0.5780270400913945
3,3786,-0.5377745630214485
3,3787,-0.5954709905671159
3,3788,-0.47053126731530165
3,3789,-0.6265004877449021
3,3790,-0.44715768117983506
3,3791,-0.6201167804447285
3,3792,-0.5304370765141053
3,3793,-0.45053001522954667
3,3794,-0.595511937272937
3,3795,-0.7548774990736918
3,3796,-0.8337977884145312
3,3797,-0.8028446991669898
3,3798,-0.38227898863392096
3,3799,-0.48933836371085204
3,3800,-0.8035623286472026
3,3801,-0.7333172732060584
3,3802,-0.644444867616806
3,3803,-0.7848142571792505
3,3804,-0.5910557694656144
3,3805,-0.6327604011363009
3,3806,-0.9358637434585005
3,3807,-1.12004492291109
3,3808,-0.8198631853791268
3,3809,-0.5953867213953469
3,3810,-0.6466080581911365
3,3811,-0.6047189457120299
3,3812,-0.39897201388644843
3,3813,-0.4376997963106718
3,3814,-0.5853903505192115
3,3815,-0.7534005261182595
3,3816,-0.6472989895910376
3,3817,-0.9266513102366865
3,3818,-0.7635098791701114
3,3819,-0.9887844561831836
3,3820,-0.6072932695137779
3,3821,-0.8682289755972921
3,3822,-0.9261251437095445
3,3823,-2.5135802556627684
3,3824,-1.7097316269521683
3,3825,-1.1949475255620163
3,3826,-1.1488389053839079
3,3827,-0.9252678287041385
3,3828,-0.7909216324709277
3,3829,-0.6282008202919486
3,3830,-0.5109952663514491
3,3831,-0.5717718941456646
3,3832,-0.7070909241783403
3,3833,-0.964084583507956
3,3834,-0.801225395868867
3,3835,-1.0982039750526773
3,3836,-1.2045783565062975
3,3837,-1.247461339872552
3,3838,-1.8063103663849347
3,3839,-1.8452467929805378
3,3840,-1.8293888339319844
3,3841,-1.830104331174486
3,3842,-2.0250088472490515
3,3843,-1.9792414466164892
3,3844,-2.7657891195942343
3,3845,-4.3039073847678235
3,3846,-3.5266706428313426
3,3847,-1.9661659141819696
3,3848,-1.7108652694123987
3,3849,-1.5776682615342743
3,3850,-1.3056749292969334
3,3851,-0.5679803289504872
3,3852,-0.5398320942662297
3,3853,-1.1727096383374709
3,3854,-1.0935767571581865
3,3855,-1.4671569903342911
3,3856,-1.0710869870679534
3,3857,-1.0340990434752224
3,3858,-1.6010973628465412
3,3859,-1.6102863293155976
3,3860,-1.2599572635596625
3,3861,-0.8877856114305572
3,3862,-0.934609021316016
3,3863,-0.8972392224318249
3,3864,-1.0210210468262733
3,3865,-0.9769407795036076
3,3866,-0.9745435890214664
3,3867,-1.1949129166410923
3,3868,-1.1765924884380252
3,3869,-1.8204147502682384
3,3870,-1.6433648751656664
3,3871,-1.23014574808492
3,3872,-1.6269684288068609
3,3873,-1.5422002341898136
3,3874,-1.1870329914756104
3,3875,-1.1382261475309352
3,3876,-1.1536813173412463
3,3877,-1.1790291112930016
3,3878,-1.0653533160922324
3,3879,-1.1300970243937898
3,3880,-1.4866662538370379
3,3947,-0.63674416081067
4,3507,-0.17833935924297206
4,3508,-0.3049380226483509
4,3509,-0.4324818586197061
4,3510,-0.5968970440972219
4,3511,-0.6227716007847705
4,3512,-0.5774143454808303
4,3513,-0.15081655685900355
4,3514,0.40276998823024807
4,3515,0.7703590597084262
4,3516,0.8198823408752491
4,3517,0.4512264890228218
4,3518,0.9120363166682781
4,3519,1.1313739372817235
4,3520,-0.01339169904610655
4,3521,3.224341962827049
4,3522,2.509773036092643
4,3523,0.6585033938241873
4,3524,1.9904717258360811
4,3525,1.9368920315848992
4,3526,1.6748159822726774
4,3527,1.8910504284885281
4,3528,1.9470988183716746
4,3529,1.3258347969875928
4,3530,1.8430306921409634
4,3531,2.1142232693167804
4,3532,1.9787679987633846
4,3533,1.723996394075993
4,3534,2.6633224202515504
4,3535,0.9035219184887728
4,3536,0.645577705004324
4,3537,0.6467332127569105
4,3538,0.6152376402690516
4,3539,0.5650073195556341
4,3540,0.9975018915586514
4,3541,0.5246721913227693
4,3542,0.9938262981797115
4,3543,-0.2804969506674398
4,3544,-0.14736437592255971
4,3545,-0.4933436541756289
4,3546,-0.5834783756172567
4,3547,-0.5836511435988501
4,3548,-0.578257882683996
4,3549,-0.6072722274464588
4,3550,-0.60245378971603325
4,3551,-0.5128395473812617
4,3552,-0.4952426289448361
4,3553,-0.5878414525175557
4,3554,-0.6296415893908849
4,3555,-0.755674494162242
4,3556,-0.6864797383073971
4,3557,-0.7246280676528948
4,3558,-0.6712596480448704
4,3559,-0.6382605337297956
4,3560,-0.6464932852729136
4,3561,-0.6324008111397501
4,3562,-0.6673879021355159
4,3563,-0.7412268521467238
4,3564,-0.6448854124545299
4,3565,-0.6443546705018921
4,3566,-0.4596679740223527
4,3567,-0.5502129730281199
4,3568,-0.5139690882502067
4,3569,-0.6197401369204366
4,3570,-0.7312660307626639
4,3571,-0.6738832197391813
4,3572,-0.6553726480865685
4,3573,-0.6942088271946075
4,3574,-0.571980543815087
4,3575,-0.6851323604546605
4,3576,-0.7564395222448657
4,3577,-0.7095964482386314
4,3578,-0.6892375427855901
4,3579,-0.6931399379139797
4,3580,-0.6502191088946097
4,3581,-0.8443410716398969
4,3582,-0.7441018707948042
4,3583,-0.6420837556659313
4,3584,-0.741953106226457
4,3585,-0.686270970272769
4,3586,-0.6009148868782099
4,3587,-0.6232469180496892
4,3588,-0.6714957715690757
4,3589,-0.6215527040704568
4,3590,-0.713310786861544
4,3592,-0.6555020945470015
4,3593,-0.6240938521206806
4,3594,-0.5895927717425541
4,3595,-0.7652238694261819
4,3596,-0.8026639591541707
4,3597,-0.6982718884892378
4,3598,-0.6742537877932812
4,3599,-0.6582274769787199
4,3600,-0.7436400534443537
4,3601,-0.5776854908556013
4,3602,-0.6381387137291871
4,3603,-0.6024039634597074
4,3604,-0.6371473776027698
4,3605,-0.5498621154583087
4,3606,-0.6001589951621229
4,3607,-0.5888509638586411
4,3608,-0.6297895792793605
4,3609,-0.6211184754102931
4,3610,-0.6467041600416364
4,3611,-0.6011226127785543
4,3612,-0.5646209850687677
4,3613,-0.618278579514973
4,3614,-0.6466679736611302
4,3615,-0.7314395545734473
4,3616,-0.5980348487423891
4,3617,-0.6353232027725522
4,3618,-0.7065411414676886
4,3619,-0.7291548684934349
4,3620,-0.729957601423885
4,3621,-0.6196638521248101
4,3622,-0.5654567602933005
4,3623,-0.6838761519527947
4,3624,-0.8041688298205228
4,3625,-0.7858497338371233
4,3626,-0.6497405733389457
4,3627,-0.7275993521010121
4,3628,-0.7504185451990272
4,3629,-0.6369027051421318
4,3630,-0.6229728297058859
4,3631,-0.6969578232350437
4,3632,-0.5819630031048079
4,3633,-0.5859784058418921
4,3634,-0.6420609919581912
4,3635,-0.5309387114594216
4,3636,-0.6272111976905693
4,3637,-0.5753574530382636
4,3638,-0.6497958971464975
4,3639,-0.6353527132374586
4,3640,-0.6813466245088831
4,3641,-0.7024658399457586
4,3642,-0.5449361673318796
4,3643,-0.6283417978281804
4,3644,-0.6762960107608159
4,3645,-0.7214183474940918
4,3646,-0.7188514414386461
4,3647,-0.6757894539254498
4,3648,-0.6662535541251482
4,3649,-0.5843475158991518
4,3650,-0.6376788638105608
4,3651,-0.5508447211913151
4,3652,-0.6162333918744681
4,3653,-0.6526234921738833
4,3654,-0.6560129136659949
4,3655,-0.6657893638747113
4,3656,-0.6700084599817204
4,3657,-0.6787293871495685
4,3658,-0.5842563155653856
4,3659,-0.6242164689098875
4,3660,-0.6667868083818291
4,3661,-0.6698899284399303
4,3662,-0.6371684985978484
4,3663,-0.5010217684880574
4,3664,-0.5093999013793535
4,3665,-0.5841516586476864
4,3666,-0.6521294233398043
4,3667,-0.816319333525629
4,3668,-0.8170904344767755
4,3669,-0.7645651025764397
4,3670,-0.742974297046717
4,3671,-0.8310500959186855
4,3672,-0.7880553895083832
4,3673,-0.6673622486868632
4,3674,-0.5850032158090664
4,3675,-0.6386969438406942
4,3676,-0.6604046502220969
4,3677,-0.6401805139885682
4,3678,-0.7180810031740694
4,3679,-0.649972411018355
4,3680,-0.6698512290292927
4,3681,-0.5925957290222539
4,3682,-0.6802220200561122
4,3683,-0.6265834538222025
4,3684,-0.7201800450229522
4,3685,-0.6519043059431254
4,3686,-0.6265077919008378
4,3687,-0.6207950229576825
4,3688,-0.6445149139791878
4,3689,-0.6327100854739346
4,3690,-0.5837124871772759
4,3691,-0.5958199373694978
4,3692,-0.5059724938175771
4,3693,-0.5682670112981133
4,3694,-0.662729008102699
4,3695,-0.5672017329246543
4,3696,-0.5619132381785311
4,3697,-0.43637541644435746
4,3698,-0.4276407506131458
4,3699,-0.6473622066087862
4,3700,-0.5381576898679543
4,3701,-0.5339056249140854
4,3702,-0.5777329344149286
4,3703,-0.5394887037832582
4,3704,-0.7145765337532903
4,3705,-0.5235089820039056
4,3706,-0.555922653355929
4,3707,-0.497548420627532
4,3708,-0.7016418592982474
4,3709,-0.7321516732405863
4,3710,-0.9756061966884378
4,3711,-1.0044033292579908
4,3712,-0.8224530747131955
4,3713,-0.795992680594624
4,3714,-0.7377841874514839
4,3715,-0.6893805217863923
4,3716,-0.6713871484474394
4,3717,-0.7604097642656428
4,3718,-0.6750882657186703
4,3719,-0.7339020573757238
4,3720,-0.6894241646075916
4,3721,-0.6255038148273468
4,3722,-0.610489506628499
4,3723,-0.5619925828420346
4,3724,-0.8730578073355009
4,3725,-0.6163606735905086
4,3727,-0.48715622430420186
4,3728,-0.4081716163846792
4,3729,-0.6300671751335888
4,3730,-0.5825759437085498
4,3731,-0.34492924874724995
4,3733,-0.6471714432203357
4,3734,-0.6144529184223713
4,3735,-0.6841786281727251
4,3736,-0.7702385097326764
4,3737,-0.5791239749059339
4,3738,-0.46943386625492955
4,3739,-0.629400667858952
4,3740,-0.4103759052443337
4,3741,-0.33278221177133255
4,3742,-0.5040909232131882
4,3743,-0.5243722397997858
4,3744,-0.41642557997368773
4,3745,-0.44023656012478607
4,3746,-0.46217242197886804
4,3747,-0.5226680018339788
4,3748,-0.4608475960267721
4,3749,-0.5428146124834679
4,3750,-0.5883504852240286
4,3751,-0.3497140314122074
4,3752,-0.570698090934966
4,3753,-0.5034358338447978
4,3754,-0.6425573583999972
4,3755,-0.5982560938294053
4,3756,-0.6508746100572161
4,3757,-0.667380034912687
4,3758,-0.6431260988730259
4,3759,-0.5945630163197788
4,3760,-0.6059860145113483
4,3761,-0.4783170602734659
4,3762,-0.6027960865503451
4,3763,-1.1187803071052091
4,3764,-0.9318592634612192
4,3765,-0.7646553615257528
4,3766,-0.6200596502738869
4,3767,-0.5561106796930265
4,3768,-0.4228407991912888
4,3769,-0.48465212662266954
4,3770,-0.6491138606742858
4,3771,-0.5417794974528439
4,3772,-0.538917116733303
4,3773,-0.499158479312349
4,3775,-0.676373720647412
4,3776,-0.8529458173706942
4,3777,-0.6786101242904115
4,3778,-0.49736895851991736
4,3779,-0.6257124939125257
4,3780,-0.6169048992496298
4,3781,-0.6580945360429314
4,3782,-0.5552776790479329
4,3783,-0.3865472140593958
4,3784,-0.06388489964187218
4,3785,-0.5294474666797431
4,3786,-0.5040730802394483
4,3787,-0.57842773373466
4,3788,-0.44798971599713006
4,3789,-0.5877032768336132
4,3790,-0.4258620307057357
4,3791,-0.5954856034771426
4,3792,-0.5062894344832464
4,3793,-0.4217858793347682
4,3794,-0.5506787758327947
4,3795,-0.7300207956124466
4,3796,-0.7577106108767734
4,3797,-0.7130369284357948
4,3798,-0.3693092121954631
4,3799,-0.45480496172397666
4,3800,-0.7828567892690365
4,3801,-0.703973659212245
4,3802,-0.594135671267534
4,3803,-0.747920440124605
4,3804,-0.5725527702835087
4,3805,-0.5926124040060883
4,3806,-0.9041232069554958
4,3807,-1.0450595687532303
4,3808,-0.7445873760247819
4,3809,-0.5206012809777614
4,3810,-0.5976856773822009
4,3811,-0.5462365984777634
4,3812,-0.3497652551231718
4,3813,-0.4028780318314566
4,3814,-0.5227746719091168
4,3815,-0.7282541484721304
4,3816,-0.6491355722042228
4,3817,-0.9107378174174086
4,3818,-0.7008123130795716
4,3819,-0.9583606941552525
4,3820,-0.5379132961795056
4,3821,-0.8532486577881173
4,3822,-0.9263729935231331
4,3823,-2.585774076389867
4,3824,-1.6402483227343125
4,3825,-1.1246318765738295
4,3826,-1.0366899344260636
4,3827,-0.8505577641230382
4,3828,-0.7226285206724292
4,3829,-0.5782774527370942
4,3830,-0.4748602678945628
4,3831,-0.5676995369173716
4,3832,-0.6378266912642179
4,3833,-0.996834925479979
4,3834,-0.699273043177207
4,3835,-1.093536815190004
4,3836,-1.1627127710518834
4,3837,-1.1827872906294559
4,3838,-1.8038964796589956
4,3839,-1.8848046074922673
4,3840,-1.8443447816486815
4,3841,-1.8330474681565987
4,3842,-2.062392672966475
4,3843,-1.9559965783853437
4,3844,-2.6670637580622505
4,3845,-4.197127370377712
4,3846,-3.427184107608448
4,3847,-1.8328040540388681
4,3848,-1.5178912403055902
4,3849,-1.4252708233048008
4,3850,-1.1361138163882492
4,3851,-0.5113524487902209
4,3852,-0.499710356003269
4,3853,-1.1265895512078803
4,3854,-1.027899905725129
4,3855,-1.3991060049535582
4,3856,-1.0167513590171717
4,3857,-0.9846300295540032
4,3858,-1.5861468163312042
4,3859,-1.641442167496076
4,3860,-1.2395490861438854
4,3861,-0.8722310399853083
4,3862,-0.8787825518632388
4,3863,-0.8885766790906099
4,3864,-1.054606094451242
4,3865,-0.9876613568839188
4,3866,-0.9721311579086364
4,3867,-1.1526681502034033
4,3868,-1.149854046891848
4,3869,-1.83382911433345
4,3870,-1.6149969269466027
4,3871,-1.1608452805843184
4,3872,-1.5723383907098754
4,3873,-1.4850427688200618
4,3874,-1.1481340849931112
4,3875,-1.0906401097533316
4,3876,-1.1151676723678088
4,3877,-1.1314568253912656
4,3878,-1.0531789196314174
4,3879,-1.1418163635293266
4,3880,-1.418979988024541
4,3947,-0.6055342298931569
5,3507,-0.046733421317321444
5,3508,-0.0661287431668472
5,3509,-0.15354466059082286
5,3510,-0.3113668124232899
5,3511,-0.32800500750650563
5,3512,-0.2582320433988453
5,3513,0.15984972085077065
5,3514,0.7219175934543179
5,3515,1.041026776627353
5,3516,1.1871126895697794
5,3517,0.7603521886274813
5,3518,1.234496609356734
5,3519,1.6869351376344337
5,3520,0.3542930700367133
5,3521,3.5256753957570717
5,3522,2.8331855499153282
5,3523,1.6111584879393246
5,3524,2.2906933560440628
5,3525,2.180444224275585
5,3526,2.2095353843609846
5,3527,2.052525135828694
5,3528,1.9499945725172512
5,3529,1.4960092266131924
5,3530,1.9044389481784365
5,3531,2.146852891984969
5,3532,2.0300495329681416
5,3533,1.7747442808372065
5,3534,2.535989374622299
5,3535,1.0794493182762535
5,3536,0.7871851218733661
5,3537,0.7476855390287842
5,3538,0.7029503426155167
5,3539,0.6520721550536731
5,3540,0.9502736787019321
5,3541,0.5848968444275253
5,3542,0.8224255282473556
5,3543,-0.18171576289441188
5,3544,-0.1168738410506289
5,3545,-0.34251805286995746
5,3546,-0.4893058764816956
5,3547,-0.4454291761306163
5,3548,-0.42360203975927546
5,3549,-0.4385010318716803
5,3550,-0.44922097286750756
5,3551,-0.38238284303183245
5,3552,-0.3703465270435596
5,3553,-0.41528500088783876
5,3554,-0.47876545707375917
5,3555,-0.569148964648715
5,3556,-0.5751378792601742
5,3557,-0.5754018870153369
5,3558,-0.5238298777304153
5,3559,-0.5081787382403226
5,3560,-0.5263318501853081
5,3561,-0.5459687930636835
5,3562,-0.5973758041281868
5,3563,-0.6623316689413089
5,3564,-0.574316041432318
5,3565,-0.5759719904693286
5,3566,-0.402717226588639
5,3567,-0.4318491124730467
5,3568,-0.43604502253055216
5,3569,-0.46365350002652483
5,3570,-0.5606653194077633
5,3571,-0.5340911456550266
5,3572,-0.5442924394533949
5,3573,-0.5353100751377305
5,3574,-0.4084912493964539
5,3575,-0.5565295859833654
5,3576,-0.5821791016855207
5,3577,-0.49377255471681275
5,3578,-0.5288088271371233
5,3579,-0.5329168421300446
5,3580,-0.550988739824845
5,3581,-0.6991837139224178
5,3582,-0.4714227648160103
5,3583,-0.5080110599975757
5,3584,-0.5984870341139499
5,3585,-0.5751935743851365
5,3586,-0.4011507700312278
5,3587,-0.48427266540622604
5,3588,-0.5203854277176219
5,3589,-0.4958714038753026
5,3590,-0.5945236194544633
5,3592,-0.5294386440520844
5,3593,-0.5625667914267702
5,3594,-0.500321079204746
5,3595,-0.6210797922434107
5,3596,-0.5852786590681875
5,3597,-0.6075664433083261
5,3598,-0.5350566066339129
5,3599,-0.45488279968777995
5,3600,-0.5718474251987117
5,3601,-0.5124657206677103
5,3602,-0.4540790404334494
5,3603,-0.44197762868923796
5,3604,-0.4954306004805221
5,3605,-0.44054141887802734
5,3606,-0.4891676522914013
5,3607,-0.5142953239900393
5,3608,-0.5131013203962944
5,3609,-0.5356054202893791
5,3610,-0.5461507398433086
5,3611,-0.5334531655720681
5,3612,-0.4775646510093314
5,3613,-0.5109669264022262
5,3614,-0.5138616433351729
5,3615,-0.610903468178302
5,3616,-0.4968182928725878
5,3617,-0.47706464563140455
5,3618,-0.5104551669087928
5,3619,-0.5160185901839525
5,3620,-0.6007050094241885
5,3621,-0.5529280948974193
5,3622,-0.4856962851402957
5,3623,-0.4756220757728684
5,3624,-0.5685424927705358
5,3625,-0.656311275026907
5,3626,-0.48528357189253263
5,3627,-0.5021076974535335
5,3628,-0.6899101773679699
5,3629,-0.5214906844033216
5,3630,-0.4901157476817877
5,3631,-0.550770553983787
5,3632,-0.5116882505960321
5,3633,-0.47842897951536106
5,3634,-0.5271371081010175
5,3635,-0.42995841990784883
5,3636,-0.4863025708724267
5,3637,-0.4971637951266981
5,3638,-0.5543088515008116
5,3639,-0.5683092891209205
5,3640,-0.5702909981549616
5,3641,-0.5573122121753196
5,3642,-0.47552378201628315
5,3643,-0.5171702451777884
5,3644,-0.5706719062630539
5,3645,-0.5710538809970103
5,3646,-0.5300501530195049
5,3647,-0.5160299991353936
5,3648,-0.6090021918789359
5,3649,-0.49121672483598894
5,3650,-0.5153748626052908
5,3651,-0.4626623713410461
5,3652,-0.4849496392199387
5,3653,-0.5438739295503393
5,3654,-0.5602757918740129
5,3655,-0.5270621106994745
5,3656,-0.5111435733980536
5,3657,-0.5691894786602324
5,3658,-0.4296443708104245
5,3659,-0.46544353978025893
5,3660,-0.5059245336253533
5,3661,-0.5140644196426829
5,3662,-0.5004454125628998
5,3663,-0.3813336614297754
5,3664,-0.4186043661728765
5,3665,-0.4943934858752866
5,3666,-0.5587586490526141
5,3667,-0.5825162195775342
5,3668,-0.5914208234220204
5,3669,-0.5565271191926137
5,3670,-0.5303867767349023
5,3671,-0.5894316207090592
5,3672,-0.6127678926686668
5,3673,-0.48420527994984286
5,3674,-0.4741314576139571
5,3675,-0.4889355645214716
5,3676,-0.4143221538555432
5,3677,-0.5261634007038763
5,3678,-0.5511542295003086
5,3679,-0.5056842161947928
5,3680,-0.565442526593554
5,3681,-0.5364441306296174
5,3682,-0.5853605076637795
5,3683,-0.4833054361489384
5,3684,-0.5501791166096677
5,3685,-0.5299144532665021
5,3686,-0.5531340715028349
5,3687,-0.4768097666723896
5,3688,-0.5747607184416987
5,3689,-0.5629111645317104
5,3690,-0.5211675472576446
5,3691,-0.5526417951803603
5,3692,-0.44537114657544347
5,3693,-0.4711028109062059
5,3694,-0.548124868685112
5,3695,-0.4923378059086656
5,3696,-0.48856523735278484
5,3697,-0.28829810925419325
5,3698,-0.29961930388370595
5,3699,-0.5651617896954179
5,3700,-0.4759901116088234
5,3701,-0.47499820581956576
5,3702,-0.4389613550672387
5,3703,-0.4670937217782777
5,3704,-0.5177230373387219
5,3705,-0.393881063760377
5,3706,-0.4866375402484941
5,3707,-0.37230038736500526
5,3708,-0.6005563585547287
5,3709,-0.5755280066639721
5,3710,-0.76666495872214
5,3711,-0.7867013922343813
5,3712,-0.6276293743714753
5,3713,-0.6894738688724709
5,3714,-0.5168229166391972
5,3715,-0.4976845961981255
5,3716,-0.5802601417202895
5,3717,-0.6706467734982298
5,3718,-0.5698006570150216
5,3719,-0.6403678805532196
5,3720,-0.6202018387294325
5,3721,-0.5715678697825617
5,3722,-0.5526607316332233
5,3723,-0.5098991975473869
5,3724,-0.6750028732042246
5,3725,-0.49086332185563897
5,3727,-0.3017292980799592
5,3728,-0.3163975491596735
5,3729,-0.48626544309574565
5,3730,-0.4239090767483295
5,3731,-0.2409538358842286
5,3733,-0.5671790012363559
5,3734,-0.5147185794117304
5,3735,-0.5772501379125717
5,3736,-0.6827396510887743
5,3737,-0.4436146286196599
5,3738,-0.3588542431889014
5,3739,-0.4792074810585398
5,3740,-0.2606987767835216
5,3741,-0.1777148435590443
5,3742,-0.3540546887132682
5,3743,-0.34640651852625975
5,3744,-0.28481027605689113
5,3745,-0.2879336737049532
5,3746,-0.3757703668820639
5,3747,-0.4184835715524251
5,3748,-0.3537041088486276
5,3749,-0.46673101604252454
5,3750,-0.5227563461103722
5,3751,-0.23544667710815237
5,3752,-0.40410125557808885
5,3753,-0.34369948880975787
5,3754,-0.5495563307940023
5,3755,-0.4899320268307808
5,3756,-0.5352329491224578
5,3757,-0.5293689112331101
5,3758,-0.5743137051504061
5,3759,-0.5129188937938021
5,3760,-0.5405845443582002
5,3761,-0.335687676617304
5,3762,-0.49018342641135476
5,3763,-0.9295232459426328
5,3764,-0.7252678709344091
5,3765,-0.5675137554455851
5,3766,-0.47339402495704186
5,3767,-0.43935667041765497
5,3768,-0.30799200314983466
5,3769,-0.4237976475331048
5,3770,-0.5798326513644098
5,3771,-0.39466329157619073
5,3772,-0.43700246877642324
5,3773,-0.42647411795725343
5,3775,-0.6315772308339276
5,3776,-0.7145250021208034
5,3777,-0.5117926034437956
5,3778,-0.37175154840714564
5,3779,-0.5012050781405208
5,3780,-0.524964887659145
5,3781,-0.5472006069151814
5,3782,-0.46376941125125
5,3783,-0.2493942935079536
5,3784,-0.01572395483696059
5,3785,-0.3864868515557537
5,3786,-0.3756457212478637
5,3787,-0.46593771086901187
5,3788,-0.3861661803021247
5,3789,-0.47045910872787666
5,3790,-0.33401736804960475
5,3791,-0.5296716951121617
5,3792,-0.3326859342467413
5,3793,-0.28040724471353323
5,3794,-0.4247913863992693
5,3795,-0.5859774405526559
5,3796,-0.6165072373184165
5,3797,-0.5351146787712517
5,3798,-0.2454235349872113
5,3799,-0.3321566036524425
5,3800,-0.6458066442867854
5,3801,-0.5593358955877387
5,3802,-0.5257376289002667
5,3803,-0.6999044426968561
5,3804,-0.47268035017177645
5,3805,-0.516331370949604
5,3806,-0.8997184767700919
5,3807,-0.8913390631200132
5,3808,-0.5281262559398585
5,3809,-0.3594508462943992
5,3810,-0.49373468382822394
5,3811,-0.44652428818535
5,3812,-0.33318061988389264
5,3813,-0.36167628658547113
5,3814,-0.4867916919727446
5,3815,-0.698322770007472
5,3816,-0.5154832262689145
5,3817,-0.8640873792962986
5,3818,-0.6734186890726767
5,3819,-0.9761830229408477
5,3820,-0.3822835551482192
5,3821,-0.8308040277879334
5,3822,-0.9961492566760449
5,3823,-2.565042294471927
5,3824,-1.549209407593139
5,3825,-0.9469827787498909
5,3826,-0.8640081357781527
5,3827,-0.6363605934501573
5,3828,-0.541632495672567
5,3829,-0.3072564316106024
5,3830,-0.38905772124214844
5,3831,-0.49951548191586365
5,3832,-0.5490419872181754
5,3833,-1.0894505026391252
5,3834,-0.7761070540898811
5,3835,-1.2241047217217846
5,3836,-1.1959030201598377
5,3837,-1.222840064801181
5,3838,-1.7999192691082695
5,3839,-1.8959407704566997
5,3840,-1.8394316097644543
5,3841,-1.8017651724360477
5,3842,-2.065150119603565
5,3843,-1.8874045933456087
5,3844,-2.48876383944625
5,3845,-3.9588738846998486
5,3846,-3.30309529025156
5,3847,-1.7937010359757009
5,3848,-1.4141466726556415
5,3849,-1.3478381608542795
5,3850,-0.9267826169330711
5,3851,-0.4082246353296208
5,3852,-0.39721638874391013
5,3853,-1.16529564610755
5,3854,-1.0833079130276928
5,3855,-1.5134386274750546
5,3856,-1.0600997354585948
5,3857,-1.0437884486381293
5,3858,-1.5852830242073397
5,3859,-1.678216315519809
5,3860,-1.2893882911502481
5,3861,-0.9310025772198467
5,3862,-0.9597824191765657
5,3863,-0.9181574886630404
5,3864,-1.1380531562663567
5,3865,-1.0533986673326858
5,3866,-1.0485227328665936
5,3867,-1.155535044719972
5,3868,-1.1797231141878575
5,3869,-1.787945595164441
5,3870,-1.5787826765283135
5,3871,-1.0978914005255058
5,3872,-1.5711903127384006
5,3873,-1.4776492042664715
5,3874,-1.1629958272526648
5,3875,-1.1551502775301392
5,3876,-1.171687007176335
5,3877,-1.1982418883252826
5,3878,-1.1152058154993085
5,3879,-1.1997879389966422
5,3880,-1.5092112039969066
5,3947,-0.5233128072024161
6,3507,-0.10854681523247568
6,3508,-0.12558135888685532
6,3509,-0.19600134108990563
6,3510,-0.29454113986478037
6,3511,-0.3389405076353215
6,3512,-0.27801674806804244
6,3513,0.09436335265764884
6,3514,0.5560201755261234
6,3515,0.7706398625991514
6,3516,0.8817348331146805
6,3517,0.48834153081869536
6,3518,0.8737889970802589
6,3519,1.055654646532351
6,3520,0.3813664523039959
6,3521,1.9592937413174358
6,3522,1.6865549142968426
6,3523,1.1051724489941175
6,3524,1.3135652402734777
6,3525,1.2398371154656869
6,3526,1.4234770740320175
6,3527,1.0239678254796922
6,3528,0.8512349062735005
6,3529,0.7822435130995516
6,3530,0.9533411974329723
6,3531,0.9100778426983396
6,3532,1.0818302810058162
6,3533,0.9711379898921195
6,3534,0.982510197590584
6,3535,0.6999584610950068
6,3536,0.4352956509857302
6,3537,0.4356990563518591
6,3538,0.3917794723987015
6,3539,0.3618015055926365
6,3540,0.39938209266927094
6,3541,0.3020894803782904
6,3542,0.29784019280370505
6,3543,-0.11305284918251485
6,3544,-0.08636216745562329
6,3545,-0.30706587998536933
6,3546,-0.3735884638802038
6,3547,-0.3730396478099111
6,3548,-0.3706495379168491
6,3549,-0.37970669496417536
6,3550,-0.374919756162235
6,3551,-0.33101914714868713
6,3552,-0.32352125574875124
6,3553,-0.3700133351609678
6,3554,-0.39356439767217244
6,3555,-0.443698807212143
6,3556,-0.41518980851897697
6,3557,-0.4116836881529689
6,3558,-0.3769530422656847
6,3559,-0.37163633524972495
6,3560,-0.3825609098905986
6,3561,-0.39558962803232905
6,3562,-0.4467201723016207
6,3563,-0.4989925038200164
6,3564,-0.42720203319995514
6,3565,-0.42461728077518857
6,3566,-0.310140039055065
6,3567,-0.2980885485329548
6,3568,-0.3059233524841646
6,3569,-0.314919471846221
6,3570,-0.4468317537381677
6,3571,-0.3807134085051761
6,3572,-0.39048700499669436
6,3573,-0.38947537026909745
6,3574,-0.2841532339719793
6,3575,-0.377062761240903
6,3576,-0.39148399235201775
6,3577,-0.34994994383522404
6,3578,-0.3267174826991742
6,3579,-0.38187034042863216
6,3580,-0.41488124180434716
6,3581,-0.5131426953754717
6,3582,-0.3341260736553047
6,3583,-0.3400345459089207
6,3584,-0.4097001913261885
6,3585,-0.3999756851289526
6,3586,-0.3040411478764797
6,3587,-0.3172274911097833
6,3588,-0.32611943617222927
6,3589,-0.32326085546622
6,3590,-0.44830672022757595
6,3592,-0.3805074312432802
6,3593,-0.4424504054309759
6,3594,-0.3666284633298973
6,3595,-0.4211268218832818
6,3596,-0.4009189616972642
6,3597,-0.4507499860866324
6,3598,-0.33484323879085137
6,3599,-0.2934897740508215
6,3600,-0.36071296506574957
6,3601,-0.39897350320934993
6,3602,-0.31165504773660413
6,3603,-0.32036624507404626
6,3604,-0.34155590347195003
6,3605,-0.3111495812261166
6,3606,-0.35286433278724844
6,3607,-0.40303002051704606
6,3608,-0.3496271167446588
6,3609,-0.41271587043886476
6,3610,-0.38833423279349677
6,3611,-0.4046065997512955
6,3612,-0.33763401275460114
6,3613,-0.3554641303082587
6,3614,-0.34459718116921934
6,3615,-0.4929434737835457
6,3616,-0.35565336792035895
6,3617,-0.3368911029310585
6,3618,-0.3192728021372983
6,3619,-0.33191471245530757
6,3620,-0.48355192243288003
6,3621,-0.43668334506304207
6,3622,-0.384634485038457
6,3623,-0.32797287408172476
6,3624,-0.42819517650142375
6,3625,-0.46424346644754866
6,3626,-0.3441107469320007
6,3627,-0.38155490266349545
6,3628,-0.5566557803223297
6,3629,-0.35665958880971255
6,3630,-0.34632127259591866
6,3631,-0.3887648766876067
6,3632,-0.3834407617529697
6,3633,-0.3491369528907941
6,3634,-0.36901173065555215
6,3635,-0.33178663900622507
6,3636,-0.36545786382223855
6,3637,-0.36292555330212445
6,3638,-0.4248086065315615
6,3639,-0.4278953640780253
6,3640,-0.4338409794156452
6,3641,-0.41781803767759773
6,3642,-0.36254317448219514
6,3643,-0.3450665932452089
6,3644,-0.39635427924572664
6,3645,-0.3820679701872273
6,3646,-0.36597756158133515
6,3647,-0.34899955683488143
6,3648,-0.47232202530589723
6,3649,-0.3463663066745864
6,3650,-0.35204319759977715
6,3651,-0.3496498304441835
6,3652,-0.3630064228949684
6,3653,-0.36609710360782866
6,3654,-0.3908371911206307
6,3655,-0.36699591535137127
6,3656,-0.38343591405188476
6,3657,-0.3952285203600411
6,3658,-0.2511872307112661
6,3659,-0.3125068070142663
6,3660,-0.35153984539532995
6,3661,-0.3965474624598039
6,3662,-0.35773867360306033
6,3663,-0.23723777945576474
6,3664,-0.2902472829240912
6,3665,-0.3617836008067149
6,3666,-0.41580395754949917
6,3667,-0.4433775420127116
6,3668,-0.45537050902585663
6,3669,-0.4194215927220621
6,3670,-0.4004495170298931
6,3671,-0.45913139237392064
6,3672,-0.46762653128505605
6,3673,-0.3452224082352004
6,3674,-0.3295921425896519
6,3675,-0.3198608581184444
6,3676,-0.295651016924494
6,3677,-0.3580926075965302
6,3678,-0.39302442683800604
6,3679,-0.34914794240210356
6,3680,-0.41945813288205447
6,3681,-0.4098353744989576
6,3682,-0.4071612751829994
6,3683,-0.34014067355954186
6,3684,-0.38897583025257293
6,3685,-0.3658684625668397
6,3686,-0.4236643353004737
6,3687,-0.32282454433356766
6,3688,-0.4263170281912547
6,3689,-0.4372429460876078
6,3690,-0.4062914925329231
6,3691,-0.4702622766259052
6,3692,-0.3311009540285398
6,3693,-0.29726318985771344
6,3694,-0.3572979290131715
6,3695,-0.39129647301471226
6,3696,-0.34495769499508794
6,3697,-0.14194016070713528
6,3698,-0.1634308157781116
6,3699,-0.3629781062199249
6,3700,-0.3727422602071168
6,3701,-0.39216257091408874
6,3702,-0.24200482581777752
6,3703,-0.31309117470825637
6,3704,-0.31617910012936346
6,3705,-0.2016782983673097
6,3706,-0.35526341086761143
6,3707,-0.2362817657141942
6,3708,-0.4951625442658995
6,3709,-0.3116590828213724
6,3710,-0.4941908517328912
6,3711,-0.5097060213033465
6,3712,-0.3979189331465011
6,3713,-0.4127630378153812
6,3714,-0.2741308824862412
6,3715,-0.2594594772286181
6,3716,-0.36877183852858225
6,3717,-0.40137823082541124
6,3718,-0.4715573630346722
6,3719,-0.40594615796253614
6,3720,-0.4095886086933696
6,3721,-0.39853400734271555
6,3722,-0.39779389872443527
6,3723,-0.4062621211398958
6,3724,-0.4961249332870825
6,3725,-0.3598434420833573
6,3727,-0.12138333350738083
6,3728,-0.20233200358692646
6,3729,-0.3226497920197899
6,3730,-0.2373040984817131
6,3731,-0.13243104777230089
6,3733,-0.37786689969772574
6,3734,-0.32021202905879326
6,3735,-0.40622901145947105
6,3736,-0.388723228388634
6,3737,-0.27904771488562796
6,3738,-0.20200968355534613
6,3739,-0.2709906494514754
6,3740,-0.14600000727496157
6,3741,-0.07801413055521561
6,3742,-0.18786886025858082
6,3743,-0.17780586254663555
6,3744,-0.1620310745305869
6,3745,-0.15264475807115715
6,3746,-0.2772063092682263
6,3747,-0.2950479824133974
6,3748,-0.21749644043211225
6,3749,-0.29783697649029756
6,3750,-0.3706799268662703
6,3751,-0.1286534121939281
6,3752,-0.23477338450127086
6,3753,-0.21045917048840057
6,3754,-0.4146174813178783
6,3755,-0.34791733169996547
6,3756,-0.36552868932637084
6,3757,-0.34126051159122095
6,3758,-0.4684555193302719
6,3759,-0.34958338179328113
6,3760,-0.4045852331839145
6,3761,-0.18241714996231853
6,3762,-0.3195127081255983
6,3763,-0.6489369305158388
6,3764,-0.4863067599002533
6,3765,-0.29057792426021806
6,3766,-0.2672915523676547
6,3767,-0.26097197803544453
6,3768,-0.16592304069690128
6,3769,-0.315991845126681
6,3770,-0.3693217063353623
6,3771,-0.23532041838232706
6,3772,-0.25468965148926337
6,3773,-0.26420535904526843
6,3775,-0.4285827297220584
6,3776,-0.469982006533972
6,3777,-0.3354082925510852
6,3778,-0.24383858769597488
6,3779,-0.3258683060928362
6,3780,-0.3317273813618013
6,3781,-0.3569488091164966
6,3782,-0.30182044155693327
6,3783,-0.152598055979419
6,3784,-0.0063968077683752254
6,3785,-0.20238869193268783
6,3786,-0.22644092010894637
6,3787,-0.3214703174502814
6,3788,-0.27699777162820466
6,3789,-0.2959453807255816
6,3790,-0.20140995286072974
6,3791,-0.3081605523150159
6,3792,-0.15138233251429697
6,3793,-0.1422337934610992
6,3794,-0.26609524841020654
6,3795,-0.34888440601526793
6,3796,-0.34939940817273135
6,3797,-0.32568569989173207
6,3798,-0.12984787123277858
6,3799,-0.1861326094329853
6,3800,-0.38663765081981294
6,3801,-0.3366933961218867
6,3802,-0.4300089120600722
6,3803,-0.5103596283956326
6,3804,-0.3362933749139202
6,3805,-0.3372567480836102
6,3806,-0.6976514655197174
6,3807,-0.5980241495699146
6,3808,-0.3570690364802003
6,3809,-0.19600441246312697
6,3810,-0.2947205513891643
6,3811,-0.2958203043557987
6,3812,-0.3184859096403558
6,3813,-0.27242117605518007
6,3814,-0.4130658498919026
6,3815,-0.5560857918817398
6,3816,-0.31707642094158883
6,3817,-0.6224398591785038
6,3818,-0.44963321867953204
6,3819,-0.7154238200825448
6,3820,-0.22959753124795637
6,3821,-0.6675533955786528
6,3822,-0.895568526864362
6,3823,-2.112838280655223
6,3824,-1.170147280580007
6,3825,-0.6103878110808162
6,3826,-0.6098046961925442
6,3827,-0.4531164030803792
6,3828,-0.3337829189004101
6,3829,-0.20222630197366473
6,3830,-0.25523783050227283
6,3831,-0.36786272124935165
6,3832,-0.41576235761907004
6,3833,-0.8842535252062093
6,3834,-0.6771311226704833
6,3835,-1.1244318652728615
6,3836,-1.1107830790422304
6,3837,-1.1291128880510977
6,3838,-1.6752788622355217
6,3839,-1.7498881121741718
6,3840,-1.6935327471678254
6,3841,-1.6834089908684138
6,3842,-1.9539993422161974
6,3843,-1.7180181767516858
6,3844,-2.2501584333743945
6,3845,-3.617205579773285
6,3846,-2.981451038856346
6,3847,-1.3887702349673863
6,3848,-0.9970642108885371
6,3849,-0.9197901991642549
6,3850,-0.5857033698567005
6,3851,-0.2695816478896725
6,3852,-0.2952055892321943
6,3853,-0.8831378043253328
6,3854,-0.9462028244371397
6,3855,-1.3375241523443184
6,3856,-0.9462458001089114
6,3857,-0.9642088328455002
6,3858,-1.379582311035345
6,3859,-1.4821087523898862
6,3860,-1.2067083327067605
6,3861,-0.8816359217008732
6,3862,-0.865624553930427
6,3863,-0.8993133909966826
6,3864,-1.0606752815852
6,3865,-0.9766681742901823
6,3866,-0.9502242960547317
6,3867,-1.0828030468847898
6,3868,-1.0946752798644246
6,3869,-1.6750656044058163
6,3870,-1.4824020999493082
6,3871,-0.9587186627499865
6,3872,-1.412993995342377
6,3873,-1.3225012915135335
6,3874,-1.0674377696440336
6,3875,-1.0856187902813632
6,3876,-1.1004042855237066
6,3877,-1.1111058931793383
6,3878,-1.023481945686613
6,3879,-1.116097100393815
6,3880,-1.3217653696937275
6,3947,-0.42830757930022445
