WP4;DRN;campaign;alpha;beta;gamma
3507;France;1;0.827553475;0.124989223;0.952542697
3507;France;2;0.888058512;0.037641908;0.92570042
3507;France;3;0.803910709;0.109512413;0.913423121
3507;France;4;0.828542641;0.094693573;0.923236214
3507;France;5;0.88480371;0.051872464;0.936676174
3838;France;1;0.766050361;0.064460374;0.830510735
3838;France;2;0.63552021;0.161866918;0.797387128
3838;France;3;0.626760612;0.168626926;0.795387537
3838;France;4;0.737771197;0.088385839;0.826157036
3838;France;5;0.811740025;0.037257277;0.848997302
3839;France;1;0.823948732;0.033563253;0.857511985
3839;France;2;0.734778395;0.087267977;0.822046372
3839;France;3;0.727089952;0.093491283;0.820581235
3839;France;4;0.719957854;0.099797077;0.819754931
3839;France;5;0.82520465;0.032924416;0.858129065
3840;France;1;0.823948732;0.033563253;0.857511985
3840;France;2;0.734778395;0.087267977;0.822046372
3840;France;3;0.727089952;0.093491283;0.820581235
3840;France;4;0.719957854;0.099797077;0.819754931
3840;France;5;0.82520465;0.032924416;0.858129065
3868;France;1;0.789307563;0.050685999;0.839993562
3868;France;2;0.695967551;0.114905681;0.810873232
3868;France;3;0.681060229;0.126073524;0.807133753
3868;France;4;0.748943659;0.081941444;0.830885102
3868;France;5;0.842399576;0.024073719;0.866473294
3841;France;1;0.823032264;0.031116886;0.85414915
3841;France;2;0.725813427;0.09359642;0.819409847
3841;France;3;0.715381513;0.101529073;0.816910586
3841;France;4;0.760706105;0.075882094;0.8365882
3841;France;5;0.828686884;0.031372747;0.86005963
3842;France;1;0.819443635;0.032099427;0.851543062
3842;France;2;0.719321354;0.098420394;0.817741748
3842;France;3;0.706702049;0.107779994;0.814482043
3842;France;4;0.756411604;0.077872864;0.834284468
3842;France;5;0.825979253;0.031931934;0.857911187
3843;France;1;0.80896476;0.037377868;0.846342629
3843;France;2;0.698690279;0.113400672;0.812090951
3843;France;3;0.685497199;0.123288543;0.808785741
3843;France;4;0.745686875;0.083548512;0.829235387
3843;France;5;0.81881394;0.034154153;0.852968093
3844;France;1;0.775428436;0.058769175;0.834197611
3844;France;2;0.67899947;0.128166655;0.807166125
3844;France;3;0.667469328;0.136959045;0.804428373
3844;France;4;0.740754543;0.09327785;0.834032392
3844;France;5;0.819297076;0.032589646;0.851886722
3855;France;1;0.708722339;0.104863164;0.813585503
3855;France;2;0.637298246;0.159319201;0.796617446
3855;France;3;0.626466357;0.167686684;0.794153041
3855;France;4;0.684852831;0.123700648;0.808553479
3855;France;5;0.829718826;0.034124616;0.863843442
3856;France;1;0.792297831;0.04913543;0.84143326
3856;France;2;0.701066255;0.111065579;0.812131834
3856;France;3;0.68730678;0.121421459;0.808728239
3856;France;4;0.701702733;0.110485706;0.812188439
3856;France;5;0.827745763;0.031141869;0.858887632
3857;France;1;0.775059082;0.059032121;0.834091203
3857;France;2;0.669972351;0.134393129;0.804365481
3857;France;3;0.656873662;0.144352553;0.801226215
3857;France;4;0.7140252;0.1015152;0.8155404
3857;France;5;0.835166557;0.029125079;0.864291636
3845;France;1;0.770613783;0.061530749;0.832144532
3845;France;2;0.667610454;0.135919324;0.803529778
3845;France;3;0.65666629;0.144427082;0.801093373
3845;France;4;0.584718474;0.200919886;0.78563836
3845;France;5;0.760214585;0.069896834;0.830111419
3846;France;1;0.770613783;0.061530749;0.832144532
3846;France;2;0.667610454;0.135919324;0.803529778
3846;France;3;0.65666629;0.144427082;0.801093373
3846;France;4;0.584718474;0.200919886;0.78563836
3846;France;5;0.760214585;0.069896834;0.830111419
3854;France;1;0.811533634;0.036262517;0.847796152
3854;France;2;0.733315833;0.087756686;0.821072519
3854;France;3;0.718323688;0.098720882;0.817044569
3854;France;4;0.73449321;0.086760109;0.821253319
3854;France;5;0.837271156;0.03005047;0.867321626
3847;France;1;0.730346769;0.089187252;0.819534021
3847;France;2;0.663544315;0.139299804;0.802844119
3847;France;3;0.650671179;0.149246803;0.799917982
3847;France;4;0.752507845;0.088869668;0.841377513
3847;France;5;0.817009611;0.032903425;0.849913036
3853;France;1;0.721879062;0.095621752;0.817500815
3853;France;2;0.649238189;0.150643603;0.799881792
3853;France;3;0.631934545;0.163965485;0.795900029
3853;France;4;0.72484208;0.107373438;0.832215518
3853;France;5;0.811288346;0.048487145;0.859775491
3848;France;1;0.784502709;0.051899793;0.836402502
3848;France;2;0.729133967;0.090630946;0.819764913
3848;France;3;0.718761092;0.09885602;0.817617112
3848;France;4;0.729678014;0.09087625;0.820554264
3848;France;5;0.796230228;0.046418573;0.842648802
3849;France;1;0.784502709;0.051899793;0.836402502
3849;France;2;0.729133967;0.090630946;0.819764913
3849;France;3;0.718761092;0.09885602;0.817617112
3849;France;4;0.729678014;0.09087625;0.820554264
3849;France;5;0.796230228;0.046418573;0.842648802
3850;France;1;0.784502709;0.051899793;0.836402502
3850;France;2;0.729133967;0.090630946;0.819764913
3850;France;3;0.718761092;0.09885602;0.817617112
3850;France;4;0.729678014;0.09087625;0.820554264
3850;France;5;0.796230228;0.046418573;0.842648802
3851;France;1;0.845738612;0.009264004;0.855002615
3851;France;2;0.792735115;0.043075933;0.835811048
3851;France;3;0.776405961;0.054940749;0.831346709
3851;France;4;0.786709621;0.047712165;0.834421786
3851;France;5;0.85041416;0.007647137;0.858061297
3852;France;1;0.859106169;0.002556172;0.861662341
3852;France;2;0.811875235;0.030599824;0.842475059
3852;France;3;0.797381877;0.040965557;0.838347435
3852;France;4;0.807003923;0.034521255;0.841525178
3852;France;5;0.862518598;0.00246579;0.864984389
3858;France;1;0.8142032;0.035264516;0.849467716
3858;France;2;0.704124097;0.108784357;0.812908454
3858;France;3;0.688970968;0.120130709;0.809101677
3858;France;4;0.739733056;0.083285192;0.823018248
3858;France;5;0.826130835;0.032049852;0.858180687
3865;France;1;0.74833207;0.076342698;0.824674767
3865;France;2;0.603489023;0.186016817;0.789505839
3865;France;3;0.589367341;0.197045876;0.786413217
3865;France;4;0.651281528;0.148346377;0.799627904
3865;France;5;0.80601411;0.040332112;0.846346221
3859;France;1;0.707294153;0.106339422;0.813633575
3859;France;2;0.598152375;0.190702504;0.788854879
3859;France;3;0.579679042;0.20506403;0.784743072
3859;France;4;0.732281844;0.119062857;0.851344701
3859;France;5;0.811813481;0.062486443;0.874299924
3860;France;1;0.70098684;0.111255759;0.812242599
3860;France;2;0.593078051;0.195053704;0.788131755
3860;France;3;0.572909943;0.210695423;0.783605366
3860;France;4;0.705938312;0.111365197;0.817303509
3860;France;5;0.854383149;0.015511521;0.869894671
3863;France;1;0.834878138;0.023241985;0.858120122
3863;France;2;0.761897881;0.069031097;0.830928978
3863;France;3;0.739171922;0.08432033;0.823492252
3863;France;4;0.752985913;0.114577412;0.867563325
3863;France;5;0.85315137;0.024152642;0.877304013
3861;France;1;0.843963268;0.028117847;0.872081115
3861;France;2;0.818820642;0.036888664;0.855709307
3861;France;3;0.810611318;0.043581801;0.854193118
3861;France;4;0.804514831;0.059313179;0.863828009
3861;France;5;0.844676487;0.046740432;0.891416919
3862;France;1;0.843963268;0.028117847;0.872081115
3862;France;2;0.818820642;0.036888664;0.855709307
3862;France;3;0.810611318;0.043581801;0.854193118
3862;France;4;0.804514831;0.059313179;0.863828009
3862;France;5;0.844676487;0.046740432;0.891416919
3864;France;1;0.827097676;0.027457877;0.854555553
3864;France;2;0.719583011;0.10108733;0.820670341
3864;France;3;0.690210322;0.121335027;0.811545348
3864;France;4;0.789035646;0.050663235;0.839698881
3864;France;5;0.853948785;0.024969746;0.87891853
3866;France;1;0.753496444;0.073360333;0.826856777
3866;France;2;0.687643033;0.120572702;0.808215735
3866;France;3;0.675070222;0.13021024;0.805280462
3866;France;4;0.740416623;0.096090048;0.836506671
3866;France;5;0.834250727;0.032814495;0.867065222
3867;France;1;0.811343197;0.038635817;0.849979015
3867;France;2;0.733666693;0.088194079;0.821860772
3867;France;3;0.716242559;0.10068045;0.816923008
3867;France;4;0.739858449;0.0868539;0.826712349
3867;France;5;0.821866194;0.033939991;0.855806185
3880;France;1;0.786362291;0.053158861;0.839521152
3880;France;2;0.694913293;0.115827049;0.810740342
3880;France;3;0.681926706;0.125654353;0.807581059
3880;France;4;0.693708931;0.116562441;0.810271373
3880;France;5;0.822779041;0.034312649;0.85709169
3870;France;1;0.826567545;0.033152127;0.859719671
3870;France;2;0.738930685;0.083971146;0.822901831
3870;France;3;0.728712091;0.091881119;0.82059321
3870;France;4;0.740335952;0.083600315;0.823936266
3870;France;5;0.82233645;0.035546906;0.857883356
3871;France;1;0.826567545;0.033152127;0.859719671
3871;France;2;0.738930685;0.083971146;0.822901831
3871;France;3;0.728712091;0.091881119;0.82059321
3871;France;4;0.740335952;0.083600315;0.823936266
3871;France;5;0.82233645;0.035546906;0.857883356
3872;France;1;0.83899155;0.026167157;0.865158708
3872;France;2;0.76049429;0.06888821;0.8293825
3872;France;3;0.749057424;0.077470467;0.82652789
3872;France;4;0.750969094;0.075675917;0.826645011
3872;France;5;0.830268945;0.032150064;0.862419009
3878;France;1;0.774923207;0.060473164;0.835396372
3878;France;2;0.718257934;0.098502362;0.816760295
3878;France;3;0.711767168;0.103785719;0.815552887
3878;France;4;0.746104741;0.08220717;0.828311911
3878;France;5;0.827346188;0.038376398;0.865722587
3873;France;1;0.828182828;0.029136633;0.857319461
3873;France;2;0.734604933;0.086732326;0.82133726
3873;France;3;0.720839492;0.096926506;0.817765998
3873;France;4;0.731797702;0.088807683;0.820605385
3873;France;5;0.82293329;0.033772121;0.85670541
3874;France;1;0.809760371;0.038652144;0.848412515
3874;France;2;0.726575551;0.092538892;0.819114443
3874;France;3;0.712595042;0.10295034;0.815545382
3874;France;4;0.767077044;0.06528708;0.832364124
3874;France;5;0.836270979;0.029985795;0.866256774
3875;France;1;0.809760371;0.038652144;0.848412515
3875;France;2;0.726575551;0.092538892;0.819114443
3875;France;3;0.712595042;0.10295034;0.815545382
3875;France;4;0.767077044;0.06528708;0.832364124
3875;France;5;0.836270979;0.029985795;0.866256774
3876;France;1;0.763494812;0.066482799;0.82997761
3876;France;2;0.657982995;0.14325851;0.801241505
3876;France;3;0.644961608;0.153342988;0.798304596
3876;France;4;0.655738783;0.144865938;0.800604721
3876;France;5;0.811579039;0.038605463;0.850184502
3877;France;1;0.763494812;0.066482799;0.82997761
3877;France;2;0.657982995;0.14325851;0.801241505
3877;France;3;0.644961608;0.153342988;0.798304596
3877;France;4;0.655738783;0.144865938;0.800604721
3877;France;5;0.811579039;0.038605463;0.850184502
3879;France;1;0.752922115;0.07365012;0.826572235
3879;France;2;0.68461957;0.122842484;0.807462054
3879;France;3;0.673711448;0.131247709;0.804959157
3879;France;4;0.734326786;0.090158799;0.824485585
3879;France;5;0.838034702;0.030239568;0.868274269
3508;France;1;0.885177549;0.053336004;0.938513553
3508;France;2;0.907204887;0.00868146;0.915886347
3508;France;3;0.840876031;0.075830005;0.916706036
3508;France;4;0.854299122;0.066535751;0.920834873
3508;France;5;0.778087699;0.149573677;0.927661375
3509;France;1;0.885177549;0.053336004;0.938513553
3509;France;2;0.907204887;0.00868146;0.915886347
3509;France;3;0.840876031;0.075830005;0.916706036
3509;France;4;0.854299122;0.066535751;0.920834873
3509;France;5;0.778087699;0.149573677;0.927661375
3836;France;1;0.777473635;0.058304016;0.835777651
3836;France;2;0.680520747;0.126202264;0.80672301
3836;France;3;0.666814476;0.136691128;0.803505604
3836;France;4;0.682386018;0.124792608;0.807178626
3836;France;5;0.815510372;0.037685169;0.853195541
3837;France;1;0.777473635;0.058304016;0.835777651
3837;France;2;0.680520747;0.126202264;0.80672301
3837;France;3;0.666814476;0.136691128;0.803505604
3837;France;4;0.682386018;0.124792608;0.807178626
3837;France;5;0.815510372;0.037685169;0.853195541
3510;France;1;0.894571723;0.038281473;0.932853196
3510;France;2;0.906042951;0.00409859;0.91014154
3510;France;3;0.839858654;0.072929564;0.912788218
3510;France;4;0.854314899;0.059147454;0.913462353
3510;France;5;0.76925601;0.154146397;0.923402407
3835;France;1;0.746500891;0.100576776;0.847077668
3835;France;2;0.642062558;0.159648908;0.801711466
3835;France;3;0.588179293;0.202540629;0.790719921
3835;France;4;0.51874978;0.258623555;0.777373334
3835;France;5;0.783068552;0.070651275;0.853719827
3511;France;1;0.899439769;0.029225219;0.928664989
3511;France;2;0.902596404;0.010795954;0.913392359
3511;France;3;0.841877317;0.06831408;0.910191397
3511;France;4;0.85532371;0.053521541;0.90884525
3511;France;5;0.767281213;0.154052934;0.921334148
3512;France;1;0.899439769;0.029225219;0.928664989
3512;France;2;0.902596404;0.010795954;0.913392359
3512;France;3;0.841877317;0.06831408;0.910191397
3512;France;4;0.85532371;0.053521541;0.90884525
3512;France;5;0.767281213;0.154052934;0.921334148
3513;France;1;0.907263708;-0.00512809;0.902135618
3513;France;2;0.898234449;-0.006042263;0.892192186
3513;France;3;0.815954687;0.084425812;0.900380499
3513;France;4;0.868520815;0.036063709;0.904584523
3513;France;5;0.761088874;0.153201297;0.914290171
3822;France;1;0.798847181;0.043481526;0.842328708
3822;France;2;0.718498812;0.098121001;0.816619813
3822;France;3;0.706003723;0.10771007;0.813713794
3822;France;4;0.718508421;0.098535237;0.817043659
3822;France;5;0.790271176;0.050030799;0.840301975
3514;France;1;0.90750528;0.009369761;0.916875042
3514;France;2;0.878246823;0.023169351;0.901416174
3514;France;3;0.810907499;0.090991634;0.901899133
3514;France;4;0.844294767;0.057066569;0.901361336
3514;France;5;0.881067114;0.040414953;0.921482067
3515;France;1;0.909161991;0.001461336;0.910623327
3515;France;2;0.886458067;0.006597076;0.893055143
3515;France;3;0.837634779;0.057417601;0.895052379
3515;France;4;0.831812081;0.065476128;0.897288209
3515;France;5;0.883471014;0.037774259;0.921245273
3819;France;1;0.781065673;0.054032679;0.835098352
3819;France;2;0.72196338;0.095653139;0.817616519
3819;France;3;0.71159988;0.103891087;0.815490967
3819;France;4;0.723123057;0.095412917;0.818535974
3819;France;5;0.792219219;0.048570374;0.840789593
3820;France;1;0.781065673;0.054032679;0.835098352
3820;France;2;0.72196338;0.095653139;0.817616519
3820;France;3;0.71159988;0.103891087;0.815490967
3820;France;4;0.723123057;0.095412917;0.818535974
3820;France;5;0.792219219;0.048570374;0.840789593
3516;France;1;0.906800016;9.98E-04;0.90779784
3516;France;2;0.879436623;0.015639142;0.895075766
3516;France;3;0.830463968;0.071219338;0.901683306
3516;France;4;0.831612904;0.067297058;0.898909962
3516;France;5;0.881853561;0.037375515;0.919229076
3818;France;1;0.79384222;0.045596438;0.839438657
3818;France;2;0.738374128;0.083704176;0.822078304
3818;France;3;0.725397727;0.093646;0.819043727
3818;France;4;0.736056222;0.08592071;0.821976932
3818;France;5;0.802513285;0.042016586;0.84452987
3517;France;1;0.896602037;-0.009527417;0.88707462
3517;France;2;0.868714385;0.001275309;0.869989694
3517;France;3;0.857631955;0.018936925;0.87656888
3517;France;4;0.836678236;0.054954538;0.891632774
3517;France;5;0.885795841;0.024219058;0.910014898
3518;France;1;0.888604503;-0.007581469;0.881023034
3518;France;2;0.857294712;0.006446348;0.863741059
3518;France;3;0.851163956;0.018536377;0.869700333
3518;France;4;0.777258193;0.115205737;0.89246393
3518;France;5;0.895242496;0.013671283;0.908913779
3519;France;1;0.89809485;-0.006983933;0.891110917
3519;France;2;0.869863499;0.008093582;0.877957081
3519;France;3;0.841032606;0.044098553;0.885131159
3519;France;4;0.838867752;0.043324733;0.882192485
3519;France;5;0.888945172;0.020089622;0.909034794
3521;France;1;0.902368716;-0.006113781;0.896254935
3521;France;2;0.881390017;-0.003438354;0.877951662
3521;France;3;0.864571362;0.014830889;0.879402251
3521;France;4;0.866044556;0.015713229;0.881757784
3521;France;5;0.881672824;0.012827965;0.894500789
3805;France;1;0.827361097;0.025319466;0.852680563
3805;France;2;0.775717629;0.058251669;0.833969297
3805;France;3;0.755052531;0.075229938;0.830282469
3805;France;4;0.747222891;0.08510271;0.832325601
3805;France;5;0.833369918;0.043128449;0.876498367
3522;France;1;0.897827385;-0.006511602;0.891315784
3522;France;2;0.874833283;-0.001545137;0.873288146
3522;France;3;0.861372847;0.013116099;0.874488946
3522;France;4;0.864067981;0.013338887;0.877406868
3522;France;5;0.883111528;0.007628895;0.890740423
3523;France;1;0.892474019;-0.009849241;0.882624778
3523;France;2;0.867860791;0.001685642;0.869546432
3523;France;3;0.857579167;0.014812277;0.872391444
3523;France;4;0.860604643;0.014881495;0.875486138
3523;France;5;0.879979576;0.009770791;0.889750368
3524;France;1;0.892474019;-0.009849241;0.882624778
3524;France;2;0.867860791;0.001685642;0.869546432
3524;France;3;0.857579167;0.014812277;0.872391444
3524;France;4;0.860604643;0.014881495;0.875486138
3524;France;5;0.879979576;0.009770791;0.889750368
3771;France;1;0.797360652;0.041832693;0.839193345
3771;France;2;0.749324225;0.075249844;0.824574069
3771;France;3;0.720133721;0.096835916;0.816969636
3771;France;4;0.704833467;0.10789013;0.812723597
3771;France;5;0.784796051;0.050708803;0.835504854
3772;France;1;0.797360652;0.041832693;0.839193345
3772;France;2;0.749324225;0.075249844;0.824574069
3772;France;3;0.720133721;0.096835916;0.816969636
3772;France;4;0.704833467;0.10789013;0.812723597
3772;France;5;0.784796051;0.050708803;0.835504854
3773;France;1;0.797360652;0.041832693;0.839193345
3773;France;2;0.749324225;0.075249844;0.824574069
3773;France;3;0.720133721;0.096835916;0.816969636
3773;France;4;0.704833467;0.10789013;0.812723597
3773;France;5;0.784796051;0.050708803;0.835504854
3525;France;1;0.890523778;-0.009457904;0.881065874
3525;France;2;0.865976298;0.002327466;0.868303764
3525;France;3;0.856384303;0.014595616;0.870979918
3525;France;4;0.859850042;0.01429654;0.874146582
3525;France;5;0.880196782;0.008579289;0.888776071
3763;France;1;0.761417296;0.065809474;0.82722677
3763;France;2;0.699353948;0.111888632;0.81124258
3763;France;3;0.68793495;0.120949043;0.808883993
3763;France;4;0.700759535;0.111177391;0.811936926
3763;France;5;0.778031612;0.055271754;0.833303366
3770;France;1;0.821990184;0.025619934;0.847610118
3770;France;2;0.774781353;0.056873556;0.831654908
3770;France;3;0.746945518;0.076984501;0.823930018
3770;France;4;0.732137983;0.087310578;0.819448561
3770;France;5;0.808111011;0.03487079;0.842981801
3764;France;1;0.781747438;0.050962221;0.832709659
3764;France;2;0.729318619;0.089065187;0.818383806
3764;France;3;0.697480455;0.113362817;0.810843272
3764;France;4;0.68175255;0.125162484;0.806915034
3764;France;5;0.767826765;0.060961006;0.828787772
3767;France;1;0.819681531;0.025572722;0.845254253
3767;France;2;0.770779415;0.058790969;0.829570384
3767;France;3;0.739473658;0.081760822;0.82123448
3767;France;4;0.724700201;0.092386606;0.817086806
3767;France;5;0.804641036;0.035560313;0.840201349
3769;France;1;0.860381782;0.001291791;0.861673573
3769;France;2;0.820803923;0.024408425;0.845212348
3769;France;3;0.79435772;0.0424473;0.836805021
3769;France;4;0.780046068;0.051927266;0.831973333
3769;France;5;0.84746786;0.008495619;0.855963478
3768;France;1;0.860463231;0.00105626;0.861519491
3768;France;2;0.82225545;0.023382083;0.845637533
3768;France;3;0.793647191;0.042791134;0.836438326
3768;France;4;0.778087445;0.053193949;0.831281394
3768;France;5;0.84658803;0.008741013;0.855329043
3765;France;1;0.790566959;0.047324231;0.83789119
3765;France;2;0.722919571;0.14004367;0.862963242
3765;France;3;0.746001615;0.077595126;0.823596741
3765;France;4;0.471045254;0.296433257;0.767478511
3765;France;5;0.680511109;0.128458224;0.808969333
3766;France;1;0.820366781;0.027418881;0.847785662
3766;France;2;0.753298884;0.073028026;0.82632691
3766;France;3;0.765924242;0.064022943;0.829947185
3766;France;4;0.752384499;0.088670498;0.841054997
3766;France;5;0.881498657;0.008414272;0.889912929
3526;France;1;0.886324842;-0.008631596;0.877693246
3526;France;2;0.860757708;0.004786298;0.865544007
3526;France;3;0.85303572;0.015355777;0.868391497
3526;France;4;0.857308196;0.014403623;0.871711819
3526;France;5;0.879500768;0.007744273;0.887245042
3527;France;1;0.884445379;-0.007997112;0.876448266
3527;France;2;0.85940011;0.005173299;0.864573409
3527;France;3;0.851955882;0.015055602;0.867011485
3527;France;4;0.856314348;0.013958144;0.870272492
3527;France;5;0.879866096;0.005848865;0.885714961
3737;France;1;0.772511202;0.057711874;0.830223076
3737;France;2;0.714798113;0.100458838;0.815256952
3737;France;3;0.705356918;0.10815364;0.813510558
3737;France;4;0.717806743;0.098812571;0.816619314
3737;France;5;0.789162132;0.047701198;0.83686333
3738;France;1;0.798401599;0.03860799;0.837009589
3738;France;2;0.739144849;0.081616984;0.820761832
3738;France;3;0.725186366;0.092536693;0.817723059
3738;France;4;0.737025757;0.083661487;0.820687245
3738;France;5;0.811505528;0.030634222;0.84213975
3739;France;1;0.816216759;0.026907022;0.843123781
3739;France;2;0.758142427;0.067590743;0.82573317
3739;France;3;0.74196749;0.07988556;0.821853051
3739;France;4;0.75369011;0.071232066;0.824922176
3739;France;5;0.825692393;0.021571319;0.847263712
3751;France;1;0.869589314;-0.003462591;0.866126723
3751;France;2;0.835736195;0.014692677;0.850428871
3751;France;3;0.807039005;0.033394774;0.840433779
3751;France;4;0.792827641;0.042713635;0.835541277
3751;France;5;0.856260586;0.003135788;0.859396374
3740;France;1;0.837173247;0.013609403;0.850782651
3740;France;2;0.782789427;0.049572997;0.832362424
3740;France;3;0.764079091;0.063284821;0.827363911
3740;France;4;0.775224555;0.05521782;0.830442375
3740;France;5;0.842717757;0.01035876;0.853076517
3749;France;1;0.87550236;-0.005426236;0.870076124
3749;France;2;0.838208199;0.013027287;0.851235486
3749;France;3;0.821923439;0.023323565;0.845247004
3749;France;4;0.831408064;0.01738631;0.848794374
3749;France;5;0.87663858;-0.005780336;0.870858244
3750;France;1;0.883143949;0.002423053;0.885567003
3750;France;2;0.865976979;0.00115954;0.867136519
3750;France;3;0.857817584;0.003601465;0.861419049
3750;France;4;0.86299275;0.001192232;0.864184982
3750;France;5;0.887300226;-0.002245775;0.885054451
3741;France;1;0.857110458;0.002959688;0.860070146
3741;France;2;0.809602885;0.031218028;0.840820913
3741;France;3;0.792196041;0.043307913;0.835503955
3741;France;4;0.803116911;0.035772051;0.838888962
3741;France;5;0.861847249;2.76E-04;0.862122921
3742;France;1;0.84166335;0.011852558;0.853515908
3742;France;2;0.78260338;0.050400772;0.833004151
3742;France;3;0.759489825;0.066867426;0.826357251
3742;France;4;0.834268709;0.015858739;0.850127448
3742;France;5;0.887619339;-0.005013646;0.882605693
3743;France;1;0.861877067;8.33E-04;0.862710024
3743;France;2;0.813113706;0.028594267;0.841707972
3743;France;3;0.796297673;0.039965293;0.836262966
3743;France;4;0.768641627;0.059452748;0.828094375
3743;France;5;0.891027965;-0.006828571;0.884199394
3744;France;1;0.878393075;-0.005177698;0.873215377
3744;France;2;0.842244235;0.010948096;0.853192331
3744;France;3;0.828153122;0.019452689;0.84760581
3744;France;4;0.840254461;0.018346614;0.858601075
3744;France;5;0.882374747;-0.008461501;0.873913246
3745;France;1;0.878393075;-0.005177698;0.873215377
3745;France;2;0.842244235;0.010948096;0.853192331
3745;France;3;0.828153122;0.019452689;0.84760581
3745;France;4;0.840254461;0.018346614;0.858601075
3745;France;5;0.882374747;-0.008461501;0.873913246
3746;France;1;0.886453356;-0.00603749;0.880415865
3746;France;2;0.867946743;-0.002634413;0.86531233
3746;France;3;0.848767324;0.007132736;0.85590006
3746;France;4;0.835294415;0.014878793;0.850173208
3746;France;5;0.878332848;-0.005215259;0.873117589
3747;France;1;0.887258697;-0.00665597;0.880602727
3747;France;2;0.862067721;1.86E-04;0.862254043
3747;France;3;0.850404152;0.006142593;0.856546745
3747;France;4;0.856979713;0.002642193;0.859621906
3747;France;5;0.886590974;-0.006534253;0.880056722
3748;France;1;0.751469513;0.082842236;0.834311749
3748;France;2;0.666385801;0.144198821;0.810584621
3748;France;3;0.624363633;0.17546501;0.799828643
3748;France;4;0.78704542;0.049085935;0.836131355
3748;France;5;0.898747909;-0.00263148;0.896116429
3752;France;1;0.821237354;0.023810934;0.845048289
3752;France;2;0.763488669;0.063782423;0.827271092
3752;France;3;0.747204799;0.076051789;0.823256587
3752;France;4;0.758862054;0.067511975;0.826374029
3752;France;5;0.829762538;0.019216656;0.848979195
3761;France;1;0.858314444;0.002186309;0.860500753
3761;France;2;0.809306166;0.031575658;0.840881824
3761;France;3;0.792234394;0.043540349;0.835774743
3761;France;4;0.802827801;0.036458188;0.839285989
3761;France;5;0.859472274;0.002360774;0.861833048
3753;France;1;0.836989415;0.013828591;0.850818007
3753;France;2;0.781952928;0.0503893;0.832342228
3753;France;3;0.764971778;0.062908554;0.827880332
3753;France;4;0.776133718;0.054906374;0.831040092
3753;France;5;0.842578116;0.011011606;0.853589722
3754;France;1;0.836989415;0.013828591;0.850818007
3754;France;2;0.781952928;0.0503893;0.832342228
3754;France;3;0.764971778;0.062908554;0.827880332
3754;France;4;0.776133718;0.054906374;0.831040092
3754;France;5;0.842578116;0.011011606;0.853589722
3760;France;1;0.871823092;0.001649421;0.873472513
3760;France;2;0.83204533;0.019211615;0.851256945
3760;France;3;0.813033834;0.030549623;0.843583456
3760;France;4;0.850296306;0.006620132;0.856916439
3760;France;5;0.891527194;0.013963817;0.905491011
3755;France;1;0.873808597;0.008608367;0.882416964
3755;France;2;0.859288461;0.005597217;0.864885678
3755;France;3;0.851314044;0.007840679;0.859154724
3755;France;4;0.851768549;0.005333135;0.857101684
3755;France;5;0.879971585;0.00324267;0.883214255
3756;France;1;0.875036973;0.010935947;0.88597292
3756;France;2;0.864649473;0.004111808;0.86876128
3756;France;3;0.858998758;0.004276688;0.863275446
3756;France;4;0.863476668;0.002314974;0.865791642
3756;France;5;0.876077765;0.008963542;0.885041307
3757;France;1;0.871218112;0.017053424;0.888271536
3757;France;2;0.861717608;0.008342823;0.870060431
3757;France;3;0.85561117;0.007986595;0.863597764
3757;France;4;0.859997263;0.006156597;0.86615386
3757;France;5;0.861656169;0.038065573;0.899721742
3758;France;1;0.866500173;0.035401366;0.901901539
3758;France;2;0.874688811;0.013819049;0.888507861
3758;France;3;0.880445755;0.004048041;0.884493797
3758;France;4;0.88167282;0.004868219;0.886541039
3758;France;5;0.866855124;0.03364704;0.900502164
3759;France;1;0.878144732;0.001177216;0.879321948
3759;France;2;0.849023844;0.009657318;0.858681162
3759;France;3;0.856121685;0.005156969;0.861278654
3759;France;4;0.843932482;0.010119784;0.854052266
3759;France;5;0.890207032;0.014608438;0.90481547
3528;France;1;0.87580109;-0.004911042;0.870890048
3528;France;2;0.849438988;0.010855541;0.860294529
3528;France;3;0.84327083;0.019234492;0.862505321
3528;France;4;0.848782282;0.017272124;0.866054406
3528;France;5;0.875247072;0.007502516;0.882749587
3736;France;1;0.816115647;0.029352037;0.845467684
3736;France;2;0.760325394;0.067000333;0.827325727
3736;France;3;0.74437056;0.078900732;0.823271291
3736;France;4;0.756059092;0.07058165;0.826640741
3736;France;5;0.822163278;0.027351214;0.849514492
3529;France;1;0.881095857;-0.007532055;0.873563802
3529;France;2;0.856394739;0.006040208;0.862434947
3529;France;3;0.850954591;0.01331322;0.86426781
3529;France;4;0.856492166;0.011087066;0.867579232
3529;France;5;0.883526649;0.001482482;0.885009131
3530;France;1;0.875920841;-0.005349767;0.870571073
3530;France;2;0.848908092;0.010492417;0.859400509
3530;France;3;0.843564725;0.017706563;0.861271288
3530;France;4;0.849697026;0.015005906;0.864702933
3530;France;5;0.878545341;0.003893434;0.882438774
3531;France;1;0.876324595;-0.005604567;0.870720028
3531;France;2;0.849803622;0.009723672;0.859527294
3531;France;3;0.844875429;0.016591165;0.861466594
3531;France;4;0.850706689;0.014037673;0.864744362
3531;France;5;0.879935405;0.002710842;0.882646248
3733;France;1;0.834042213;0.018573641;0.852615854
3733;France;2;0.781940125;0.052020003;0.833960128
3733;France;3;0.766529452;0.063237074;0.829766526
3733;France;4;0.779729892;0.054643705;0.834373597
3733;France;5;0.837661436;0.019786143;0.857447578
3532;France;1;0.875831568;-0.005416621;0.870414947
3532;France;2;0.84935455;0.009988471;0.859343021
3532;France;3;0.844245605;0.016880277;0.861125882
3532;France;4;0.8501315;0.014307456;0.864438956
3532;France;5;0.879650448;0.002642316;0.882292764
3730;France;1;0.80685952;0.035141406;0.842000925
3730;France;2;0.749703413;0.074544568;0.82424798
3730;France;3;0.734650364;0.08594321;0.820593574
3730;France;4;0.745344833;0.07817927;0.823524103
3730;France;5;0.814623094;0.031794631;0.846417725
3731;France;1;0.80685952;0.035141406;0.842000925
3731;France;2;0.749703413;0.074544568;0.82424798
3731;France;3;0.734650364;0.08594321;0.820593574
3731;France;4;0.745344833;0.07817927;0.823524103
3731;France;5;0.814623094;0.031794631;0.846417725
3533;France;1;0.866188001;-0.001082847;0.865105154
3533;France;2;0.836386843;0.017484601;0.853871444
3533;France;3;0.831801177;0.02344877;0.855249947
3533;France;4;0.838659897;0.019831598;0.858491495
3533;France;5;0.873894328;0.003693275;0.877587603
3727;France;1;0.800834695;0.038931449;0.839766143
3727;France;2;0.741830434;0.080159855;0.821990289
3727;France;3;0.725987986;0.092169671;0.818157658
3727;France;4;0.738062843;0.0832946;0.821357443
3727;France;5;0.810176772;0.034234247;0.844411019
3729;France;1;0.847000696;0.009434822;0.856435518
3729;France;2;0.804311663;0.035930316;0.840241979
3729;France;3;0.776596869;0.055276364;0.831873234
3729;France;4;0.762175276;0.065011283;0.827186558
3729;France;5;0.834114426;0.017364205;0.851478631
3728;France;1;0.84333235;0.011279086;0.854611436
3728;France;2;0.79123927;0.044463621;0.83570289
3728;France;3;0.775083519;0.056195974;0.831279493
3728;France;4;0.785855098;0.048703653;0.83455875
3728;France;5;0.848535463;0.009885183;0.858420647
3534;France;1;0.865273615;-7.35E-04;0.864538462
3534;France;2;0.835386244;0.01791477;0.853301013
3534;France;3;0.829962125;0.024076879;0.854039004
3534;France;4;0.837552942;0.019993066;0.857546008
3534;France;5;0.873834832;0.002866257;0.876701089
3535;France;1;0.860321342;0.001646445;0.861967788
3535;France;2;0.828303189;0.022086636;0.850389825
3535;France;3;0.822621827;0.027979595;0.850601422
3535;France;4;0.830807518;0.023247252;0.854054769
3535;France;5;0.870890998;0.002851322;0.87374232
3536;France;1;0.864085797;-4.73E-04;0.863612733
3536;France;2;0.832577065;0.018963171;0.851540236
3536;France;3;0.826261102;0.024980158;0.85124126
3536;France;4;0.834786949;0.020049409;0.854836358
3536;France;5;0.875071587;-3.81E-04;0.874690187
3537;France;1;0.865423171;-0.001154584;0.864268587
3537;France;2;0.835335618;0.016672256;0.852007873
3537;France;3;0.828635631;0.022450245;0.851085876
3537;France;4;0.837640889;0.01707758;0.85471847
3537;France;5;0.879131628;-0.004635531;0.874496097
3708;France;1;0.855309046;0.004639419;0.859948465
3708;France;2;0.805784897;0.034551915;0.840336812
3708;France;3;0.790377734;0.045534082;0.835911816
3708;France;4;0.799700168;0.039308014;0.839008182
3708;France;5;0.85670135;0.005543465;0.862244814
3538;France;1;0.863169279;1.33E-05;0.863182628
3538;France;2;0.831830683;0.018642685;0.850473369
3538;France;3;0.824951232;0.024351373;0.849302605
3538;France;4;0.83428504;0.018609779;0.852894819
3538;France;5;0.884168795;-0.006797725;0.87737107
3539;France;1;0.863169279;1.33E-05;0.863182628
3539;France;2;0.831830683;0.018642685;0.850473369
3539;France;3;0.824951232;0.024351373;0.849302605
3539;France;4;0.83428504;0.018609779;0.852894819
3539;France;5;0.884168795;-0.006797725;0.87737107
3704;France;1;0.685163487;0.123266931;0.808430418
3704;France;2;0.60247776;0.188238546;0.790716306
3704;France;3;0.618418127;0.174952413;0.793370541
3704;France;4;0.710219857;0.107501412;0.817721269
3704;France;5;0.749808164;0.076237211;0.826045375
3707;France;1;0.860761642;0.001095145;0.861856787
3707;France;2;0.811808171;0.030035048;0.841843219
3707;France;3;0.796442047;0.040807763;0.83724981
3707;France;4;0.805938025;0.034561744;0.840499769
3707;France;5;0.861186483;0.001844999;0.863031482
3705;France;1;0.853977365;0.0044844;0.858461765
3705;France;2;0.802267375;0.03632873;0.838596105
3705;France;3;0.785984811;0.04792888;0.833913691
3705;France;4;0.796516575;0.040810863;0.837327438
3705;France;5;0.854403733;0.004881192;0.859284925
3706;France;1;0.853977365;0.0044844;0.858461765
3706;France;2;0.802267375;0.03632873;0.838596105
3706;France;3;0.785984811;0.04792888;0.833913691
3706;France;4;0.796516575;0.040810863;0.837327438
3706;France;5;0.854403733;0.004881192;0.859284925
3540;France;1;0.860789807;0.001827829;0.862617636
3540;France;2;0.829585117;0.019777923;0.84936304
3540;France;3;0.821030913;0.026111839;0.847142753
3540;France;4;0.83421497;0.017964288;0.852179258
3540;France;5;0.879049717;-0.00649814;0.872551576
3541;France;1;0.860506481;0.001992883;0.862499364
3541;France;2;0.829370757;0.019704263;0.84907502
3541;France;3;0.820842477;0.026008304;0.84685078
3541;France;4;0.823622112;0.027142458;0.85076457
3541;France;5;0.886033301;-0.009867299;0.876166002
3697;France;1;0.837561413;0.013486592;0.851048006
3697;France;2;0.781504591;0.050570515;0.832075106
3697;France;3;0.761010464;0.06545835;0.826468813
3697;France;4;0.774741154;0.055609386;0.830350541
3697;France;5;0.841107341;0.011639216;0.852746556
3698;France;1;0.868080797;-0.001831865;0.866248931
3698;France;2;0.825256255;0.020979042;0.846235297
3698;France;3;0.808804499;0.031750316;0.840554815
3698;France;4;0.819025496;0.025037793;0.844063289
3698;France;5;0.868812195;-0.00245952;0.866352675
3700;France;1;0.882191623;0.012142962;0.894334585
3700;France;2;0.878045738;2.60E-04;0.878306148
3700;France;3;0.876580212;-0.003157973;0.873422239
3700;France;4;0.88023248;-0.004033262;0.876199218
3700;France;5;0.882177503;0.011020249;0.893197752
3699;France;1;0.881395994;0.010101467;0.891497461
3699;France;2;0.873962939;5.23E-04;0.874486416
3699;France;3;0.871041403;-0.001461671;0.869579732
3699;France;4;0.875540618;-0.003005469;0.872535149
3699;France;5;0.881117708;0.009127686;0.890245394
3701;France;1;0.886649768;-0.007472627;0.879177141
3701;France;2;0.859177205;0.001483843;0.860661048
3701;France;3;0.845886881;0.00860176;0.85448864
3701;France;4;0.852692448;0.004889474;0.857581922
3701;France;5;0.885736897;-0.007034499;0.878702398
3542;France;1;0.857056075;0.003993123;0.861049198
3542;France;2;0.823835512;0.02324681;0.847082323
3542;France;3;0.81354829;0.030628526;0.844176816
3542;France;4;0.79892635;0.045480914;0.844407264
3542;France;5;0.875352196;-0.00191987;0.873432326
3543;France;1;0.837924865;0.014253104;0.85217797
3543;France;2;0.819368323;0.026164652;0.845532975
3543;France;3;0.840704758;0.013285724;0.853990483
3543;France;4;0.763407841;0.064722703;0.828130545
3543;France;5;0.913243954;-0.00337743;0.909866524
3658;France;1;0.89071611;-0.010295035;0.880421074
3658;France;2;0.839861254;0.015456361;0.855317615
3658;France;3;0.842815542;0.011604201;0.854419743
3658;France;4;0.810666938;0.033620203;0.84428714
3658;France;5;0.906281032;-0.004695418;0.901585614
3662;France;1;0.89071611;-0.010295035;0.880421074
3662;France;2;0.839861254;0.015456361;0.855317615
3662;France;3;0.842815542;0.011604201;0.854419743
3662;France;4;0.810666938;0.033620203;0.84428714
3662;France;5;0.906281032;-0.004695418;0.901585614
3659;France;1;0.884094385;0.011930248;0.896024633
3659;France;2;0.876840886;0.00970573;0.886546616
3659;France;3;0.877961492;8.88E-05;0.878050268
3659;France;4;0.767941853;0.065377589;0.833319442
3659;France;5;0.883327123;-0.00252525;0.880801874
3660;France;1;0.875959989;0.010354766;0.886314755
3660;France;2;0.854629472;0.010232824;0.864862296
3660;France;3;0.842772982;0.014320906;0.857093888
3660;France;4;0.858743315;0.017597254;0.87634057
3660;France;5;0.900510524;0.00124755;0.901758073
3661;France;1;0.87319076;0.037733292;0.910924052
3661;France;2;0.896575902;0.014810705;0.911386608
3661;France;3;0.898640696;-0.010959305;0.887681391
3661;France;4;0.848054395;0.011707291;0.859761686
3661;France;5;0.87881419;-4.09E-05;0.878773273
3544;France;1;0.855632143;0.006110555;0.861742698
3544;France;2;0.837680685;0.015726032;0.853406718
3544;France;3;0.853212947;0.006311492;0.85952444
3544;France;4;0.805710577;0.035208881;0.840919458
3544;France;5;0.911107293;0.005154354;0.916261647
3545;France;1;0.885905768;-0.005184568;0.8807212
3545;France;2;0.879639836;4.71E-04;0.880111277
3545;France;3;0.833908472;0.018503501;0.852411974
3545;France;4;0.78104074;0.059654116;0.840694855
3545;France;5;0.837540976;0.014662468;0.852203444
3546;France;1;0.872641041;0.00874481;0.881385851
3546;France;2;0.882072116;0.003302258;0.885374374
3546;France;3;0.890740443;-0.003081524;0.887658919
3546;France;4;0.853314365;0.004538427;0.857852793
3546;France;5;0.889957411;0.031412789;0.9213702
3547;France;1;0.884166018;4.62E-04;0.884628489
3547;France;2;0.877684997;-0.003294606;0.874390391
3547;France;3;0.835985149;0.015102034;0.851087184
3547;France;4;0.791249842;0.054761889;0.846011731
3547;France;5;0.853578026;0.006890971;0.860468997
3548;France;1;0.88929247;0.00343928;0.892731749
3548;France;2;0.888629379;-0.0055833;0.883046079
3548;France;3;0.863320753;0.003543413;0.866864166
3548;France;4;0.828425367;0.036006953;0.86443232
3548;France;5;0.869326519;-4.73E-04;0.868853221
3549;France;1;0.885860399;4.04E-04;0.886264012
3549;France;2;0.886707463;-0.005391073;0.88131639
3549;France;3;0.859756792;0.005001213;0.864758005
3549;France;4;0.820989782;0.039286372;0.860276154
3549;France;5;0.863572229;0.001887873;0.865460102
3550;France;1;0.865533688;0.009633568;0.875167256
3550;France;2;0.86294068;0.012406118;0.875346799
3550;France;3;0.829099483;0.019287123;0.848386606
3550;France;4;0.791648953;0.073744407;0.86539336
3550;France;5;0.841263887;0.013878396;0.855142282
3551;France;1;0.889228832;0.002006913;0.891235745
3551;France;2;0.885712124;-0.004855959;0.880856166
3551;France;3;0.857299754;0.005243784;0.862543538
3551;France;4;0.813105648;0.043573795;0.856679443
3551;France;5;0.869968808;6.64E-04;0.870632761
3622;France;1;0.842891804;0.026379105;0.869270909
3622;France;2;0.729055533;0.100002609;0.829058142
3622;France;3;0.709599052;0.110741204;0.820340256
3622;France;4;0.83718842;0.015982272;0.853170692
3622;France;5;0.908581736;0.007223992;0.915805727
3552;France;1;0.884901064;2.75E-04;0.885175697
3552;France;2;0.885890457;-0.004920433;0.880970024
3552;France;3;0.853546762;0.005115853;0.858662616
3552;France;4;0.81688442;0.038910957;0.855795377
3552;France;5;0.870684077;3.05E-04;0.870988949
3553;France;1;0.895712332;0.001046087;0.896758419
3553;France;2;0.883465663;-0.004837251;0.878628411
3553;France;3;0.852893375;0.006147853;0.859041227
3553;France;4;0.810554753;0.043579933;0.854134686
3553;France;5;0.850469994;0.009823531;0.860293525
3612;France;1;0.874488459;0.021219938;0.895708397
3612;France;2;0.869932714;0.00703972;0.876972434
3612;France;3;0.867145189;0.004250996;0.871396185
3612;France;4;0.876368841;0.00805984;0.884428681
3612;France;5;0.854870112;0.051091056;0.905961168
3616;France;1;0.876576401;0.010866124;0.887442525
3616;France;2;0.861674933;0.006501575;0.868176509
3616;France;3;0.850924641;0.009638009;0.860562649
3616;France;4;0.888066574;-0.002494036;0.885572538
3616;France;5;0.869422198;0.043087413;0.912509611
3613;France;1;0.873540084;0.008471066;0.882011151
3613;France;2;0.850664476;0.011423163;0.862087639
3613;France;3;0.836675429;0.017783619;0.854459048
3613;France;4;0.879815846;0.005786261;0.885602107
3613;France;5;0.857135077;0.047936918;0.905071995
3615;France;1;0.853863136;0.011785775;0.865648911
3615;France;2;0.794795598;0.045331584;0.840127182
3615;France;3;0.797584728;0.042738399;0.840323127
3615;France;4;0.882847145;-0.003168428;0.879678717
3615;France;5;0.908451903;-0.004066466;0.904385437
3614;France;1;0.874127148;0.02323925;0.897366398
3614;France;2;0.874741729;0.00656056;0.881302289
3614;France;3;0.874308084;0.0013465;0.875654584
3614;France;4;0.882312816;0.005177825;0.88749064
3614;France;5;0.858875629;0.047323931;0.90619956
3554;France;1;0.888454221;0.00717387;0.895628092
3554;France;2;0.888949827;-0.003788847;0.88516098
3554;France;3;0.864125395;0.002858012;0.866983407
3554;France;4;0.822466504;0.036137218;0.858603722
3554;France;5;0.869356716;0.001997187;0.871353903
3555;France;1;0.888950887;0.001469213;0.8904201
3555;France;2;0.891855699;-0.00543121;0.886424489
3555;France;3;0.875021587;-0.002018532;0.873003055
3555;France;4;0.761031964;0.067188116;0.82822008
3555;France;5;0.873655381;0.014145529;0.88780091
3602;France;1;0.889239273;0.007025984;0.896265257
3602;France;2;0.873147691;9.08E-04;0.874055324
3602;France;3;0.885035257;-0.008015817;0.877019441
3602;France;4;0.814064603;0.030558894;0.844623497
3602;France;5;0.875986278;0.022601539;0.898587817
3610;France;1;0.882278667;0.019307587;0.901586255
3610;France;2;0.854440459;0.00936254;0.863802999
3610;France;3;0.839529121;0.015841792;0.855370913
3610;France;4;0.874815278;0.003862389;0.878677667
3610;France;5;0.865002213;0.036474804;0.901477017
3603;France;1;0.867869433;0.010410515;0.878279948
3603;France;2;0.843988284;0.014631349;0.858619632
3603;France;3;0.828551042;0.022404104;0.850955146
3603;France;4;0.844585736;0.025611398;0.870197134
3603;France;5;0.85452016;0.056094469;0.910614629
3609;France;1;0.860335041;0.009292979;0.869628021
3609;France;2;0.8089945;0.036343037;0.845337537
3609;France;3;0.780275775;0.055066664;0.835342439
3609;France;4;0.851674549;0.00886952;0.860544068
3609;France;5;0.893361594;0.017634744;0.910996338
3604;France;1;0.867040104;0.010346144;0.877386248
3604;France;2;0.840975067;0.016176478;0.857151545
3604;France;3;0.82459857;0.024711673;0.849310243
3604;France;4;0.84900616;0.009191687;0.858197847
3604;France;5;0.893135009;0.014380585;0.907515594
3608;France;1;0.86485634;0.008184248;0.873040588
3608;France;2;0.820726747;0.028412185;0.849138932
3608;France;3;0.795436433;0.044105565;0.839541997
3608;France;4;0.869364717;-5.67E-05;0.86930803
3608;France;5;0.900804306;-0.002638726;0.89816558
3605;France;1;0.868520394;0.012025314;0.880545707
3605;France;2;0.845578712;0.014209685;0.859788397
3605;France;3;0.830594397;0.021196885;0.851791282
3605;France;4;0.87706475;0.005885205;0.882949955
3605;France;5;0.858406675;0.045175673;0.903582348
3607;France;1;0.867883425;0.031480372;0.899363796
3607;France;2;0.874444771;0.010474548;0.884919318
3607;France;3;0.875722937;0.003735374;0.879458311
3607;France;4;0.878899837;0.003567484;0.882467321
3607;France;5;0.863224131;0.039980655;0.903204786
3606;France;1;0.873937626;0.026194426;0.900132052
3606;France;2;0.878050716;0.007420878;0.885471594
3606;France;3;0.877833908;0.001812224;0.879646131
3606;France;4;0.890296373;-0.002831159;0.887465214
3606;France;5;0.871736524;0.046395496;0.918132019
3556;France;1;0.869591895;0.024217852;0.893809748
3556;France;2;0.879765929;0.007550527;0.887316456
3556;France;3;0.882737296;8.53E-04;0.883590457
3556;France;4;0.884717465;-0.006392706;0.878324758
3556;France;5;0.872436337;0.038260974;0.910697311
3557;France;1;0.88313956;0.023852273;0.906991833
3557;France;2;0.872715278;0.035657051;0.908372329
3557;France;3;0.886753011;-0.001993023;0.884759989
3557;France;4;0.715334503;0.170944869;0.886279372
3557;France;5;0.884688855;0.016025964;0.900714819
3558;France;1;0.886073255;0.017023141;0.903096396
3558;France;2;0.880432532;0.026271001;0.906703533
3558;France;3;0.884463028;-0.002843893;0.881619135
3558;France;4;0.798655524;0.064354413;0.863009937
3558;France;5;0.880179566;0.032150499;0.912330064
3559;France;1;0.886590013;0.009771877;0.896361889
3559;France;2;0.88013196;0.020076453;0.900208413
3559;France;3;0.864888492;0.003870014;0.868758506
3559;France;4;0.820464954;0.024054349;0.844519302
3559;France;5;0.881040648;0.019225575;0.900266224
3560;France;1;0.885994307;0.01337261;0.899366917
3560;France;2;0.879342474;0.023175226;0.9025177
3560;France;3;0.875540103;-2.48E-04;0.875292368
3560;France;4;0.849998392;0.007098563;0.857096955
3560;France;5;0.880118788;0.018897775;0.899016563
3561;France;1;0.869664854;0.015983707;0.885648561
3561;France;2;0.876179648;0.007971705;0.884151353
3561;France;3;0.871829143;0.004131362;0.875960505
3561;France;4;0.877968282;0.010069077;0.888037358
3561;France;5;0.858766282;0.04653229;0.905298572
3586;France;1;0.907012406;0.004137436;0.911149842
3586;France;2;0.89754708;-0.003800817;0.893746263
3586;France;3;0.896642936;-0.005045443;0.891597492
3586;France;4;0.875857924;0.005587341;0.881445265
3586;France;5;0.881211775;0.00257718;0.883788955
3594;France;1;0.871333187;0.019343523;0.89067671
3594;France;2;0.865078456;0.007848594;0.872927049
3594;France;3;0.85943049;0.006749837;0.866180327
3594;France;4;0.874548959;0.004332253;0.878881212
3594;France;5;0.860810835;0.040246225;0.90105706
3587;France;1;0.844530068;0.017163862;0.861693931
3587;France;2;0.783804014;0.053876171;0.837680185
3587;France;3;0.751641427;0.076169787;0.827811215
3587;France;4;0.857083813;0.006418708;0.863502521
3587;France;5;0.893567407;0.025960056;0.919527463
3588;France;1;0.868685859;0.017201657;0.885887516
3588;France;2;0.857074661;0.01007558;0.867150241
3588;France;3;0.848538048;0.011687265;0.860225313
3588;France;4;0.854484109;0.008799264;0.863283374
3588;France;5;0.862474857;0.034776216;0.897251073
3592;France;1;0.879304411;0.004549402;0.883853813
3592;France;2;0.847247007;0.014015915;0.861262923
3592;France;3;0.826381964;0.024977844;0.851359809
3592;France;4;0.866845354;0.001950869;0.868796223
3592;France;5;0.888810128;0.0259443;0.914754427
3589;France;1;0.871287184;0.019464929;0.890752112
3589;France;2;0.865436317;0.007717016;0.873153333
3589;France;3;0.859630905;0.006697331;0.866328236
3589;France;4;0.864900296;0.005049011;0.869949307
3589;France;5;0.861024558;0.039921834;0.900946392
3590;France;1;0.871287184;0.019464929;0.890752112
3590;France;2;0.865436317;0.007717016;0.873153333
3590;France;3;0.859630905;0.006697331;0.866328236
3590;France;4;0.864900296;0.005049011;0.869949307
3590;France;5;0.861024558;0.039921834;0.900946392
3593;France;1;0.868796836;0.034277783;0.903074619
3593;France;2;0.877257144;0.012325228;0.889582372
3593;France;3;0.880766204;0.003915088;0.884681292
3593;France;4;0.882808295;0.004549042;0.887357337
3593;France;5;0.86693992;0.041894313;0.908834233
3562;France;1;0.866312955;0.03629087;0.902603825
3562;France;2;0.880515112;0.01111657;0.891631682
3562;France;3;0.885113038;0.002562176;0.887675214
3562;France;4;0.880023426;0.0201879;0.900211326
3562;France;5;0.843105034;0.068901703;0.912006736
3583;France;1;0.892042203;0.008136515;0.900178718
3583;France;2;0.877316227;0.004638378;0.881954605
3583;France;3;0.854235932;0.005329369;0.859565301
3583;France;4;0.86838998;-7.71E-04;0.867618805
3583;France;5;0.889647976;0.002469534;0.89211751
3584;France;1;0.870316904;0.019290673;0.889607577
3584;France;2;0.861714958;0.009348383;0.871063341
3584;France;3;0.854169737;0.009560117;0.863729855
3584;France;4;0.84933997;0.008324929;0.857664899
3584;France;5;0.882894165;0.02558868;0.908482845
3585;France;1;0.865312592;0.041332837;0.906645429
3585;France;2;0.877692669;0.017738629;0.895431298
3585;France;3;0.88393167;0.007388024;0.891319694
3585;France;4;0.873837984;0.028722878;0.902560863
3585;France;5;0.834024457;0.079685016;0.913709473
3563;France;1;0.866082959;0.036389449;0.902472408
3563;France;2;0.879707903;0.01192004;0.891627943
3563;France;3;0.884046777;0.00384404;0.887890817
3563;France;4;0.879059139;0.022957524;0.902016663
3563;France;5;0.839967655;0.072848545;0.9128162
3564;France;1;0.863146335;0.04283506;0.905981395
3564;France;2;0.879646423;0.016923151;0.896569575
3564;France;3;0.885670703;0.007805046;0.893475749
3564;France;4;0.878053157;0.02552322;0.903576377
3564;France;5;0.837435717;0.076972891;0.914408608
3565;France;1;0.861574403;0.044640475;0.906214878
3565;France;2;0.878403068;0.018354041;0.896757109
3565;France;3;0.885353403;0.008250228;0.893603631
3565;France;4;0.877614583;0.02599222;0.903606802
3565;France;5;0.837333623;0.077033778;0.914367401
3566;France;1;0.868033961;0.027177924;0.895211885
3566;France;2;0.870980917;0.009003901;0.879984818
3566;France;3;0.869939717;0.004472826;0.874412544
3566;France;4;0.877091543;0.017072062;0.894163605
3566;France;5;0.842046112;0.067299261;0.909345373
3567;France;1;0.861625478;0.043773505;0.905398982
3567;France;2;0.875619725;0.018935896;0.894555621
3567;France;3;0.881974969;0.008873855;0.890848824
3567;France;4;0.873861607;0.027890013;0.90175162
3567;France;5;0.830796476;0.08197416;0.912770636
3568;France;1;0.841451543;0.064361285;0.905812829
3568;France;2;0.861442291;0.033652762;0.895095053
3568;France;3;0.870956673;0.020016535;0.890973208
3568;France;4;0.872553632;0.020453536;0.893007168
3568;France;5;0.84407602;0.059571827;0.903647847
3569;France;1;0.851413446;0.051266612;0.902680058
3569;France;2;0.864161696;0.025503701;0.889665397
3569;France;3;0.868819654;0.015504935;0.884324589
3569;France;4;0.859226457;0.044680539;0.903906996
3569;France;5;0.812623972;0.100088249;0.912712221
3570;France;1;0.847349492;0.064863511;0.912213003
3570;France;2;0.862215699;0.039523969;0.901739669
3570;France;3;0.870369545;0.027308001;0.897677546
3570;France;4;0.695751373;0.236347775;0.932099148
3570;France;5;0.829521166;0.088795703;0.91831687
3571;France;1;0.879128886;0.01570422;0.894833106
3571;France;2;0.863953135;0.010247915;0.87420105
3571;France;3;0.850116448;0.014380179;0.864496627
3571;France;4;0.878848508;-0.001081163;0.877767345
3571;France;5;0.888832172;0.02738855;0.916220722
3572;France;1;0.840315386;0.068727316;0.909042702
3572;France;2;0.858832384;0.040437989;0.899270373
3572;France;3;0.870755889;0.025206701;0.895962591
3572;France;4;0.871327275;0.026324507;0.897651782
3572;France;5;0.840328704;0.066530735;0.906859439
3573;France;1;0.868697026;0.05472683;0.923423855
3573;France;2;0.877422522;0.048169391;0.925591912
3573;France;3;0.900074534;0.01386205;0.913936583
3573;France;4;0.871593845;0.049970266;0.92156411
3573;France;5;0.887966898;0.038179499;0.926146397
3574;France;1;0.87197697;0.04217036;0.91414733
3574;France;2;0.863753773;0.059572025;0.923325799
3574;France;3;0.89930524;0.006223984;0.905529224
3574;France;4;0.858159291;0.002867707;0.861026998
3574;France;5;0.896255;0.005221654;0.901476653
3580;France;1;0.861353378;0.036899137;0.898252515
3580;France;2;0.868776005;0.019794894;0.888570899
3580;France;3;0.869688114;-0.001702654;0.86798546
3580;France;4;0.811216681;0.034068982;0.845285663
3580;France;5;0.875970089;0.011481338;0.887451427
3575;France;1;0.848556727;0.050268069;0.898824795
3575;France;2;0.863225732;0.022504897;0.885730629
3575;France;3;0.867916198;0.012702042;0.88061824
3575;France;4;0.870942983;0.012332964;0.883275946
3575;France;5;0.851186521;0.045860791;0.897047312
3579;France;1;0.871413381;0.027830883;0.899244264
3579;France;2;0.870807414;0.01094912;0.881756534
3579;France;3;0.867138188;0.007645359;0.874783547
3579;France;4;0.79784667;0.122101772;0.919948443
3579;France;5;0.879138361;0.029756931;0.908895292
3576;France;1;0.86089236;0.030426259;0.891318619
3576;France;2;0.859971167;0.013956574;0.873927741
3576;France;3;0.855528055;0.011411409;0.866939463
3576;France;4;0.853693979;0.005663918;0.859357898
3576;France;5;0.879255186;0.03493021;0.914185397
3578;France;1;0.866074919;0.019976609;0.886051528
3578;France;2;0.850921038;0.014494542;0.86541558
3578;France;3;0.839016852;0.018222871;0.857239723
3578;France;4;0.859755114;0.010073991;0.869829106
3578;France;5;0.88544595;0.003126317;0.888572267
3577;France;1;0.854956994;0.015319943;0.870276936
3577;France;2;0.806353695;0.038884066;0.845237762
3577;France;3;0.777573236;0.057343296;0.834916531
3577;France;4;0.826400808;0.024804725;0.851205533
3577;France;5;0.885475558;0.026237748;0.911713306
3581;France;1;0.862122083;0.0392817;0.901403783
3581;France;2;0.872277065;0.015758437;0.888035502
3581;France;3;0.876664836;0.006596191;0.883261027
3581;France;4;0.879087536;0.006764892;0.885852428
3581;France;5;0.862235498;0.037345668;0.899581166
3582;France;1;0.883973721;0.031095266;0.915068987
3582;France;2;0.887891316;0.029558333;0.917449649
3582;France;3;0.898145718;0.004562106;0.902707824
3582;France;4;0.863586157;0.050302368;0.913888526
3582;France;5;0.904562095;0.010989437;0.915551532
3595;France;1;0.872656672;0.030771281;0.903427953
3595;France;2;0.879528435;0.010663965;0.890192401
3595;France;3;0.881858652;0.003326678;0.88518533
3595;France;4;0.879531787;0.016050397;0.895582184
3595;France;5;0.840564856;0.07254869;0.913113546
3596;France;1;0.794114723;0.047427362;0.841542086
3596;France;2;0.781797844;0.058783876;0.84058172
3596;France;3;0.653166258;0.150482759;0.803649017
3596;France;4;0.773180379;0.059987945;0.833168325
3596;France;5;0.876011973;0.003095016;0.879106989
3597;France;1;0.866593011;0.037471581;0.904064592
3597;France;2;0.876930948;0.01444695;0.891377898
3597;France;3;0.882461524;0.004760476;0.887222
3597;France;4;0.884236218;0.005435164;0.889671382
3597;France;5;0.867824492;0.034916161;0.902740654
3598;France;1;0.870643873;0.019413012;0.890056885
3598;France;2;0.865397544;0.007774236;0.87317178
3598;France;3;0.860650623;0.006192815;0.866843438
3598;France;4;0.877491945;0.011335102;0.888827047
3598;France;5;0.848652437;0.058238644;0.906891081
3599;France;1;0.873711426;0.030962164;0.90467359
3599;France;2;0.878831635;0.02974197;0.908573605
3599;France;3;0.885561773;-0.004906174;0.880655599
3599;France;4;0.834726368;0.02683105;0.861557418
3599;France;5;0.85853336;0.022784517;0.881317877
3600;France;1;0.862134706;0.036925305;0.899060011
3600;France;2;0.869396271;0.014998366;0.884394637
3600;France;3;0.871758273;0.007081932;0.878840205
3600;France;4;0.87597401;2.90E-04;0.876264381
3600;France;5;0.866117478;0.033809352;0.899926831
3601;France;1;0.876003717;0.029345131;0.905348848
3601;France;2;0.883662219;0.009530711;0.89319293
3601;France;3;0.887330468;0.001578757;0.888909225
3601;France;4;0.880147625;0.020173029;0.900320654
3601;France;5;0.84379073;0.069212129;0.913002859
3611;France;1;0.869320909;0.03159905;0.900919959
3611;France;2;0.876815835;0.010429387;0.887245221
3611;France;3;0.880240885;0.002241842;0.882482727
3611;France;4;0.882961372;0.002382044;0.885343417
3611;France;5;0.870191565;0.029375697;0.899567262
3617;France;1;0.875132632;0.016604138;0.89173677
3617;France;2;0.86984033;0.005122997;0.874963326
3617;France;3;0.863060376;7.39E-04;0.863799367
3617;France;4;0.825285255;0.041310046;0.866595301
3617;France;5;0.890949852;0.012211706;0.903161558
3621;France;1;0.865279047;0.038597689;0.903876736
3621;France;2;0.875479864;0.015713275;0.891193138
3621;France;3;0.881834715;0.005271253;0.887105968
3621;France;4;0.883479408;0.006197891;0.889677299
3621;France;5;0.866271637;0.036370531;0.902642168
3618;France;1;0.867341177;0.036399353;0.903740529
3618;France;2;0.876861583;0.014641922;0.891503505
3618;France;3;0.883132877;-0.002478585;0.880654292
3618;France;4;0.882952488;-0.005350195;0.877602293
3618;France;5;0.881575508;0.030958914;0.912534422
3620;France;1;0.849146313;0.057829147;0.90697546
3620;France;2;0.864933245;0.030904824;0.89583807
3620;France;3;0.874636308;0.017493444;0.892129752
3620;France;4;0.876251598;0.018042258;0.894293855
3620;France;5;0.8493494;0.055671948;0.905021348
3619;France;1;0.869922345;0.029989697;0.899912043
3619;France;2;0.87354205;0.028072475;0.901614524
3619;France;3;0.867363812;0.001590278;0.868954089
3619;France;4;0.788566898;0.051330805;0.839897703
3619;France;5;0.844894817;0.030613452;0.875508269
3623;France;1;0.888809624;-5.04E-04;0.888305513
3623;France;2;0.83194956;0.023302584;0.855252144
3623;France;3;0.815887312;0.029114825;0.845002137
3623;France;4;0.626678651;0.171151138;0.79782979
3623;France;5;0.872190229;0.007856756;0.880046985
3624;France;1;0.868888651;0.007767263;0.876655914
3624;France;2;0.831386863;0.021909033;0.853295896
3624;France;3;0.810445833;0.033802953;0.844248786
3624;France;4;0.838266052;0.014603539;0.852869592
3624;France;5;0.893967655;0.021878125;0.915845779
3625;France;1;0.876590672;0.010808913;0.887399585
3625;France;2;0.839209139;0.017591574;0.856800713
3625;France;3;0.822667259;0.025949091;0.84861635
3625;France;4;0.854260325;0.00872226;0.862982585
3625;France;5;0.873514907;0.030459314;0.90397422
3626;France;1;0.890062131;0.029548013;0.919610144
3626;France;2;0.892919391;0.026169579;0.91908897
3626;France;3;0.895511084;0.0092689;0.904779985
3626;France;4;0.885975152;0.02661609;0.912591243
3626;France;5;0.901818537;0.015916759;0.917735296
3627;France;1;0.890062131;0.029548013;0.919610144
3627;France;2;0.892919391;0.026169579;0.91908897
3627;France;3;0.895511084;0.0092689;0.904779985
3627;France;4;0.885975152;0.02661609;0.912591243
3627;France;5;0.901818537;0.015916759;0.917735296
3628;France;1;0.881940816;0.023669759;0.905610575
3628;France;2;0.888433064;0.009966546;0.89839961
3628;France;3;0.892954962;0.001988399;0.894943362
3628;France;4;0.884741097;0.018542219;0.903283316
3628;France;5;0.851511665;0.063729058;0.915240723
3629;France;1;0.880045359;0.018601963;0.898647322
3629;France;2;0.882576325;0.002259732;0.884836057
3629;France;3;0.88341501;-0.002870397;0.880544613
3629;France;4;0.884957909;0.009199025;0.894156934
3629;France;5;0.853983653;0.05623053;0.910214183
3630;France;1;0.871687333;0.00638083;0.878068163
3630;France;2;0.836572071;0.019277234;0.855849305
3630;France;3;0.816021807;0.030816952;0.846838759
3630;France;4;0.875711725;-0.004216578;0.871495147
3630;France;5;0.880876943;0.027444719;0.908321662
3631;France;1;0.840981812;0.069150255;0.910132067
3631;France;2;0.859905474;0.040965644;0.900871118
3631;France;3;0.87155752;0.026002844;0.897560364
3631;France;4;0.873150834;0.026167993;0.899318827
3631;France;5;0.841337261;0.066501955;0.907839216
3632;France;1;0.866847426;0.033173685;0.900021111
3632;France;2;0.874335967;0.011676947;0.886012913
3632;France;3;0.878149665;0.003233386;0.881383051
3632;France;4;0.88046044;0.003481383;0.883941823
3632;France;5;0.8679575;0.030690646;0.898648146
3633;France;1;0.879612987;0.012301983;0.891914971
3633;France;2;0.88686023;0.009308992;0.896169222
3633;France;3;0.891023382;0.002238661;0.893262044
3633;France;4;0.891436024;0.003813349;0.895249373
3633;France;5;0.870352276;0.046347492;0.916699768
3634;France;1;0.879612987;0.012301983;0.891914971
3634;France;2;0.88686023;0.009308992;0.896169222
3634;France;3;0.891023382;0.002238661;0.893262044
3634;France;4;0.891436024;0.003813349;0.895249373
3634;France;5;0.870352276;0.046347492;0.916699768
3638;France;1;0.889750718;0.003013052;0.892763771
3638;France;2;0.853167354;0.008922511;0.862089865
3638;France;3;0.859572964;0.005240251;0.864813215
3638;France;4;0.866681294;0.002937346;0.869618639
3638;France;5;0.868962077;0.043423506;0.912385583
3635;France;1;0.886368882;0.005188114;0.891556996
3635;France;2;0.87799775;0.001318829;0.879316579
3635;France;3;0.88152206;-0.00279466;0.8787274
3635;France;4;0.853225677;0.017388428;0.870614105
3635;France;5;0.894257861;0.022333674;0.916591535
3636;France;1;0.886368882;0.005188114;0.891556996
3636;France;2;0.87799775;0.001318829;0.879316579
3636;France;3;0.88152206;-0.00279466;0.8787274
3636;France;4;0.853225677;0.017388428;0.870614105
3636;France;5;0.894257861;0.022333674;0.916591535
3637;France;1;0.876303993;0.008598711;0.884902704
3637;France;2;0.85791328;0.007060967;0.864974247
3637;France;3;0.847281454;0.010580382;0.857861836
3637;France;4;0.853823212;0.007380303;0.861203515
3637;France;5;0.8817693;0.014689295;0.896458595
3639;France;1;0.866912652;0.006703222;0.873615874
3639;France;2;0.840850626;0.01401898;0.854869606
3639;France;3;0.829452921;0.019945155;0.849398076
3639;France;4;0.857965264;0.00648883;0.864454094
3639;France;5;0.866345232;0.0245917;0.890936932
3640;France;1;0.88220783;-0.004184242;0.878023588
3640;France;2;0.885191943;0.004569462;0.889761406
3640;France;3;0.853693941;0.006174679;0.85986862
3640;France;4;0.855371208;0.00377195;0.859143158
3640;France;5;0.880283678;0.017866393;0.898150071
3652;France;1;0.904037909;0.016060269;0.920098179
3652;France;2;0.883604933;0.045983796;0.929588729
3652;France;3;0.893228554;0.025688274;0.918916827
3652;France;4;0.908820641;0.003701442;0.912522083
3652;France;5;0.907257053;0.017679558;0.924936611
3641;France;1;0.891877968;-0.003954674;0.887923294
3641;France;2;0.883807515;0.006429166;0.89023668
3641;France;3;0.881189865;-0.006257074;0.874932791
3641;France;4;0.79175864;0.043834612;0.835593253
3641;France;5;0.842143139;0.028565008;0.870708147
3642;France;1;0.870698099;0.014334774;0.885032873
3642;France;2;0.861364698;0.006414765;0.867779463
3642;France;3;0.85529605;0.006738151;0.862034201
3642;France;4;0.860988024;0.004158521;0.865146546
3642;France;5;0.872736209;0.011599023;0.884335232
3650;France;1;0.878270262;0.003038514;0.881308775
3650;France;2;0.852485657;0.008893054;0.861378711
3650;France;3;0.838093387;0.015930266;0.854023652
3650;France;4;0.8071177;0.051428444;0.858546144
3650;France;5;0.898068439;0.011071031;0.909139469
3643;France;1;0.872872313;0.007384145;0.880256459
3643;France;2;0.853046515;0.008360899;0.861407414
3643;France;3;0.842402354;0.01268979;0.855092144
3643;France;4;0.852207979;0.008224953;0.860432932
3643;France;5;0.871818747;0.017266824;0.889085571
3649;France;1;0.881009681;0.007779303;0.888788984
3649;France;2;0.866364967;0.003848149;0.870213116
3649;France;3;0.858602412;0.005530791;0.864133204
3649;France;4;0.846931053;0.013004015;0.859935068
3649;France;5;0.894938556;0.019203735;0.914142291
3644;France;1;0.871801687;0.020095439;0.891897125
3644;France;2;0.870480314;0.005336959;0.875817273
3644;France;3;0.868193613;0.002045854;0.870239467
3644;France;4;0.871927332;0.001020191;0.872947523
3644;France;5;0.873029665;0.017684288;0.890713953
3648;France;1;0.870883428;0.029644239;0.900527667
3648;France;2;0.878042121;0.008981736;0.887023857
3648;France;3;0.881472624;0.001129119;0.882601742
3648;France;4;0.884088717;0.001173027;0.885261744
3648;France;5;0.872836043;0.027123932;0.899959975
3645;France;1;0.868309275;0.028621761;0.896931036
3645;France;2;0.873986422;0.008857204;0.882843626
3645;France;3;0.875991133;0.002156739;0.878147872
3645;France;4;0.88042075;8.68E-04;0.881288738
3645;France;5;0.871489538;0.025352084;0.896841622
3647;France;1;0.849603457;0.05671077;0.906314227
3647;France;2;0.865607911;0.029679232;0.895287143
3647;France;3;0.874997795;0.016323823;0.891321618
3647;France;4;0.87587745;0.017362966;0.893240416
3647;France;5;0.849548643;0.05480065;0.904349293
3646;France;1;0.86781112;0.02421078;0.8920219
3646;France;2;0.86231045;0.011460327;0.873770777
3646;France;3;0.856268633;0.010190466;0.866459098
3646;France;4;0.879313424;0.00590332;0.885216744
3646;France;5;0.875783318;0.021320424;0.897103743
3651;France;1;0.876860934;0.017785561;0.894646495
3651;France;2;0.87549486;0.003195838;0.878690698
3651;France;3;0.87518349;-0.001257761;0.873925729
3651;France;4;0.878399917;-0.001707118;0.876692799
3651;France;5;0.877812051;0.015967424;0.893779476
3653;France;1;0.883936943;0.010233714;0.894170656
3653;France;2;0.880514712;-0.001604233;0.878910479
3653;France;3;0.877806098;-0.00392747;0.873878628
3653;France;4;0.884604175;0.003051543;0.887655719
3653;France;5;0.860902224;0.045948319;0.906850544
3654;France;1;0.870642721;0.021832351;0.892475072
3654;France;2;0.869751377;0.006601363;0.87635274
3654;France;3;0.868840889;0.002277418;0.871118307
3654;France;4;0.872739157;0.001155577;0.873894734
3654;France;5;0.871331001;0.019459757;0.890790758
3655;France;1;0.822009911;0.089218235;0.911228146
3655;France;2;0.844397254;0.058717126;0.903114381
3655;France;3;0.858737303;0.041477574;0.900214877
3655;France;4;0.861242474;0.040599529;0.901842003
3655;France;5;0.821362193;0.087084182;0.908446375
3656;France;1;0.840197155;0.071621137;0.911818292
3656;France;2;0.855772055;0.046849395;0.90262145
3656;France;3;0.865512505;0.034079819;0.899592325
3656;France;4;0.800827879;0.116981695;0.917809574
3656;France;5;0.812192861;0.113095563;0.925288424
3657;France;1;0.877580522;0.006278534;0.883859056
3657;France;2;0.856836745;0.007052564;0.863889309
3657;France;3;0.846387824;0.01094214;0.857329964
3657;France;4;0.841398816;0.011135521;0.852534336
3657;France;5;0.89281856;0.011847474;0.904666034
3663;France;1;0.84547201;0.008856984;0.854328994
3663;France;2;0.796990383;0.040261567;0.83725195
3663;France;3;0.782029054;0.051215284;0.833244338
3663;France;4;0.793343727;0.043323505;0.836667232
3663;France;5;0.852397809;0.00528715;0.857684959
3664;France;1;0.86983507;0.016406339;0.886241408
3664;France;2;0.867388472;0.003852207;0.871240679
3664;France;3;0.864056804;0.002407162;0.866463966
3664;France;4;0.868204057;7.25E-04;0.86892955
3664;France;5;0.877780643;0.009242058;0.887022701
3665;France;1;0.866392118;0.01993569;0.886327809
3665;France;2;0.865204298;0.0061512;0.871355499
3665;France;3;0.862135471;0.004115064;0.866250535
3665;France;4;0.866055358;0.002690074;0.868745432
3665;France;5;0.873791158;0.013207873;0.886999031
3693;France;1;0.875081075;0.01822549;0.893306565
3693;France;2;0.874241466;0.003491247;0.877732713
3693;France;3;0.873317008;-5.78E-04;0.872738538
3693;France;4;0.875978344;-0.000961021;0.875017323
3693;France;5;0.876151217;0.015970302;0.892121519
3694;France;1;0.871812241;0.023068843;0.894881085
3694;France;2;0.868066113;0.009417108;0.877483221
3694;France;3;0.863203718;0.00715499;0.870358708
3694;France;4;0.878306767;0.00321211;0.881518877
3694;France;5;0.889282675;0.018658539;0.907941214
3695;France;1;0.876678139;0.013083216;0.889761356
3695;France;2;0.859448493;0.010099506;0.869547998
3695;France;3;0.846429416;0.014385296;0.860814712
3695;France;4;0.879805631;0.002087866;0.881893497
3695;France;5;0.864916016;0.045491211;0.910407226
3666;France;1;0.867751579;0.018364991;0.88611657
3666;France;2;0.865031789;0.005823062;0.870854851
3666;France;3;0.861419426;0.004235909;0.865655335
3666;France;4;0.865507966;0.002683706;0.868191672
3666;France;5;0.879697539;0.008464337;0.888161876
3667;France;1;0.888487569;-9.33E-04;0.887554277
3667;France;2;0.88101;0.009837893;0.890847894
3667;France;3;0.864078548;-4.26E-04;0.863652542
3667;France;4;0.80108531;0.037410344;0.838495654
3667;France;5;0.844413612;0.010648596;0.855062207
3691;France;1;0.87522532;0.022864838;0.898090158
3691;France;2;0.878757946;0.00491781;0.883675757
3691;France;3;0.880593449;-0.001447365;0.879146084
3691;France;4;0.882135349;-7.40E-04;0.881395694
3691;France;5;0.876427836;0.021054095;0.89748193
3668;France;1;0.887668371;-0.001269409;0.886398962
3668;France;2;0.88466277;-0.004736155;0.879926615
3668;France;3;0.854171377;0.004217342;0.858388719
3668;France;4;0.75207579;0.074298095;0.826373885
3668;France;5;0.839306971;0.013512971;0.852819942
3690;France;1;0.875323024;0.02197136;0.897294384
3690;France;2;0.878133895;0.004573575;0.882707471
3690;France;3;0.879656495;-0.001509026;0.878147469
3690;France;4;0.881308167;-8.65E-04;0.880443231
3690;France;5;0.876274504;0.020443964;0.896718468
3669;France;1;0.882879925;-0.005207252;0.877672673
3669;France;2;0.884599285;-0.005091265;0.879508021
3669;France;3;0.850986178;0.005812229;0.856798408
3669;France;4;0.758710808;0.070764157;0.829474965
3669;France;5;0.826496816;0.021441826;0.847938642
3689;France;1;0.873237965;0.024127511;0.897365476
3689;France;2;0.876307046;0.006278109;0.882585155
3689;France;3;0.878188015;-2.70E-04;0.877918335
3689;France;4;0.87988442;2.42E-04;0.880126383
3689;France;5;0.873917392;0.022312381;0.896229773
3670;France;1;0.884889222;-0.007071477;0.877817746
3670;France;2;0.838762142;0.013729018;0.85249116
3670;France;3;0.780611921;0.050998583;0.831610504
3670;France;4;0.711658624;0.108211322;0.819869946
3670;France;5;0.785394602;0.052469469;0.83786407
3671;France;1;0.862165952;0.001482398;0.86364835
3671;France;2;0.828360184;0.020148387;0.848508571
3671;France;3;0.763455255;0.062852243;0.826307498
3671;France;4;0.678122278;0.132701509;0.810823787
3671;France;5;0.765515461;0.065513442;0.831028903
3672;France;1;0.870798883;0.010217611;0.881016494
3672;France;2;0.866203311;0.006120189;0.8723235
3672;France;3;0.873315352;0.001342093;0.874657445
3672;France;4;0.824924377;0.044922486;0.869846863
3672;France;5;0.88312375;0.040005375;0.923129125
3673;France;1;0.874370194;0.013822028;0.888192222
3673;France;2;0.862214517;0.007692001;0.869906518
3673;France;3;0.868954137;0.003169106;0.872123243
3673;France;4;0.828635269;0.036720095;0.865355364
3673;France;5;0.872020791;0.050119318;0.92214011
3674;France;1;0.874085067;0.012874912;0.886959979
3674;France;2;0.874751938;0.003437648;0.878189586
3674;France;3;0.882314722;-0.005656761;0.87665796
3674;France;4;0.885560961;-0.001220829;0.884340131
3674;France;5;0.861467267;0.047266821;0.908734088
3675;France;1;0.863768467;0.036843873;0.90061234
3675;France;2;0.863483422;0.011487358;0.87497078
3675;France;3;0.861610823;0.007554677;0.8691655
3675;France;4;0.865081884;0.006508067;0.87158995
3675;France;5;0.864059824;0.025602002;0.889661825
3679;France;1;0.877940585;0.016544344;0.894484929
3679;France;2;0.881946122;0.015386485;0.897332607
3679;France;3;0.890005225;0.001332651;0.891337876
3679;France;4;0.878554724;-0.001041555;0.877513168
3679;France;5;0.881579471;0.033930922;0.915510393
3676;France;1;0.903750138;5.10E-04;0.904260156
3676;France;2;0.876144509;0.029805544;0.905950053
3676;France;3;0.89341044;-0.004564534;0.888845906
3676;France;4;0.866482368;0.01782194;0.884304308
3676;France;5;0.866659454;0.00450086;0.871160314
3677;France;1;0.864948048;0.034824822;0.899772869
3677;France;2;0.872690636;0.012929537;0.885620174
3677;France;3;0.875412528;0.005001905;0.880414433
3677;France;4;0.876102252;0.004555358;0.88065761
3677;France;5;0.863718264;0.041380015;0.905098278
3678;France;1;0.870085676;0.02007659;0.890162265
3678;France;2;0.862593591;0.009210072;0.871803662
3678;France;3;0.856729566;0.008379508;0.865109074
3678;France;4;0.860192896;0.007120546;0.867313442
3678;France;5;0.866459061;0.043453574;0.909912635
3680;France;1;0.842088208;0.018753144;0.860841352
3680;France;2;0.776708438;0.058450911;0.835159348
3680;France;3;0.742576365;0.082192992;0.824769356
3680;France;4;0.890727329;-0.00521723;0.8855101
3680;France;5;0.898085036;0.009834388;0.907919424
3681;France;1;0.869402537;0.031625975;0.901028512
3681;France;2;0.877892149;0.009910863;0.887803012
3681;France;3;0.881320615;0.001825782;0.883146397
3681;France;4;0.882427122;0.002838362;0.885265484
3681;France;5;0.870345115;0.029500868;0.899845983
3682;France;1;0.881093917;0.018963969;0.900057886
3682;France;2;0.884249605;0.012872698;0.897122303
3682;France;3;0.887901046;0.004707715;0.892608761
3682;France;4;0.87858343;0.020877262;0.899460692
3682;France;5;0.847143997;0.065537627;0.912681624
3683;France;1;0.867233534;0.008960122;0.876193657
3683;France;2;0.856460123;0.009146732;0.865606855
3683;France;3;0.862967201;0.005076677;0.868043878
3683;France;4;0.846961944;0.011507858;0.858469802
3683;France;5;0.880843494;0.038117218;0.918960712
3687;France;1;0.880478614;0.015897815;0.896376429
3687;France;2;0.880546492;0.007499057;0.888045549
3687;France;3;0.885326857;0.004868709;0.890195566
3687;France;4;0.882296736;-0.004709286;0.87758745
3687;France;5;0.884859255;0.034230185;0.91908944
3684;France;1;0.876520535;0.009679717;0.886200252
3684;France;2;0.875811236;0.005916744;0.881727979
3684;France;3;0.877697436;-2.03E-04;0.877494214
3684;France;4;0.814010739;0.030629683;0.844640422
3684;France;5;0.890435169;0.01831277;0.908747939
3686;France;1;0.888043564;0.020044427;0.908087991
3686;France;2;0.88634039;0.019972719;0.906313109
3686;France;3;0.892379861;0.0108017;0.903181561
3686;France;4;0.879388527;0.029167168;0.908555696
3686;France;5;0.847074466;0.070737071;0.917811538
3685;France;1;0.882059153;0.014351303;0.896410456
3685;France;2;0.890123277;-0.003997823;0.886125454
3685;France;3;0.887718767;-0.006195667;0.8815231
3685;France;4;0.824994263;0.057816614;0.882810877
3685;France;5;0.881883327;0.029057182;0.910940508
3688;France;1;0.873378028;0.025713747;0.899091774
3688;France;2;0.878430188;0.006423783;0.884853972
3688;France;3;0.880539129;-3.94E-04;0.880145339
3688;France;4;0.882190708;3.69E-04;0.882559913
3688;France;5;0.874104542;0.024055585;0.898160127
3692;France;1;0.875355806;0.021497032;0.896852838
3692;France;2;0.877485097;0.004421433;0.881906529
3692;France;3;0.878746673;-0.001398902;0.877347772
3692;France;4;0.880579827;-0.001025885;0.879553942
3692;France;5;0.876108118;0.01974084;0.895848959
3696;France;1;0.873342159;0.021321751;0.89466391
3696;France;2;0.874129429;0.005097996;0.879227425
3696;France;3;0.874436668;1.47E-05;0.87445135
3696;France;4;0.876715995;-9.69E-05;0.876619109
3696;France;5;0.873595106;0.019765175;0.893360282
3702;France;1;0.866155979;-0.001278569;0.86487741
3702;France;2;0.828169004;0.020089586;0.848258591
3702;France;3;0.802929387;0.037011835;0.839941222
3702;France;4;0.792955041;0.043463844;0.836418885
3702;France;5;0.854202847;0.00550528;0.859708127
3703;France;1;0.866155979;-0.001278569;0.86487741
3703;France;2;0.828169004;0.020089586;0.848258591
3703;France;3;0.802929387;0.037011835;0.839941222
3703;France;4;0.792955041;0.043463844;0.836418885
3703;France;5;0.854202847;0.00550528;0.859708127
3947;France;1;0.849666973;0.007979326;0.857646299
3947;France;2;0.7995728;0.038961854;0.838534653
3947;France;3;0.783819875;0.050272671;0.834092547
3947;France;4;0.794293915;0.043174391;0.837468307
3947;France;5;0.853311424;0.00771145;0.861022874
3709;France;1;0.838423134;0.016182684;0.854605818
3709;France;2;0.780840316;0.05317397;0.834014286
3709;France;3;0.759004742;0.068333453;0.827338195
3709;France;4;0.841047741;0.017042194;0.858089935
3709;France;5;0.873855755;0.00460037;0.878456125
3710;France;1;0.766490916;0.061478504;0.82796942
3710;France;2;0.703331064;0.108657759;0.811988824
3710;France;3;0.688770287;0.120127215;0.808897502
3710;France;4;0.701560563;0.110292559;0.811853122
3710;France;5;0.783062194;0.050626121;0.833688316
3724;France;1;0.826353882;0.02236706;0.848720943
3724;France;2;0.779319391;0.05340189;0.832721281
3724;France;3;0.749498502;0.074845033;0.824343535
3724;France;4;0.734560089;0.085312269;0.819872358
3724;France;5;0.811538895;0.032078424;0.843617318
3725;France;1;0.826353882;0.02236706;0.848720943
3725;France;2;0.779319391;0.05340189;0.832721281
3725;France;3;0.749498502;0.074845033;0.824343535
3725;France;4;0.734560089;0.085312269;0.819872358
3725;France;5;0.811538895;0.032078424;0.843617318
3711;France;1;0.770897248;0.058239941;0.829137189
3711;France;2;0.706797626;0.105931829;0.812729455
3711;France;3;0.690788845;0.118463929;0.809252773
3711;France;4;0.704635291;0.107836166;0.812471457
3711;France;5;0.784549094;0.049174834;0.833723928
3712;France;1;0.784355612;0.048850353;0.833205965
3712;France;2;0.721574454;0.094723048;0.816297502
3712;France;3;0.704331848;0.108038934;0.812370782
3712;France;4;0.718460295;0.097335013;0.815795308
3712;France;5;0.795800667;0.041544311;0.837344978
3713;France;1;0.790222795;0.044853841;0.835076637
3713;France;2;0.738689829;0.081962606;0.820652435
3713;France;3;0.701852207;0.109891383;0.81174359
3713;France;4;0.686894635;0.121079415;0.80797405
3713;France;5;0.773144539;0.056742068;0.829886607
3718;France;1;0.790222795;0.044853841;0.835076637
3718;France;2;0.738689829;0.081962606;0.820652435
3718;France;3;0.701852207;0.109891383;0.81174359
3718;France;4;0.686894635;0.121079415;0.80797405
3718;France;5;0.773144539;0.056742068;0.829886607
3717;France;1;0.835698299;0.016173477;0.851871776
3717;France;2;0.781991851;0.051086851;0.833078701
3717;France;3;0.764123999;0.064060258;0.828184258
3717;France;4;0.774815861;0.056672115;0.831487976
3717;France;5;0.836809683;0.016615115;0.853424798
3714;France;1;0.805243453;0.034795791;0.840039244
3714;France;2;0.744747052;0.077471147;0.822218198
3714;France;3;0.72672391;0.091131992;0.817855901
3714;France;4;0.738665793;0.082248343;0.820914137
3714;France;5;0.812815362;0.030601066;0.843416427
3716;France;1;0.836842216;0.015998788;0.852841004
3716;France;2;0.784602497;0.049625014;0.834227511
3716;France;3;0.767804355;0.06182578;0.829630135
3716;France;4;0.777885492;0.054933561;0.832819053
3716;France;5;0.837725855;0.01685313;0.854578984
3715;France;1;0.733088428;0.089166402;0.822254829
3715;France;2;0.651043021;0.150712034;0.801755055
3715;France;3;0.665892194;0.137791182;0.803683376
3715;France;4;0.637074439;0.159307684;0.796382122
3715;France;5;0.742558387;0.0831688;0.825727187
3719;France;1;0.80691636;0.033749486;0.840665846
3719;France;2;0.746811942;0.075919156;0.822731098
3719;France;3;0.727989986;0.090090818;0.818080803
3719;France;4;0.739726365;0.081398498;0.821124863
3719;France;5;0.813154928;0.030309753;0.84346468
3720;France;1;0.876391111;0.003527591;0.879918702
3720;France;2;0.854484311;0.006544524;0.861028836
3720;France;3;0.843710664;0.011191729;0.854902393
3720;France;4;0.852567059;0.007263522;0.859830582
3720;France;5;0.875463691;0.014197639;0.889661331
3721;France;1;0.879349202;0.012835173;0.892184375
3721;France;2;0.874816083;0.001244112;0.876060195
3721;France;3;0.871841973;-0.001127788;0.870714185
3721;France;4;0.875250268;-0.001925639;0.873324629
3721;France;5;0.879895333;0.011515675;0.891411008
3722;France;1;0.879581754;0.013640237;0.893221991
3722;France;2;0.875849604;0.001339786;0.87718939
3722;France;3;0.873875367;-0.001760229;0.872115137
3722;France;4;0.875334124;-0.005377267;0.869956857
3722;France;5;0.885656559;0.008041379;0.893697938
3723;France;1;0.884198573;0.013835751;0.898034324
3723;France;2;0.883780221;-5.70E-04;0.883210031
3723;France;3;0.883802424;-0.005100479;0.878701945
3723;France;4;0.885653838;-0.004587871;0.881065967
3723;France;5;0.888782109;0.012068121;0.90085023
3734;France;1;0.828380095;0.022055084;0.850435179
3734;France;2;0.775930306;0.05625026;0.832180566
3734;France;3;0.759939341;0.067947274;0.827886614
3734;France;4;0.77026123;0.060855636;0.831116866
3734;France;5;0.829912516;0.022786003;0.852698519
3735;France;1;0.846990991;0.012377255;0.859368246
3735;France;2;0.800447363;0.040223675;0.840671038
3735;France;3;0.785981748;0.050562558;0.836544306
3735;France;4;0.796933304;0.044191144;0.841124448
3735;France;5;0.846248941;0.017414468;0.863663409
3762;France;1;0.816920533;0.029891579;0.846812113
3762;France;2;0.771301733;0.060083846;0.831385579
3762;France;3;0.743402719;0.080023991;0.82342671
3762;France;4;0.728674206;0.090281913;0.818956119
3762;France;5;0.801674699;0.040041262;0.841715961
3775;France;1;0.814548503;0.032220987;0.84676949
3775;France;2;0.769796787;0.061688861;0.831485648
3775;France;3;0.74341557;0.080443248;0.823858818
3775;France;4;0.729049725;0.090348805;0.819398531
3775;France;5;0.80068506;0.041681798;0.842366858
3776;France;1;0.783387349;0.050602229;0.833989578
3776;France;2;0.729373913;0.090005162;0.819379075
3776;France;3;0.723237087;0.095400065;0.818637151
3776;France;4;0.733423271;0.087883136;0.821306407
3776;France;5;0.800819971;0.041315892;0.842135863
3804;France;1;0.808729701;0.03501154;0.843741241
3804;France;2;0.741428166;0.081614724;0.82304289
3804;France;3;0.715255261;0.1003469;0.815602161
3804;France;4;0.73756667;0.083120476;0.820687147
3804;France;5;0.859718101;0.024213288;0.883931389
3777;France;1;0.800997266;0.037443041;0.838440307
3777;France;2;0.745984096;0.07710838;0.823092476
3777;France;3;0.734811185;0.08602336;0.820834545
3777;France;4;0.74521147;0.078330337;0.823541807
3777;France;5;0.81577002;0.029215857;0.844985877
3796;France;1;0.781801025;0.050087108;0.831888133
3796;France;2;0.720232399;0.095516978;0.815749377
3796;France;3;0.707862214;0.105330893;0.813193107
3796;France;4;0.719542128;0.096456598;0.815998726
3796;France;5;0.798366869;0.03978393;0.838150799
3803;France;1;0.84518767;0.011264389;0.856452058
3803;France;2;0.795937145;0.041973706;0.837910851
3803;France;3;0.780373236;0.05317258;0.833545816
3803;France;4;0.790961255;0.046215837;0.837177092
3803;France;5;0.848245555;0.012112841;0.860358396
3797;France;1;0.735745819;0.083982138;0.819727956
3797;France;2;0.662285661;0.140247784;0.802533445
3797;France;3;0.644021028;0.15461507;0.798636098
3797;France;4;0.742463062;0.079575184;0.822038247
3797;France;5;0.817112598;0.027655308;0.844767906
3800;France;1;0.829701196;0.021172983;0.850874179
3800;France;2;0.76780028;0.062321296;0.830121576
3800;France;3;0.747722792;0.076449157;0.824171949
3800;France;4;0.771195812;0.066578178;0.837773991
3800;France;5;0.86937589;0.022354997;0.891730887
3801;France;1;0.848526619;0.012431115;0.860957735
3801;France;2;0.79298281;0.047055958;0.840038768
3801;France;3;0.803243884;0.038984984;0.842228867
3801;France;4;0.797486648;0.053979299;0.851465947
3801;France;5;0.87976088;0.019802933;0.899563813
3802;France;1;0.853037673;0.005387804;0.858425476
3802;France;2;0.811298922;0.030752164;0.842051086
3802;France;3;0.783477676;0.050076125;0.833553802
3802;France;4;0.767962893;0.060534081;0.828496974
3802;France;5;0.83909711;0.013569398;0.852666509
3798;France;1;0.797297858;0.040077637;0.837375495
3798;France;2;0.730243443;0.087452605;0.817696048
3798;France;3;0.715936631;0.098456857;0.814393487
3798;France;4;0.737286879;0.086811825;0.824098704
3798;France;5;0.862714389;0.015596885;0.878311274
3799;France;1;0.863097428;-4.92E-04;0.862605469
3799;France;2;0.816678906;0.02657652;0.843255426
3799;France;3;0.799752054;0.038229233;0.837981287
3799;France;4;0.808881241;0.032070095;0.840951336
3799;France;5;0.865197017;-9.46E-04;0.864250917
3778;France;1;0.805916128;0.034268912;0.84018504
3778;France;2;0.748929461;0.074845428;0.823774889
3778;France;3;0.736356996;0.084712779;0.821069775
3778;France;4;0.747890981;0.076221511;0.824112491
3778;France;5;0.818085563;0.027745259;0.845830821
3779;France;1;0.805916128;0.034268912;0.84018504
3779;France;2;0.748929461;0.074845428;0.823774889
3779;France;3;0.736356996;0.084712779;0.821069775
3779;France;4;0.747890981;0.076221511;0.824112491
3779;France;5;0.818085563;0.027745259;0.845830821
3795;France;1;0.838686788;0.013907236;0.852594024
3795;France;2;0.784569661;0.049009311;0.833578972
3795;France;3;0.768149361;0.061026111;0.829175472
3795;France;4;0.778475218;0.053742892;0.83221811
3795;France;5;0.843372702;0.012508474;0.855881176
3780;France;1;0.799444073;0.038111557;0.83755563
3780;France;2;0.739251843;0.081639131;0.820890973
3780;France;3;0.723735152;0.093640924;0.817376076
3780;France;4;0.735923778;0.084453602;0.82037738
3780;France;5;0.812755493;0.030060268;0.842815761
3794;France;1;0.848696669;0.008166904;0.856863573
3794;France;2;0.807054127;0.033943879;0.840998006
3794;France;3;0.77828514;0.053953236;0.832238376
3794;France;4;0.762243527;0.064888506;0.827132032
3794;France;5;0.831799494;0.018228013;0.850027506
3781;France;1;0.803361678;0.035497757;0.838859435
3781;France;2;0.743180542;0.078696653;0.821877195
3781;France;3;0.728041703;0.090415291;0.818456993
3781;France;4;0.73992133;0.081481158;0.821402488
3781;France;5;0.816042821;0.027970365;0.844013185
3792;France;1;0.818273879;0.026195153;0.844469032
3792;France;2;0.767740501;0.060686292;0.828426793
3792;France;3;0.733564648;0.085990028;0.819554676
3792;France;4;0.71634716;0.098567475;0.814914635
3792;France;5;0.829526078;0.019543964;0.849070042
3793;France;1;0.818273879;0.026195153;0.844469032
3793;France;2;0.767740501;0.060686292;0.828426793
3793;France;3;0.733564648;0.085990028;0.819554676
3793;France;4;0.71634716;0.098567475;0.814914635
3793;France;5;0.829526078;0.019543964;0.849070042
3782;France;1;0.812617289;0.029457429;0.842074718
3782;France;2;0.754140728;0.070659023;0.824799751
3782;France;3;0.738536039;0.082578521;0.82111456
3782;France;4;0.749524038;0.07441112;0.823935158
3782;France;5;0.823625872;0.023272183;0.846898055
3791;France;1;0.846755935;0.008896664;0.855652598
3791;France;2;0.803933532;0.035700444;0.839633975
3791;France;3;0.774725107;0.056247725;0.830972832
3791;France;4;0.759530407;0.066654926;0.826185333
3791;France;5;0.832801514;0.017388047;0.850189561
3783;France;1;0.823570478;0.022216662;0.84578714
3783;France;2;0.767719474;0.060673747;0.828393222
3783;France;3;0.750353518;0.07368974;0.824043258
3783;France;4;0.761162357;0.065779701;0.826942058
3783;France;5;0.831774865;0.017782219;0.849557084
3784;France;1;0.845523277;0.008755303;0.85427858
3784;France;2;0.792345504;0.04289698;0.835242484
3784;France;3;0.774800213;0.05560689;0.830407103
3784;France;4;0.785108847;0.048226444;0.833335291
3784;France;5;0.850842031;0.005830609;0.85667264
3785;France;1;0.867312154;-0.001801131;0.865511024
3785;France;2;0.825423614;0.020886116;0.84630973
3785;France;3;0.809381551;0.031537204;0.840918754
3785;France;4;0.817804957;0.025945295;0.843750251
3785;France;5;0.870569873;-0.003479944;0.867089929
3786;France;1;0.877935815;-0.004507804;0.873428011
3786;France;2;0.845572778;0.008990146;0.854562924
3786;France;3;0.830795085;0.017718565;0.848513649
3786;France;4;0.839102365;0.012684528;0.851786893
3786;France;5;0.87879665;-0.005211714;0.873584936
3787;France;1;0.878510371;0.026554719;0.905065089
3787;France;2;0.884288013;0.008100213;0.892388226
3787;France;3;0.887262424;0.001651189;0.888913614
3787;France;4;0.83994513;0.068016572;0.907961702
3787;France;5;0.879926519;0.029622032;0.909548552
3788;France;1;0.884722918;-0.006176288;0.87854663
3788;France;2;0.864908111;-0.001301096;0.863607015
3788;France;3;0.844050921;0.00986331;0.853914231
3788;France;4;0.829831321;0.018215735;0.848047057
3788;France;5;0.876670821;-0.00487812;0.871792701
3789;France;1;0.877227715;-0.005558514;0.871669201
3789;France;2;0.84250573;0.010504054;0.853009784
3789;France;3;0.826189654;0.020519022;0.846708676
3789;France;4;0.833895997;0.015708233;0.849604229
3789;France;5;0.877834565;-0.005804061;0.872030504
3790;France;1;0.876315908;-0.006083891;0.870232016
3790;France;2;0.837262043;0.013562171;0.850824214
3790;France;3;0.821885455;0.023421813;0.845307268
3790;France;4;0.829058976;0.018916869;0.847975845
3790;France;5;0.875749676;-0.005378946;0.87037073
3806;France;1;0.784973322;0.051351909;0.836325232
3806;France;2;0.722823832;0.095072661;0.817896493
3806;France;3;0.706866897;0.106952346;0.813819243
3806;France;4;0.754472321;0.072997309;0.82746963
3806;France;5;0.837420602;0.023859986;0.861280588
3520;France;1;0.890940572;0.001755277;0.892695849
3520;France;2;0.870739233;0.007719026;0.878458259
3520;France;3;0.862417768;0.014689551;0.877107319
3520;France;4;0.870157368;0.021349561;0.891506929
3520;France;5;0.885721166;0.021815319;0.907536485
3807;France;1;0.890940572;0.001755277;0.892695849
3807;France;2;0.870739233;0.007719026;0.878458259
3807;France;3;0.862417768;0.014689551;0.877107319
3807;France;4;0.870157368;0.021349561;0.891506929
3807;France;5;0.885721166;0.021815319;0.907536485
3815;France;1;0.832291903;0.019747681;0.852039584
3815;France;2;0.78788898;0.048196678;0.836085658
3815;France;3;0.762489749;0.06616395;0.828653699
3815;France;4;0.745216249;0.077910889;0.823127139
3815;France;5;0.818836391;0.028566721;0.847403113
3808;France;1;0.796209366;0.04131613;0.837525496
3808;France;2;0.737068846;0.083543054;0.8206119
3808;France;3;0.722751117;0.094558191;0.817309308
3808;France;4;0.734975352;0.085589852;0.820565204
3808;France;5;0.807993312;0.034862705;0.842856017
3814;France;1;0.868292087;-0.002768217;0.86552387
3814;France;2;0.824105654;0.022088534;0.846194187
3814;France;3;0.809169367;0.032324726;0.841494092
3814;France;4;0.817544303;0.026813696;0.844357999
3814;France;5;0.870409159;-0.002643997;0.867765162
3809;France;1;0.830966616;0.017371619;0.848338235
3809;France;2;0.773413079;0.056286892;0.829699971
3809;France;3;0.755836239;0.069346141;0.82518238
3809;France;4;0.766009952;0.061874011;0.827883964
3809;France;5;0.837814252;0.013501628;0.85131588
3813;France;1;0.866281212;-0.001900383;0.864380829
3813;France;2;0.820866485;0.024020894;0.84488738
3813;France;3;0.805203213;0.034767274;0.839970487
3813;France;4;0.813660671;0.029134284;0.842794954
3813;France;5;0.868625934;-0.00206707;0.866558864
3810;France;1;0.73454229;0.086624704;0.821166993
3810;France;2;0.653475428;0.148538024;0.802013452
3810;France;3;0.623872586;0.171500764;0.79537335
3810;France;4;0.799031393;0.039096613;0.838128005
3810;France;5;0.878641864;-0.006220258;0.872421606
3812;France;1;0.876101168;-0.005901885;0.870199283
3812;France;2;0.837174737;0.01360122;0.850775957
3812;France;3;0.821607757;0.02355943;0.845167187
3812;France;4;0.82987464;0.01832172;0.84819636
3812;France;5;0.876810906;-0.005776738;0.871034168
3811;France;1;0.870097259;-0.003405329;0.86669193
3811;France;2;0.828334034;0.018999546;0.84733358
3811;France;3;0.812546773;0.029398613;0.841945385
3811;France;4;0.813804214;0.030294597;0.844098811
3811;France;5;0.872045872;-0.004589006;0.867456866
3816;France;1;0.687444145;0.121828593;0.809272738
3816;France;2;0.61143136;0.180750272;0.792181632
3816;France;3;0.59090244;0.196656753;0.787559193
3816;France;4;0.692443286;0.122370524;0.81481381
3816;France;5;0.755704604;0.092966858;0.848671462
3817;France;1;0.762058893;0.066647607;0.8287065
3817;France;2;0.695297909;0.11496373;0.810261639
3817;France;3;0.681115891;0.125792282;0.806908173
3817;France;4;0.728055133;0.110581826;0.838636959
3817;France;5;0.781588192;0.082784976;0.864373168
3821;France;1;0.815545504;0.034482662;0.850028166
3821;France;2;0.767146745;0.064555557;0.831702302
3821;France;3;0.75618936;0.073151733;0.829341093
3821;France;4;0.765608443;0.066756037;0.83236448
3821;France;5;0.822355422;0.036294584;0.858650006
3823;France;1;0.798682405;0.043782334;0.842464739
3823;France;2;0.749649246;0.076777464;0.826426709
3823;France;3;0.741986727;0.083243849;0.825230577
3823;France;4;0.750997045;0.076890558;0.827887603
3823;France;5;0.808373947;0.04130251;0.849676457
3834;France;1;0.811290363;0.035047172;0.846337535
3834;France;2;0.758985216;0.069258395;0.828243611
3834;France;3;0.746062747;0.079087698;0.825150444
3834;France;4;0.756197655;0.071960236;0.82815789
3834;France;5;0.817166177;0.034146866;0.851313043
3824;France;1;0.793061115;0.046004614;0.839065729
3824;France;2;0.739851166;0.082994154;0.82284532
3824;France;3;0.730597753;0.090482589;0.821080342
3824;France;4;0.74000746;0.083621916;0.823629376
3824;France;5;0.804634031;0.04114365;0.845777682
3833;France;1;0.706143545;0.107084767;0.813228312
3833;France;2;0.624946259;0.169440979;0.794387238
3833;France;3;0.603168102;0.186159099;0.789327201
3833;France;4;0.683711197;0.187082306;0.870793504
3833;France;5;0.826696162;0.033355646;0.860051807
3825;France;1;0.789197079;0.047961406;0.837158485
3825;France;2;0.733249337;0.087388355;0.820637693
3825;France;3;0.724079567;0.094819391;0.818898958
3825;France;4;0.733056878;0.088174914;0.821231792
3825;France;5;0.801100491;0.042262651;0.843363142
3826;France;1;0.792848215;0.044587367;0.837435583
3826;France;2;0.735317088;0.085378636;0.820695723
3826;France;3;0.724178142;0.09417359;0.818351733
3826;France;4;0.733211567;0.087453917;0.820665484
3826;France;5;0.804081405;0.038754365;0.84283577
3827;France;1;0.802650734;0.037203331;0.839854065
3827;France;2;0.743498486;0.078876489;0.822374975
3827;France;3;0.729922121;0.089360256;0.819282377
3827;France;4;0.739183359;0.082492284;0.821675644
3827;France;5;0.811748034;0.032434769;0.844182802
3832;France;1;0.841520292;0.01277338;0.854293672
3832;France;2;0.788361318;0.046685231;0.835046549
3832;France;3;0.773655197;0.05751447;0.831169667
3832;France;4;0.782168696;0.051529688;0.833698384
3832;France;5;0.844447639;0.012481358;0.856928997
3828;France;1;0.821615753;0.02414916;0.845764914
3828;France;2;0.763348303;0.063997243;0.827345546
3828;France;3;0.747835258;0.07571637;0.823551627
3828;France;4;0.757419705;0.068712963;0.826132668
3828;France;5;0.827609731;0.021285129;0.848894859
3829;France;1;0.780019257;0.052419964;0.832439221
3829;France;2;0.704658347;0.107834216;0.812492563
3829;France;3;0.693210867;0.11500927;0.808220137
3829;France;4;0.61404405;0.180904776;0.794948825
3829;France;5;0.719182576;0.096455556;0.815638131
3831;France;1;0.810351565;0.032450768;0.842802333
3831;France;2;0.732071242;0.087197357;0.819268599
3831;France;3;0.703755969;0.108310588;0.812066556
3831;France;4;0.779842797;0.052631069;0.832473866
3831;France;5;0.898500868;-0.010382124;0.888118744
3830;France;1;0.839789466;0.016102445;0.855891911
3830;France;2;0.774118776;0.058596183;0.832714959
3830;France;3;0.743989326;0.079613834;0.82360316
3830;France;4;0.792755933;0.061397127;0.85415306
3830;France;5;0.905126118;5.84E-04;0.905709784
3507;France;6;0;0;0
3508;France;6;0;0;0
3509;France;6;0;0;0
3510;France;6;0;0;0
3511;France;6;0;0;0
3512;France;6;0;0;0
3513;France;6;0;0;0
3514;France;6;0;0;0
3515;France;6;0;0;0
3516;France;6;0;0;0
3517;France;6;0;0;0
3518;France;6;0;0;0
3519;France;6;0;0;0
3520;France;6;0;0;0
3521;France;6;0;0;0
3522;France;6;0;0;0
3523;France;6;0;0;0
3524;France;6;0;0;0
3525;France;6;0;0;0
3526;France;6;0;0;0
3527;France;6;0;0;0
3528;France;6;0;0;0
3529;France;6;0;0;0
3530;France;6;0;0;0
3531;France;6;0;0;0
3532;France;6;0;0;0
3533;France;6;0;0;0
3534;France;6;0;0;0
3535;France;6;0;0;0
3536;France;6;0;0;0
3537;France;6;0;0;0
3538;France;6;0;0;0
3539;France;6;0;0;0
3540;France;6;0;0;0
3541;France;6;0;0;0
3542;France;6;0;0;0
3543;France;6;0;0;0
3544;France;6;0;0;0
3545;France;6;0;0;0
3546;France;6;0;0;0
3547;France;6;0;0;0
3548;France;6;0;0;0
3549;France;6;0;0;0
3550;France;6;0;0;0
3551;France;6;0;0;0
3552;France;6;0;0;0
3553;France;6;0;0;0
3554;France;6;0;0;0
3555;France;6;0;0;0
3556;France;6;0;0;0
3557;France;6;0;0;0
3558;France;6;0;0;0
3559;France;6;0;0;0
3560;France;6;0;0;0
3561;France;6;0;0;0
3562;France;6;0;0;0
3563;France;6;0;0;0
3564;France;6;0;0;0
3565;France;6;0;0;0
3566;France;6;0;0;0
3567;France;6;0;0;0
3568;France;6;0;0;0
3569;France;6;0;0;0
3570;France;6;0;0;0
3571;France;6;0;0;0
3572;France;6;0;0;0
3573;France;6;0;0;0
3574;France;6;0;0;0
3575;France;6;0;0;0
3576;France;6;0;0;0
3577;France;6;0;0;0
3578;France;6;0;0;0
3579;France;6;0;0;0
3580;France;6;0;0;0
3581;France;6;0;0;0
3582;France;6;0;0;0
3583;France;6;0;0;0
3584;France;6;0;0;0
3585;France;6;0;0;0
3586;France;6;0;0;0
3587;France;6;0;0;0
3588;France;6;0;0;0
3589;France;6;0;0;0
3590;France;6;0;0;0
3592;France;6;0;0;0
3593;France;6;0;0;0
3594;France;6;0;0;0
3595;France;6;0;0;0
3596;France;6;0;0;0
3597;France;6;0;0;0
3598;France;6;0;0;0
3599;France;6;0;0;0
3600;France;6;0;0;0
3601;France;6;0;0;0
3602;France;6;0;0;0
3603;France;6;0;0;0
3604;France;6;0;0;0
3605;France;6;0;0;0
3606;France;6;0;0;0
3607;France;6;0;0;0
3608;France;6;0;0;0
3609;France;6;0;0;0
3610;France;6;0;0;0
3611;France;6;0;0;0
3612;France;6;0;0;0
3613;France;6;0;0;0
3614;France;6;0;0;0
3615;France;6;0;0;0
3616;France;6;0;0;0
3617;France;6;0;0;0
3618;France;6;0;0;0
3619;France;6;0;0;0
3620;France;6;0;0;0
3621;France;6;0;0;0
3622;France;6;0;0;0
3623;France;6;0;0;0
3624;France;6;0;0;0
3625;France;6;0;0;0
3626;France;6;0;0;0
3627;France;6;0;0;0
3628;France;6;0;0;0
3629;France;6;0;0;0
3630;France;6;0;0;0
3631;France;6;0;0;0
3632;France;6;0;0;0
3633;France;6;0;0;0
3634;France;6;0;0;0
3635;France;6;0;0;0
3636;France;6;0;0;0
3637;France;6;0;0;0
3638;France;6;0;0;0
3639;France;6;0;0;0
3640;France;6;0;0;0
3641;France;6;0;0;0
3642;France;6;0;0;0
3643;France;6;0;0;0
3644;France;6;0;0;0
3645;France;6;0;0;0
3646;France;6;0;0;0
3647;France;6;0;0;0
3648;France;6;0;0;0
3649;France;6;0;0;0
3650;France;6;0;0;0
3651;France;6;0;0;0
3652;France;6;0;0;0
3653;France;6;0;0;0
3654;France;6;0;0;0
3655;France;6;0;0;0
3656;France;6;0;0;0
3657;France;6;0;0;0
3658;France;6;0;0;0
3659;France;6;0;0;0
3660;France;6;0;0;0
3661;France;6;0;0;0
3662;France;6;0;0;0
3663;France;6;0;0;0
3664;France;6;0;0;0
3665;France;6;0;0;0
3666;France;6;0;0;0
3667;France;6;0;0;0
3668;France;6;0;0;0
3669;France;6;0;0;0
3670;France;6;0;0;0
3671;France;6;0;0;0
3672;France;6;0;0;0
3673;France;6;0;0;0
3674;France;6;0;0;0
3675;France;6;0;0;0
3676;France;6;0;0;0
3677;France;6;0;0;0
3678;France;6;0;0;0
3679;France;6;0;0;0
3680;France;6;0;0;0
3681;France;6;0;0;0
3682;France;6;0;0;0
3683;France;6;0;0;0
3684;France;6;0;0;0
3685;France;6;0;0;0
3686;France;6;0;0;0
3687;France;6;0;0;0
3688;France;6;0;0;0
3689;France;6;0;0;0
3690;France;6;0;0;0
3691;France;6;0;0;0
3692;France;6;0;0;0
3693;France;6;0;0;0
3694;France;6;0;0;0
3695;France;6;0;0;0
3696;France;6;0;0;0
3697;France;6;0;0;0
3698;France;6;0;0;0
3699;France;6;0;0;0
3700;France;6;0;0;0
3701;France;6;0;0;0
3702;France;6;0;0;0
3703;France;6;0;0;0
3704;France;6;0;0;0
3705;France;6;0;0;0
3706;France;6;0;0;0
3707;France;6;0;0;0
3708;France;6;0;0;0
3709;France;6;0;0;0
3710;France;6;0;0;0
3711;France;6;0;0;0
3712;France;6;0;0;0
3713;France;6;0;0;0
3714;France;6;0;0;0
3715;France;6;0;0;0
3716;France;6;0;0;0
3717;France;6;0;0;0
3718;France;6;0;0;0
3719;France;6;0;0;0
3720;France;6;0;0;0
3721;France;6;0;0;0
3722;France;6;0;0;0
3723;France;6;0;0;0
3724;France;6;0;0;0
3725;France;6;0;0;0
3727;France;6;0;0;0
3728;France;6;0;0;0
3729;France;6;0;0;0
3730;France;6;0;0;0
3731;France;6;0;0;0
3733;France;6;0;0;0
3734;France;6;0;0;0
3735;France;6;0;0;0
3736;France;6;0;0;0
3737;France;6;0;0;0
3738;France;6;0;0;0
3739;France;6;0;0;0
3740;France;6;0;0;0
3741;France;6;0;0;0
3742;France;6;0;0;0
3743;France;6;0;0;0
3744;France;6;0;0;0
3745;France;6;0;0;0
3746;France;6;0;0;0
3747;France;6;0;0;0
3748;France;6;0;0;0
3749;France;6;0;0;0
3750;France;6;0;0;0
3751;France;6;0;0;0
3752;France;6;0;0;0
3753;France;6;0;0;0
3754;France;6;0;0;0
3755;France;6;0;0;0
3756;France;6;0;0;0
3757;France;6;0;0;0
3758;France;6;0;0;0
3759;France;6;0;0;0
3760;France;6;0;0;0
3761;France;6;0;0;0
3762;France;6;0;0;0
3763;France;6;0;0;0
3764;France;6;0;0;0
3765;France;6;0;0;0
3766;France;6;0;0;0
3767;France;6;0;0;0
3768;France;6;0;0;0
3769;France;6;0;0;0
3770;France;6;0;0;0
3771;France;6;0;0;0
3772;France;6;0;0;0
3773;France;6;0;0;0
3775;France;6;0;0;0
3776;France;6;0;0;0
3777;France;6;0;0;0
3778;France;6;0;0;0
3779;France;6;0;0;0
3780;France;6;0;0;0
3781;France;6;0;0;0
3782;France;6;0;0;0
3783;France;6;0;0;0
3784;France;6;0;0;0
3785;France;6;0;0;0
3786;France;6;0;0;0
3787;France;6;0;0;0
3788;France;6;0;0;0
3789;France;6;0;0;0
3790;France;6;0;0;0
3791;France;6;0;0;0
3792;France;6;0;0;0
3793;France;6;0;0;0
3794;France;6;0;0;0
3795;France;6;0;0;0
3796;France;6;0;0;0
3797;France;6;0;0;0
3798;France;6;0;0;0
3799;France;6;0;0;0
3800;France;6;0;0;0
3801;France;6;0;0;0
3802;France;6;0;0;0
3803;France;6;0;0;0
3804;France;6;0;0;0
3805;France;6;0;0;0
3806;France;6;0;0;0
3807;France;6;0;0;0
3808;France;6;0;0;0
3809;France;6;0;0;0
3810;France;6;0;0;0
3811;France;6;0;0;0
3812;France;6;0;0;0
3813;France;6;0;0;0
3814;France;6;0;0;0
3815;France;6;0;0;0
3816;France;6;0;0;0
3817;France;6;0;0;0
3818;France;6;0;0;0
3819;France;6;0;0;0
3820;France;6;0;0;0
3821;France;6;0;0;0
3822;France;6;0;0;0
3823;France;6;0;0;0
3824;France;6;0;0;0
3825;France;6;0;0;0
3826;France;6;0;0;0
3827;France;6;0;0;0
3828;France;6;0;0;0
3829;France;6;0;0;0
3830;France;6;0;0;0
3831;France;6;0;0;0
3832;France;6;0;0;0
3833;France;6;0;0;0
3834;France;6;0;0;0
3835;France;6;0;0;0
3836;France;6;0;0;0
3837;France;6;0;0;0
3838;France;6;0;0;0
3839;France;6;0;0;0
3840;France;6;0;0;0
3841;France;6;0;0;0
3842;France;6;0;0;0
3843;France;6;0;0;0
3844;France;6;0;0;0
3845;France;6;0;0;0
3846;France;6;0;0;0
3847;France;6;0;0;0
3848;France;6;0;0;0
3849;France;6;0;0;0
3850;France;6;0;0;0
3851;France;6;0;0;0
3852;France;6;0;0;0
3853;France;6;0;0;0
3854;France;6;0;0;0
3855;France;6;0;0;0
3856;France;6;0;0;0
3857;France;6;0;0;0
3858;France;6;0;0;0
3859;France;6;0;0;0
3860;France;6;0;0;0
3861;France;6;0;0;0
3862;France;6;0;0;0
3863;France;6;0;0;0
3864;France;6;0;0;0
3865;France;6;0;0;0
3866;France;6;0;0;0
3867;France;6;0;0;0
3868;France;6;0;0;0
3869;France;6;0;0;0
3870;France;6;0;0;0
3871;France;6;0;0;0
3872;France;6;0;0;0
3873;France;6;0;0;0
3874;France;6;0;0;0
3875;France;6;0;0;0
3876;France;6;0;0;0
3877;France;6;0;0;0
3878;France;6;0;0;0
3879;France;6;0;0;0
3880;France;6;0;0;0
3947;France;6;0;0;0
3869;France;1;0.826567545;0.033152127;0.859719671
3869;France;2;0.738930685;0.083971146;0.822901831
3869;France;3;0.728712091;0.091881119;0.82059321
3869;France;4;0.740335952;0.083600315;0.823936266
3869;France;5;0.82233645;0.035546906;0.857883356
