WP4,campaign,dem,pu
3507,1,0.00145391110027046,103507
3507,2,0.00157272609483298,203507
3507,3,0.0017219413140509149,303507
3507,4,0.001546708729887995,403507
3507,5,0.001745710627547805,503507
3507,6,0.0015428502836454601,603507
3508,1,0.001435760060569615,103508
3508,2,0.00158127629705674,203508
3508,3,0.0017229943255689,303508
3508,4,0.00154523649086222,403508
3508,5,0.001762127805350545,503508
3508,6,0.00154132848530857,603508
3509,1,0.001471242441155875,103509
3509,2,0.0015831368332622701,203509
3509,3,0.0017423299163739849,303509
3509,4,0.001562847444351715,403509
3509,5,0.001771594352726585,503509
3509,6,0.001534599086335845,603509
3510,1,0.00149227447940623,103510
3510,2,0.00161579001425198,203510
3510,3,0.00176767450477551,303510
3510,4,0.001584535953932535,403510
3510,5,0.00179967506639115,503510
3510,6,0.0015537978324817949,603510
3511,1,0.001514592348508525,103511
3511,2,0.001627626261965375,203511
3511,3,0.00177709321592833,303511
3511,4,0.00159927291011967,403511
3511,5,0.00181412566045802,503511
3511,6,0.001556865209514755,603511
3512,1,0.00151460174437176,103512
3512,2,0.001643196381541,203512
3512,3,0.0017743184755932549,303512
3512,4,0.001599315146365635,403512
3512,5,0.001811891469590455,503512
3512,6,0.0015497680356422999,603512
3513,1,0.0015314139066171998,103513
3513,2,0.00166598204231454,203513
3513,3,0.00177857967998558,303513
3513,4,0.0016241500321888748,403513
3513,5,0.00179890634529105,503513
3513,6,0.0015414080029220352,603513
3514,1,0.0015211080407365749,103514
3514,2,0.00164382582958186,203514
3514,3,0.001737819115619305,303514
3514,4,0.0015759760120994501,403514
3514,5,0.0017812564663234349,503514
3514,6,0.0015457241807749949,603514
3515,1,0.001950192144542755,103515
3515,2,0.001945368147455695,203515
3515,3,0.002117591875539835,303515
3515,4,0.002058458325865415,403515
3515,5,0.001985437982549915,503515
3515,6,0.0019963883265872997,603515
3516,1,0.0020898423074887,103516
3516,2,0.00211346095627775,203516
3516,3,0.00232368340175475,303516
3516,4,0.0022529229121793903,403516
3516,5,0.002124409643774285,503516
3516,6,0.0022055451418598647,603516
3517,1,0.0021379968555623498,103517
3517,2,0.00215675633219623,203517
3517,3,0.002308784712354585,303517
3517,4,0.002287153130275615,403517
3517,5,0.00214312648492976,503517
3517,6,0.002309646571750895,603517
3518,1,0.002151482833301795,103518
3518,2,0.00207906826205993,203518
3518,3,0.002312580576560945,303518
3518,4,0.002285002167865145,403518
3518,5,0.00215073450752294,503518
3518,6,0.0023885801075972553,603518
3519,1,0.0021201585453178053,103519
3519,2,0.00203134270402531,203519
3519,3,0.0022554505874567603,303519
3519,4,0.00227955277291562,403519
3519,5,0.0021511815657688253,503519
3519,6,0.00238109773559017,603519
3520,1,0.0026938101249769798,103520
3520,2,0.00249458111717413,203520
3520,3,0.002731229237697285,303520
3520,4,0.003289745782756825,403520
3520,5,0.00275981826502967,503520
3520,6,0.003169859770516505,603520
3521,1,0.0025491808589602847,103521
3521,2,0.0023347759828554254,203521
3521,3,0.00268988007522787,303521
3521,4,0.0028251799406923198,403521
3521,5,0.0025417577070717696,503521
3521,6,0.003033507770233135,603521
3522,1,0.002550350917581915,103522
3522,2,0.00227350391842426,203522
3522,3,0.00265011015436369,303522
3522,4,0.002718176114974515,403522
3522,5,0.0023968659446919147,503522
3522,6,0.003024642619978515,603522
3523,1,0.0025501803538700097,103523
3523,2,0.0022754808329817798,203523
3523,3,0.0026521040190042797,303523
3523,4,0.0028122700495522403,403523
3523,5,0.0024510322243078003,503523
3523,6,0.00304057759478483,603523
3524,1,0.00254961033535834,103524
3524,2,0.002256770422501695,203524
3524,3,0.002650001416001835,303524
3524,4,0.00280353164601094,403524
3524,5,0.002399563561354625,503524
3524,6,0.0030395579518099503,603524
3525,1,0.002553318401446915,103525
3525,2,0.002270197840253175,203525
3525,3,0.0026516629124873348,303525
3525,4,0.00270001334010245,403525
3525,5,0.0024079252016050504,503525
3525,6,0.003059594040257425,603525
3526,1,0.002519644193018345,103526
3526,2,0.0022583970332912,203526
3526,3,0.0025820995241919347,303526
3526,4,0.0027021990637817496,403526
3526,5,0.002561937149575785,503526
3526,6,0.003034245856532375,603526
3527,1,0.002522745420758065,103527
3527,2,0.0023020467815961796,203527
3527,3,0.0026251774712589947,303527
3527,4,0.00264338974880942,403527
3527,5,0.002397054325150365,503527
3527,6,0.00302988085304013,603527
3528,1,0.002535331067251005,103528
3528,2,0.00227333847824341,203528
3528,3,0.0026175557658541003,303528
3528,4,0.002679179344844445,403528
3528,5,0.0023864103596206946,503528
3528,6,0.003018874293122145,603528
3529,1,0.00247437668257809,103529
3529,2,0.002251099094058925,203529
3529,3,0.00262155266135183,303529
3529,4,0.00269060558900579,403529
3529,5,0.00235602669238166,503529
3529,6,0.00293304560747209,603529
3530,1,0.0024583775242090853,103530
3530,2,0.00229091690269154,203530
3530,3,0.002604486350382465,303530
3530,4,0.002680733658021975,403530
3530,5,0.002335720509064565,503530
3530,6,0.0029001305714795303,603530
3531,1,0.0024660534428043203,103531
3531,2,0.0022622898894148298,203531
3531,3,0.0026129560547893498,303531
3531,4,0.00279659599716056,403531
3531,5,0.002339868491722745,503531
3531,6,0.002905088038493835,603531
3532,1,0.0024748028837159102,103532
3532,2,0.002254199052844085,203532
3532,3,0.002621425065514215,303532
3532,4,0.00279496233196753,403532
3532,5,0.002370583241772425,503532
3532,6,0.002913226447794795,603532
3533,1,0.002466152879618605,103533
3533,2,0.0022721647688701448,203533
3533,3,0.0026632751190864548,303533
3533,4,0.002796625310706455,403533
3533,5,0.002354586602411895,503533
3533,6,0.002824202387869445,603533
3534,1,0.0024636998347015446,103534
3534,2,0.002315073465101805,203534
3534,3,0.002642168083340935,303534
3534,4,0.002778415740039335,403534
3534,5,0.0023880668596199797,503534
3534,6,0.00281680350919442,603534
3535,1,0.00249492434302502,103535
3535,2,0.00241871066574318,203535
3535,3,0.00264825531123453,303535
3535,4,0.00278708484772773,403535
3535,5,0.0023561574842433652,503535
3535,6,0.0027448347384592103,603535
3536,1,0.002492119148059145,103536
3536,2,0.0022606557117715647,203536
3536,3,0.00257013681330869,303536
3536,4,0.00267722099747361,403536
3536,5,0.0023871905653365102,503536
3536,6,0.00277225092880794,603536
3537,1,0.00221865135482148,103537
3537,2,0.00198378516988678,203537
3537,3,0.002340111113368545,303537
3537,4,0.002488482580873395,403537
3537,5,0.002213176634252365,503537
3537,6,0.00237309576288743,603537
3538,1,0.00228992982887854,103538
3538,2,0.002011443175276365,203538
3538,3,0.0023767489806833146,303538
3538,4,0.0025245580392896398,403538
3538,5,0.002168481296847315,503538
3538,6,0.00234605576999012,603538
3539,1,0.00226915560271692,103539
3539,2,0.002017882805635015,203539
3539,3,0.002388811612027995,303539
3539,4,0.002500920853661845,403539
3539,5,0.00215780865088417,503539
3539,6,0.002407639822183675,603539
3540,1,0.00226793788063421,103540
3540,2,0.0020537835936875453,203540
3540,3,0.002388828162572645,303540
3540,4,0.002500081843674925,403540
3540,5,0.002168447356831785,503540
3540,6,0.00234693179020777,603540
3541,1,0.002263797268462015,103541
3541,2,0.001990649893023325,203541
3541,3,0.002371533618030805,303541
3541,4,0.0024262726557194346,403541
3541,5,0.00218882352069465,503541
3541,6,0.0023782509899341053,603541
3542,1,0.002283604116588035,103542
3542,2,0.002017881833874175,203542
3542,3,0.002389475492083155,303542
3542,4,0.002501614737345695,403542
3542,5,0.002225509655110605,503542
3542,6,0.00251771604535345,603542
3543,1,0.00154440121538154,103543
3543,2,0.0016551139526926849,203543
3543,3,0.001713374858347475,303543
3543,4,0.0015734711220155551,403543
3543,5,0.0016265085099293,503543
3543,6,0.00152761280799091,603543
3544,1,0.001568920758198415,103544
3544,2,0.00168077688378156,203544
3544,3,0.00172618526635001,303544
3544,4,0.001596423262237385,403544
3544,5,0.0016462894185518,503544
3544,6,0.00156132185413066,603544
3545,1,0.00152657316605869,103545
3545,2,0.0016408554811694052,203545
3545,3,0.00171733936882128,303545
3545,4,0.001607591173431695,403545
3545,5,0.0017066007603093749,503545
3545,6,0.001517261840960195,603545
3546,1,0.00153507021347657,103546
3546,2,0.00163186780002594,203546
3546,3,0.00169483904111907,303546
3546,4,0.0015960021160422249,403546
3546,5,0.0016283409617772649,503546
3546,6,0.001422816946486415,603546
3547,1,0.001535863899569825,103547
3547,2,0.00164132903124926,203547
3547,3,0.00169432554126388,303547
3547,4,0.001638091646123625,403547
3547,5,0.00164077406739468,503547
3547,6,0.00141460242845815,603547
3548,1,0.001560216809296135,103548
3548,2,0.0016612877183156951,203548
3548,3,0.001716376239500085,303548
3548,4,0.001641704576342605,403548
3548,5,0.00166616311455418,503548
3548,6,0.001438857359135845,603548
3549,1,0.00154534246548262,103549
3549,2,0.0016525906711707251,203549
3549,3,0.001698216506601865,303549
3549,4,0.001634300291855085,403549
3549,5,0.00164991041598378,503549
3549,6,0.0014224243664188048,603549
3550,1,0.001526688834708195,103550
3550,2,0.0016144530131505749,203550
3550,3,0.0016798732644045448,303550
3550,4,0.001598330798436305,403550
3550,5,0.00162771593535606,503550
3550,6,0.0014053295741935901,603550
3551,1,0.0015661991357737801,103551
3551,2,0.0016737781874525451,203551
3551,3,0.00172018412346858,303551
3551,4,0.0016449553275878549,403551
3551,5,0.0016550465147787152,503551
3551,6,0.0013835910742184148,603551
3552,1,0.001568958169485085,103552
3552,2,0.001670796229669445,203552
3552,3,0.0017241749738144399,303552
3552,4,0.0016593153381056001,403552
3552,5,0.0016866078882466651,503552
3552,6,0.00138400186760796,603552
3553,1,0.001521082516208245,103553
3553,2,0.00161413226485359,203553
3553,3,0.00163949591096098,303553
3553,4,0.00159750284101536,403553
3553,5,0.001609538510162785,503553
3553,6,0.00133872342395044,603553
3554,1,0.00156497412161662,103554
3554,2,0.00174491944923912,203554
3554,3,0.001688816777535755,303554
3554,4,0.001635618249028165,403554
3554,5,0.00166986354585815,503554
3554,6,0.00138008946834673,603554
3555,1,0.001553370386750995,103555
3555,2,0.001743314845230395,203555
3555,3,0.00170699442673843,303555
3555,4,0.0016342737387290448,403555
3555,5,0.001661331448257375,503555
3555,6,0.001374279721516465,603555
3556,1,0.0017138863679160752,103556
3556,2,0.00186913658576973,203556
3556,3,0.00175973216430509,303556
3556,4,0.00166423969395485,403556
3556,5,0.00176487702233184,503556
3556,6,0.001506948789411685,603556
3557,1,0.00157262624681532,103557
3557,2,0.001765642908019975,203557
3557,3,0.00170718418292685,303557
3557,4,0.0016691070864485,403557
3557,5,0.001680504906151615,503557
3557,6,0.00138470870062153,603557
3558,1,0.00163681797314604,103558
3558,2,0.00182617584655805,203558
3558,3,0.0017429690691936552,303558
3558,4,0.0016866257124567852,403558
3558,5,0.001703631305616525,503558
3558,6,0.001445755745817625,603558
3559,1,0.001663929698136555,103559
3559,2,0.00184622847280751,203559
3559,3,0.0017555299106040301,303559
3559,4,0.00167835027427062,403559
3559,5,0.001726294885007835,503559
3559,6,0.00147102702567321,603559
3560,1,0.00166291101539342,103560
3560,2,0.00184560958667726,203560
3560,3,0.001748069426340865,303560
3560,4,0.001672227976558425,403560
3560,5,0.00172134790285678,503560
3560,6,0.00146898727642578,603560
3561,1,0.00179746383552386,103561
3561,2,0.00195256022635257,203561
3561,3,0.00179839952114548,303561
3561,4,0.001690436862054105,403561
3561,5,0.00179749567734383,503561
3561,6,0.001584238803622155,603561
3562,1,0.001764480596328365,103562
3562,2,0.0018925410629774349,203562
3562,3,0.001749313584030105,303562
3562,4,0.00170418269491513,403562
3562,5,0.001764313702634085,503562
3562,6,0.0015502125374520451,603562
3563,1,0.00170240248827991,103563
3563,2,0.00184059907129955,203563
3563,3,0.00171393533465026,303563
3563,4,0.00168138428192467,403563
3563,5,0.001757620943467555,503563
3563,6,0.001488974848086285,603563
3564,1,0.001748233496640515,103564
3564,2,0.001888829626575945,203564
3564,3,0.00173021861111849,303564
3564,4,0.001671314883546235,403564
3564,5,0.00178279411669193,503564
3564,6,0.0015297479750979752,603564
3565,1,0.00169718396443561,103565
3565,2,0.0018161558558255,203565
3565,3,0.001697548036240685,303565
3565,4,0.001669505993921455,403565
3565,5,0.0017411449116794902,503565
3565,6,0.0014818205191246751,603565
3566,1,0.00192016998960431,103566
3566,2,0.0020381857184248097,203566
3566,3,0.0017678116373707501,303566
3566,4,0.00169234807119627,403566
3566,5,0.00163354245202441,503566
3566,6,0.00169778522945132,603566
3567,1,0.00172817717541735,103567
3567,2,0.00184449452206879,203567
3567,3,0.0016908071371942099,303567
3567,4,0.00165022501401043,403567
3567,5,0.001379950295889745,503567
3567,6,0.00152546361947677,603567
3568,1,0.002339711923377775,103568
3568,2,0.00232338389546169,203568
3568,3,0.00252459552095784,303568
3568,4,0.002604450599310585,403568
3568,5,0.0016935372400534,503568
3568,6,0.0022313402360710248,603568
3569,1,0.0021205612213879,103569
3569,2,0.002212609221010895,203569
3569,3,0.0022226349028084402,303569
3569,4,0.00218519531009364,403569
3569,5,0.00156000599030398,503569
3569,6,0.00189644582193463,603569
3570,1,0.001987052928130285,103570
3570,2,0.0021009351542707697,203570
3570,3,0.0017664516885634298,303570
3570,4,0.00160441018901813,403570
3570,5,0.001494976768760305,503570
3570,6,0.001565592479330145,603570
3571,1,0.00227230790673048,103571
3571,2,0.0025248112422061753,203571
3571,3,0.0023204968920453152,303571
3571,4,0.002248426494491125,403571
3571,5,0.00167066233148236,503571
3571,6,0.0021002319345469903,603571
3572,1,0.0025502661067182903,103572
3572,2,0.00267471479235128,203572
3572,3,0.0025753811747718652,303572
3572,4,0.002720377779555425,403572
3572,5,0.001787122663980375,503572
3572,6,0.002264543350650705,603572
3573,1,0.001801512685228585,103573
3573,2,0.002028079581018925,203573
3573,3,0.001793840636498375,303573
3573,4,0.001667950943284245,403573
3573,5,0.001495981235434515,503573
3573,6,0.00162335572077191,603573
3574,1,0.0017330661603181048,103574
3574,2,0.001888036212638715,203574
3574,3,0.001719148717760095,303574
3574,4,0.00174668433327193,403574
3574,5,0.0016947195789232248,503574
3574,6,0.001533579934797595,603574
3575,1,0.0024008210918305,103575
3575,2,0.002276957173921845,203575
3575,3,0.00244122478302552,303575
3575,4,0.00271693670216635,403575
3575,5,0.00171710202413828,503575
3575,6,0.002101840011447155,603575
3576,1,0.00243966002514703,103576
3576,2,0.002416365586118915,203576
3576,3,0.002401549969056125,303576
3576,4,0.002706239598090525,403576
3576,5,0.0017256391615524751,503576
3576,6,0.0020956631793409147,603576
3577,1,0.00250580908861383,103577
3577,2,0.002511439657903815,203577
3577,3,0.002398602119076945,303577
3577,4,0.00286085151789954,403577
3577,5,0.00173061610790205,503577
3577,6,0.002078969345156625,603577
3578,1,0.00249960882500162,103578
3578,2,0.00254061679603242,203578
3578,3,0.0024167537034748146,303578
3578,4,0.002822966494695975,403578
3578,5,0.001736602427398145,503578
3578,6,0.002077310474188295,603578
3579,1,0.00173970826106052,103579
3579,2,0.0019519508629222801,203579
3579,3,0.001657433327412815,303579
3579,4,0.0015077605767939602,403579
3579,5,0.00138654942363433,503579
3579,6,0.001356087784441165,603579
3580,1,0.00259012435332072,103580
3580,2,0.002659450386866155,203580
3580,3,0.0025286831182142746,303580
3580,4,0.002748945783065245,403580
3580,5,0.00178866551536147,503580
3580,6,0.002162692402896895,603580
3581,1,0.0025311457231747053,103581
3581,2,0.00258804133155208,203581
3581,3,0.0024704121462181053,303581
3581,4,0.0027938031397043853,403581
3581,5,0.0016969395354816202,503581
3581,6,0.0022770061759762802,603581
3582,1,0.001770452010721045,103582
3582,2,0.00201131950188769,203582
3582,3,0.0017688044373806102,303582
3582,4,0.001608451673249515,403582
3582,5,0.00145804885487014,503582
3582,6,0.001489665542170575,603582
3583,1,0.00185024025887536,103583
3583,2,0.00197707576363591,203583
3583,3,0.001760022801487325,303583
3583,4,0.0017393035957938801,403583
3583,5,0.00195846251892923,503583
3583,6,0.00166488004378385,603583
3584,1,0.002497416461633835,103584
3584,2,0.002500189043838685,203584
3584,3,0.002387599268222565,303584
3584,4,0.0028264885816968854,403584
3584,5,0.0016111655286523848,503584
3584,6,0.00218223277763519,603584
3585,1,0.00177358153425559,103585
3585,2,0.00191995476893624,203585
3585,3,0.001726209482977255,303585
3585,4,0.001600774286116675,403585
3585,5,0.00158218266774242,503585
3585,6,0.001579522094501075,603585
3586,1,0.00162370140067658,103586
3586,2,0.00177968427744462,203586
3586,3,0.0016705843563993299,303586
3586,4,0.00171716583655506,403586
3586,5,0.001753955458093375,503586
3586,6,0.001436071950248525,603586
3587,1,0.002389489652992675,103587
3587,2,0.002190731414079225,203587
3587,3,0.002231243120009535,303587
3587,4,0.0024391396010756752,403587
3587,5,0.00207986621030452,503587
3587,6,0.00201865283151665,603587
3588,1,0.00254932005770758,103588
3588,2,0.00239220603772836,203588
3588,3,0.0023963161619163552,303588
3588,4,0.00280276391232284,403588
3588,5,0.00216108107853417,503588
3588,6,0.00211502840875193,603588
3589,1,0.002643920439632085,103589
3589,2,0.00239928785463998,203589
3589,3,0.00240360219909305,303589
3589,4,0.002824382248451315,403589
3589,5,0.00164730273241714,503589
3589,6,0.00213338785075559,603589
3590,1,0.00250656440938264,103590
3590,2,0.00250138938242579,203590
3590,3,0.002420515034721515,303590
3590,4,0.00282585332025723,403590
3590,5,0.00170659441412947,503590
3590,6,0.002274072767969095,603590
3592,1,0.002580680576045555,103592
3592,2,0.00253353500518085,203592
3592,3,0.00235055883813201,303592
3592,4,0.002554612931831025,403592
3592,5,0.002062493804411625,503592
3592,6,0.002062203622521965,603592
3593,1,0.0027917439014661146,103593
3593,2,0.00272410680621781,203593
3593,3,0.002489241761994095,303593
3593,4,0.00285060992583524,403593
3593,5,0.002200710406293045,503593
3593,6,0.002176310631846005,603593
3594,1,0.0026751602132864547,103594
3594,2,0.00251233216224519,203594
3594,3,0.00244140917916993,303594
3594,4,0.002807615356034205,403594
3594,5,0.002002895764145345,503594
3594,6,0.00207880705774234,603594
3595,1,0.0017734083127976552,103595
3595,2,0.001921093101375095,203595
3595,3,0.00172961915697068,303595
3595,4,0.001620196534616825,403595
3595,5,0.00159015686067344,503595
3595,6,0.00158176406323312,603595
3596,1,0.002541224473304585,103596
3596,2,0.002426891707327965,203596
3596,3,0.00234905392442637,303596
3596,4,0.002546844413858265,403596
3596,5,0.0021409970845287047,503596
3596,6,0.00202817515333555,603596
3597,1,0.002691222289906085,103597
3597,2,0.0025742157329226847,203597
3597,3,0.0024869243731447752,303597
3597,4,0.00278702940748119,403597
3597,5,0.00199296673701191,503597
3597,6,0.002144562372916425,603597
3598,1,0.00171710353766274,103598
3598,2,0.00184586792229695,203598
3598,3,0.0017218467897402,303598
3598,4,0.001601076776928225,403598
3598,5,0.001666785963479445,503598
3598,6,0.00153059222662771,603598
3599,1,0.002322179139970215,103599
3599,2,0.0023722646773206,203599
3599,3,0.0022541391672492852,303599
3599,4,0.002312772877387005,403599
3599,5,0.001674772095476445,503599
3599,6,0.0020552478705578,603599
3600,1,0.00247072179288494,103600
3600,2,0.00253261024492452,203600
3600,3,0.00253627040516195,303600
3600,4,0.0027369020935857,403600
3600,5,0.00165884024094433,503600
3600,6,0.0022013431293711246,603600
3601,1,0.0017613209582867649,103601
3601,2,0.0018979492889158551,203601
3601,3,0.00169672463507855,303601
3601,4,0.001536755190156275,403601
3601,5,0.00162978616220423,503601
3601,6,0.00156365145320186,603601
3602,1,0.001721392104635355,103602
3602,2,0.0018645775863357352,203602
3602,3,0.0017246990808848948,303602
3602,4,0.00169853210903638,403602
3602,5,0.0018009205704777802,503602
3602,6,0.001527904589579195,603602
3603,1,0.0022743344575177453,103603
3603,2,0.0020893521090493547,203603
3603,3,0.0021539615508191353,303603
3603,4,0.0022896414120948698,403603
3603,5,0.00201901503253684,503603
3603,6,0.0019495562761708651,603603
3604,1,0.00235872091916965,103604
3604,2,0.0021678382976633,203604
3604,3,0.0022083927625600698,303604
3604,4,0.00237528315506764,403604
3604,5,0.00208831970482121,503604
3604,6,0.002000011048073925,603604
3605,1,0.0026078975272045,103605
3605,2,0.002365034661300905,203605
3605,3,0.00238992309250601,303605
3605,4,0.00277662682764087,403605
3605,5,0.0021854241550057,503605
3605,6,0.00210945068469119,603605
3606,1,0.00230391364207502,103606
3606,2,0.0022317647335292,203606
3606,3,0.0021355505902434747,303606
3606,4,0.0023402586214512,403606
3606,5,0.00217865709418404,503606
3606,6,0.00190341798837919,603606
3607,1,0.0027176661419430603,103607
3607,2,0.002610387417255865,203607
3607,3,0.0024899324549115852,303607
3607,4,0.002811242246239075,403607
3607,5,0.002377118088707125,503607
3607,6,0.002135494477407325,603607
3608,1,0.002452399802985175,103608
3608,2,0.00237714346212078,203608
3608,3,0.00223190295118144,303608
3608,4,0.0023865640134217497,403608
3608,5,0.00185308372860468,503608
3608,6,0.002020496789289325,603608
3609,1,0.002626835220777485,103609
3609,2,0.00255103612825878,203609
3609,3,0.00239838819531553,303609
3609,4,0.0026479466310629952,403609
3609,5,0.00208270244950496,503609
3609,6,0.00206436547357732,603609
3610,1,0.002469012294751145,103610
3610,2,0.002381714143327845,203610
3610,3,0.0022183935780459947,303610
3610,4,0.002501297644275935,403610
3610,5,0.002251654523201455,503610
3610,6,0.0020090909954948053,603610
3611,1,0.002663034920827715,103611
3611,2,0.0025220453206831446,203611
3611,3,0.0024825057444686598,303611
3611,4,0.002803417485108075,403611
3611,5,0.00166476549564355,503611
3611,6,0.00205636242772844,603611
3612,1,0.0017054023173155,103612
3612,2,0.00182369271438602,203612
3612,3,0.0016972425129182,303612
3612,4,0.00167280466419061,403612
3612,5,0.001766347598644145,503612
3612,6,0.0015165261936230402,603612
3613,1,0.00245852453832725,103613
3613,2,0.002298071183785475,203613
3613,3,0.002270941518530325,303613
3613,4,0.00252266107275013,403613
3613,5,0.0023173238095446098,503613
3613,6,0.0020112797436056,603613
3614,1,0.002657639255481715,103614
3614,2,0.002409504781459655,203614
3614,3,0.0024232439154616703,303614
3614,4,0.002811930927751285,403614
3614,5,0.00198830444015563,503614
3614,6,0.002054106910167495,603614
3615,1,0.00221311223212437,103615
3615,2,0.00225233762417368,203615
3615,3,0.0019284765938696051,303615
3615,4,0.0018503563496181951,403615
3615,5,0.00197608493498496,503615
3615,6,0.0019194162347118049,603615
3616,1,0.00247284226182993,103616
3616,2,0.00229443776989729,203616
3616,3,0.002234184508518515,303616
3616,4,0.002531238100080645,403616
3616,5,0.00234905112890888,503616
3616,6,0.002000021746965485,603616
3617,1,0.001721239453539885,103617
3617,2,0.001845153315858195,203617
3617,3,0.00170839278291589,303617
3617,4,0.001518809445436555,403617
3617,5,0.0016526818511050198,503617
3617,6,0.00153245207085771,603617
3618,1,0.001765080792522275,103618
3618,2,0.00188933702540185,203618
3618,3,0.00172341921410189,303618
3618,4,0.001533120158375605,403618
3618,5,0.0016499726996735149,503618
3618,6,0.00156829600466258,603618
3619,1,0.0025100567525429248,103619
3619,2,0.0025539393577025697,203619
3619,3,0.002232540685113705,303619
3619,4,0.00272510327559989,403619
3619,5,0.00178068588520438,503619
3619,6,0.002077164414524245,603619
3620,1,0.002577285029682165,103620
3620,2,0.0027560150657601947,203620
3620,3,0.00229643162650653,303620
3620,4,0.002780948134872005,403620
3620,5,0.001814901024263585,503620
3620,6,0.002170477762163525,603620
3621,1,0.002701988158674455,103621
3621,2,0.0025669437806067853,203621
3621,3,0.002474280512980725,303621
3621,4,0.002794977387536335,403621
3621,5,0.001737685010436425,503621
3621,6,0.00210826448366906,603621
3622,1,0.00220146952299925,103622
3622,2,0.00218336794560325,203622
3622,3,0.001975864438387945,303622
3622,4,0.001928856222716675,403622
3622,5,0.0021314481651358,503622
3622,6,0.00193013102881851,603622
3623,1,0.0015814314798654099,103623
3623,2,0.00163696007612145,203623
3623,3,0.00167475841850483,303623
3623,4,0.00167503606302932,403623
3623,5,0.001726657751253425,503623
3623,6,0.001421705636207375,603623
3624,1,0.0025927617303604248,103624
3624,2,0.00238159464624082,203624
3624,3,0.002360869433309415,303624
3624,4,0.002671177519876885,403624
3624,5,0.00211510462278341,503624
3624,6,0.00208686518384005,603624
3625,1,0.00265955609152226,103625
3625,2,0.0023881150913550447,203625
3625,3,0.00237482923583856,303625
3625,4,0.00281425111011936,403625
3625,5,0.002231790674825365,503625
3625,6,0.00214807989894094,603625
3626,1,0.00177633505387934,103626
3626,2,0.0018390454298297101,203626
3626,3,0.00180773963673615,303626
3626,4,0.00167926375443469,403626
3626,5,0.00177743803113815,503626
3626,6,0.001613898283334355,603626
3627,1,0.0017737107395267401,103627
3627,2,0.001980073045293905,203627
3627,3,0.00181123291764542,303627
3627,4,0.0016830680795946302,403627
3627,5,0.001544994168007955,503627
3627,6,0.00161362007847535,603627
3628,1,0.002066573430572125,103628
3628,2,0.0020980964482665053,203628
3628,3,0.001952780269762785,303628
3628,4,0.00195228748996265,403628
3628,5,0.00168342928243034,503628
3628,6,0.0017424529595310352,603628
3629,1,0.00173204148625454,103629
3629,2,0.0017595349693838198,203629
3629,3,0.00170394436931049,303629
3629,4,0.0015457350779634,403629
3629,5,0.0017008752443604899,503629
3629,6,0.0015430727039876901,603629
3630,1,0.002419688405835155,103630
3630,2,0.00234808659010072,203630
3630,3,0.0023301553811043,303630
3630,4,0.002525367126466605,403630
3630,5,0.0016194101572206202,503630
3630,6,0.0020446365058246,603630
3631,1,0.0023326284388111547,103631
3631,2,0.002623351773681475,203631
3631,3,0.0022053224763038653,303631
3631,4,0.00263571391150488,403631
3631,5,0.001770376365692405,503631
3631,6,0.00222203804712421,603631
3632,1,0.00267573757689063,103632
3632,2,0.0024651354493064152,203632
3632,3,0.002463258921728305,303632
3632,4,0.00280164902062282,403632
3632,5,0.001638640270260345,503632
3632,6,0.0020678164534026398,603632
3633,1,0.00165806286267904,103633
3633,2,0.00170578123880999,203633
3633,3,0.00169426989331009,303633
3633,4,0.001658537515176395,403633
3633,5,0.001785063376951875,503633
3633,6,0.0014892045997199049,603633
3634,1,0.0016580959670288399,103634
3634,2,0.001800710698482325,203634
3634,3,0.001703216967802435,303634
3634,4,0.00168222764249174,403634
3634,5,0.00156581607271118,503634
3634,6,0.00147829414724907,603634
3635,1,0.00164319319180941,103635
3635,2,0.0016848603612475,203635
3635,3,0.0017082372476533,303635
3635,4,0.001661627537995895,403635
3635,5,0.001852245496288325,503635
3635,6,0.001652430030474965,603635
3636,1,0.0016444291885820798,103636
3636,2,0.0016770038289120799,203636
3636,3,0.001705397776351215,303636
3636,4,0.001681304246799505,403636
3636,5,0.001786055815641385,503636
3636,6,0.001553220525002935,603636
3637,1,0.002628423134595715,103637
3637,2,0.002432187137634045,203637
3637,3,0.0024019850614572253,303637
3637,4,0.0028424023554501146,403637
3637,5,0.001763503453398235,503637
3637,6,0.00203250816669719,603637
3638,1,0.00166559713048327,103638
3638,2,0.001733848245223185,203638
3638,3,0.0016863773809366852,303638
3638,4,0.00165390137401159,403638
3638,5,0.00172943388428559,503638
3638,6,0.001557566841247795,603638
3639,1,0.0016096523860773498,103639
3639,2,0.0016983895208710202,203639
3639,3,0.001685706200099685,303639
3639,4,0.001632106199864275,403639
3639,5,0.001752615805024485,503639
3639,6,0.0014113261583516999,603639
3640,1,0.0018374635916589,103640
3640,2,0.0018892816137600701,203640
3640,3,0.001754725742575505,303640
3640,4,0.0016789532182336399,403640
3640,5,0.0018532098637213598,503640
3640,6,0.0016119727503835098,603640
3641,1,0.00169914028832371,103641
3641,2,0.001767412162033005,203641
3641,3,0.0017185365220507552,303641
3641,4,0.001695030352018035,403641
3641,5,0.001793143388144805,503641
3641,6,0.001571120104137215,603641
3642,1,0.002401099917735725,103642
3642,2,0.001985319813919095,203642
3642,3,0.00242469948112699,303642
3642,4,0.00283604086025598,403642
3642,5,0.00183400331363334,503642
3642,6,0.0020767955605206848,603642
3643,1,0.0024598901714335897,103643
3643,2,0.002062283355473205,203643
3643,3,0.00243166766719449,303643
3643,4,0.0028468912156281853,403643
3643,5,0.00184351497627111,503643
3643,6,0.00206743493078699,603643
3644,1,0.00253096137578784,103644
3644,2,0.002308466317232735,203644
3644,3,0.00240345675710493,303644
3644,4,0.002807289480589035,403644
3644,5,0.00163330316982244,503644
3644,6,0.002070048253287145,603644
3645,1,0.00257384980196012,103645
3645,2,0.002358343271284055,203645
3645,3,0.00241724622235905,303645
3645,4,0.002808329059010175,403645
3645,5,0.001645690956446525,503645
3645,6,0.0020692624506060053,603645
3646,1,0.00255416908897195,103646
3646,2,0.0025878848443059,203646
3646,3,0.002519220879841305,303646
3646,4,0.00278948292986873,403646
3646,5,0.00180167129683383,503646
3646,6,0.002237149459706845,603646
3647,1,0.00256624556918635,103647
3647,2,0.00261143353965026,203647
3647,3,0.00249656046780113,303647
3647,4,0.0027843196811800303,403647
3647,5,0.001798228881539125,503647
3647,6,0.002276501201159545,603647
3648,1,0.0026867495432141147,103648
3648,2,0.002569130576168875,203648
3648,3,0.0024796851820231853,303648
3648,4,0.002803695888940725,403648
3648,5,0.001672012963963135,503648
3648,6,0.002082247345359025,603648
3649,1,0.00177757950503275,103649
3649,2,0.001827869869220605,203649
3649,3,0.001685748991282075,303649
3649,4,0.001497794940836445,403649
3649,5,0.001641469964502785,503649
3649,6,0.001589185245019595,603649
3650,1,0.00195756533326439,103650
3650,2,0.001950004798199995,203650
3650,3,0.001835185741288755,303650
3650,4,0.0016708609236223849,403650
3650,5,0.00166400475966804,503650
3650,6,0.00173660088757867,603650
3651,1,0.002574397048511085,103651
3651,2,0.0023326804421312398,203651
3651,3,0.002390128886871795,303651
3651,4,0.0028189907206891598,403651
3651,5,0.00176744403558692,503651
3651,6,0.00204522770692403,603651
3652,1,0.00193853011086924,103652
3652,2,0.00198464533704981,203652
3652,3,0.001861198227705315,303652
3652,4,0.00171763672167564,403652
3652,5,0.001903276070133715,503652
3652,6,0.00176963811866504,603652
3653,1,0.001795225161661865,103653
3653,2,0.001831874901124735,203653
3653,3,0.0017346609406836502,303653
3653,4,0.001583462622622465,403653
3653,5,0.0017330592360945449,503653
3653,6,0.0016651327512802751,603653
3654,1,0.00232996383694028,103654
3654,2,0.0021839159934474,203654
3654,3,0.0024761346359833602,303654
3654,4,0.00277912676147351,403654
3654,5,0.00161773298887941,503654
3654,6,0.00209064111892379,603654
3655,1,0.00233871814796817,103655
3655,2,0.0025977683342578153,203655
3655,3,0.00194487031234526,303655
3655,4,0.00262446530334489,403655
3655,5,0.001754835921213965,503655
3655,6,0.0022954113659754,603655
3656,1,0.00159375644570098,103656
3656,2,0.00180865705513581,203656
3656,3,0.00151646447564058,303656
3656,4,0.0014608562686605048,403656
3656,5,0.001203851437551585,503656
3656,6,0.001248717373910935,603656
3657,1,0.001701633130308125,103657
3657,2,0.001771168318108605,203657
3657,3,0.0016765415015196849,303657
3657,4,0.00150627036675479,403657
3657,5,0.0015583806574994549,503657
3657,6,0.00150811277306005,603657
3658,1,0.0016838062422764749,103658
3658,2,0.001731690447578865,203658
3658,3,0.00168508449221289,303658
3658,4,0.001642526188945115,403658
3658,5,0.001761609654116765,503658
3658,6,0.0016806885992260451,603658
3659,1,0.00161661492957454,103659
3659,2,0.001661225970066005,203659
3659,3,0.001707524747596575,303659
3659,4,0.0016963250420641849,403659
3659,5,0.001781792555222555,503659
3659,6,0.00146849489415168,603659
3660,1,0.002622547075962765,103660
3660,2,0.002399227249809465,203660
3660,3,0.002358803954337245,303660
3660,4,0.0027512190647225997,403660
3660,5,0.002148350591707175,503660
3660,6,0.002091367469267815,603660
3661,1,0.0016634288725775699,103661
3661,2,0.00182151582985513,203661
3661,3,0.0017389759984842651,303661
3661,4,0.0017122657108482849,403661
3661,5,0.001743006303403555,503661
3661,6,0.001483895553080975,603661
3662,1,0.001674119702227875,103662
3662,2,0.00170602932449277,203662
3662,3,0.001647055168815025,303662
3662,4,0.00159679417529358,403662
3662,5,0.00176088045163163,503662
3662,6,0.00166797780790934,603662
3663,1,0.002376952508449155,103663
3663,2,0.00199846376336236,203663
3663,3,0.002397340878000255,303663
3663,4,0.002649165120829535,403663
3663,5,0.0024969505010673,503663
3663,6,0.002308197066832315,603663
3664,1,0.002413286484141125,103664
3664,2,0.001971727734876875,203664
3664,3,0.0023876558368422698,303664
3664,4,0.00265502478744252,403664
3664,5,0.0020176373933141053,503664
3664,6,0.00208118919290038,603664
3665,1,0.0024180880095342402,103665
3665,2,0.002045521050469375,203665
3665,3,0.00238795543219803,303665
3665,4,0.0025786777615783548,403665
3665,5,0.0016587181743393051,503665
3665,6,0.002085799234767765,603665
3666,1,0.00242378018819188,103666
3666,2,0.0020536087335861052,203666
3666,3,0.002390664830002845,303666
3666,4,0.002579411218197025,403666
3666,5,0.001664288743638765,503666
3666,6,0.002085716899196025,603666
3667,1,0.00158298491720016,103667
3667,2,0.0016781455069535948,203667
3667,3,0.0017008436358503499,303667
3667,4,0.0016395668238948801,403667
3667,5,0.001593046211829735,503667
3667,6,0.001396001369349235,603667
3668,1,0.001574986552741795,103668
3668,2,0.001670192107292315,203668
3668,3,0.00169865285176115,303668
3668,4,0.001646325312174985,403668
3668,5,0.00159194473024898,503668
3668,6,0.0013864330347531399,603668
3669,1,0.00164142182249539,103669
3669,2,0.001729071182899685,203669
3669,3,0.001717245448860295,303669
3669,4,0.0016210306908563902,403669
3669,5,0.0015705624456639898,503669
3669,6,0.0014459441271996252,603669
3670,1,0.00158629187228101,103670
3670,2,0.001675559384026605,203670
3670,3,0.0017011156972906402,303670
3670,4,0.001661213796674325,403670
3670,5,0.001543783018094305,503670
3670,6,0.00138607399577004,603670
3671,1,0.0015876750006495002,103671
3671,2,0.0016820181235401052,203671
3671,3,0.0017022746804618199,303671
3671,4,0.001673177805164615,403671
3671,5,0.00160894000363737,503671
3671,6,0.0013891859170258101,603671
3672,1,0.0016419331250909501,103672
3672,2,0.0017149075935610951,203672
3672,3,0.00168766443875142,303672
3672,4,0.0016512651561550549,403672
3672,5,0.00155119249373286,503672
3672,6,0.0014330334651583149,603672
3673,1,0.0016442499221163052,103673
3673,2,0.0017017156472189199,203673
3673,3,0.0016859893773535,303673
3673,4,0.001654873664328195,403673
3673,5,0.001559999983905185,503673
3673,6,0.0014397913663661299,603673
3674,1,0.00165416366436988,103674
3674,2,0.001689270474645255,203674
3674,3,0.00168433175607985,303674
3674,4,0.0016654510048520151,403674
3674,5,0.00163097777830486,503674
3674,6,0.0014496917058121651,603674
3675,1,0.0024874849146739597,103675
3675,2,0.002150014669290315,203675
3675,3,0.002368313055293445,303675
3675,4,0.0026912860911830648,403675
3675,5,0.0017409074395459,503675
3675,6,0.00210451238500853,603675
3676,1,0.0015408660635457651,103676
3676,2,0.001610648978824915,203676
3676,3,0.001664286720275525,303676
3676,4,0.001695919412486615,403676
3676,5,0.001652035374212565,503676
3676,6,0.0013866014938817201,603676
3677,1,0.00261318006718191,103677
3677,2,0.002338710019310855,203677
3677,3,0.0023343560474182352,303677
3677,4,0.0027742822669007197,403677
3677,5,0.0015943551700238,503677
3677,6,0.0020701889934835902,603677
3678,1,0.00264705419089137,103678
3678,2,0.0024012403907502653,203678
3678,3,0.00241380661002903,303678
3678,4,0.0028400295047234297,403678
3678,5,0.001698401239447735,503678
3678,6,0.002242842076768965,603678
3679,1,0.0020224882079647,103679
3679,2,0.00202108623289037,203679
3679,3,0.00193087654545286,303679
3679,4,0.00190512413103949,403679
3679,5,0.00161787046759414,503679
3679,6,0.0017471687923225699,603679
3680,1,0.0027277082688576103,103680
3680,2,0.0026399037604839153,203680
3680,3,0.002489096942623295,303680
3680,4,0.002796259844464085,403680
3680,5,0.0017448608483289201,503680
3680,6,0.00220013477550977,603680
3681,1,0.0026655581661438202,103681
3681,2,0.002502019979566485,203681
3681,3,0.002492124887111365,303681
3681,4,0.00280040396153496,403681
3681,5,0.0016856634969255849,503681
3681,6,0.002090708558107245,603681
3682,1,0.00192718071805479,103682
3682,2,0.001940632018129825,203682
3682,3,0.001784688277203045,303682
3682,4,0.00171314195939126,403682
3682,5,0.0016796184559981701,503682
3682,6,0.00169520572289849,603682
3683,1,0.0016680622041555099,103683
3683,2,0.00171505174299917,203683
3683,3,0.0017057566901978651,303683
3683,4,0.00167911549337364,403683
3683,5,0.001645672414560345,503683
3683,6,0.001479112007837075,603683
3684,1,0.001621544524001895,103684
3684,2,0.0016731776227149001,203684
3684,3,0.0016906159956105202,303684
3684,4,0.001662608026057715,403684
3684,5,0.001604745862769135,503684
3684,6,0.0014621497498277002,603684
3685,1,0.00171169539524884,103685
3685,2,0.001798556181447335,203685
3685,3,0.00171930006269063,303685
3685,4,0.001640828123621225,403685
3685,5,0.001514780398397115,503685
3685,6,0.00152337664890798,603685
3686,1,0.001834989699814895,103686
3686,2,0.00188333827065748,203686
3686,3,0.0017452193012554799,303686
3686,4,0.001646441277193955,403686
3686,5,0.00168581582279009,503686
3686,6,0.00163955809934323,603686
3687,1,0.0016954323379069851,103687
3687,2,0.00175976290682204,203687
3687,3,0.00171417690630217,303687
3687,4,0.0016298944618812448,403687
3687,5,0.00160431920758172,503687
3687,6,0.0015097889906096752,603687
3688,1,0.002684279343390785,103688
3688,2,0.002519729889397385,203688
3688,3,0.0024943522138055653,303688
3688,4,0.0027912769425983697,403688
3688,5,0.001872419536472165,503688
3688,6,0.002109290558010945,603688
3689,1,0.00268692033117271,103689
3689,2,0.002602106038428975,203689
3689,3,0.00249811625575345,303689
3689,4,0.002788819415066235,403689
3689,5,0.001689993393986185,503689
3689,6,0.00211347998665537,603689
3690,1,0.0027421117527882998,103690
3690,2,0.002628321228553165,203690
3690,3,0.002497025994588125,303690
3690,4,0.002799504089514955,403690
3690,5,0.001808463000370705,503690
3690,6,0.00213076482162105,603690
3691,1,0.00267184537791286,103691
3691,2,0.00265963530462557,203691
3691,3,0.002490784955203745,303691
3691,4,0.0027877771628219998,403691
3691,5,0.001808192763194235,503691
3691,6,0.002120072576765605,603691
3692,1,0.00267949855631098,103692
3692,2,0.0025878111769547353,203692
3692,3,0.002487103529114765,303692
3692,4,0.0027893016030716153,403692
3692,5,0.001688561605076825,503692
3692,6,0.0021078936907943753,603692
3693,1,0.0025435119168066653,103693
3693,2,0.00238943704979993,203693
3693,3,0.00242098130200004,303693
3693,4,0.00280440153131623,403693
3693,5,0.0016306499572453599,503693
3693,6,0.002077080836259955,603693
3694,1,0.0022243710008157903,103694
3694,2,0.0022337034340952702,203694
3694,3,0.0020795379891581853,303694
3694,4,0.0020797084769104647,403694
3694,5,0.00149723400422772,503694
3694,6,0.0019187324739708149,603694
3695,1,0.0026721648314751148,103695
3695,2,0.0026154297671683504,203695
3695,3,0.002366119204197655,303695
3695,4,0.002531543502051255,403695
3695,5,0.001741533851397825,503695
3695,6,0.00221134743914315,603695
3696,1,0.002609720896159815,103696
3696,2,0.0023661034947375648,203696
3696,3,0.002406854170091605,303696
3696,4,0.002797884000198435,403696
3696,5,0.00159940944967224,503696
3696,6,0.00201877249185847,603696
3697,1,0.00234022090726775,103697
3697,2,0.002149648778100155,203697
3697,3,0.002417440909040305,303697
3697,4,0.0028943411204596196,403697
3697,5,0.00243342611738666,503697
3697,6,0.00255414690211696,603697
3698,1,0.00236017901278659,103698
3698,2,0.002154048076071825,203698
3698,3,0.002412743231391555,303698
3698,4,0.0028108834880254847,403698
3698,5,0.0024739165970018946,503698
3698,6,0.002323106411941145,603698
3699,1,0.0026223957943470703,103699
3699,2,0.0024474341095244746,203699
3699,3,0.00244896455098356,303699
3699,4,0.0028034649260641753,403699
3699,5,0.001963556731545935,503699
3699,6,0.002054006941000105,603699
3700,1,0.00268580546830657,103700
3700,2,0.00259582646050322,203700
3700,3,0.00247140364710514,303700
3700,4,0.00280815789581535,403700
3700,5,0.0019338956040008451,503700
3700,6,0.002096649194974075,603700
3701,1,0.0027045903075541052,103701
3701,2,0.00267235536927414,203701
3701,3,0.002510058457251935,303701
3701,4,0.0027603170298335098,403701
3701,5,0.0022611759087020804,503701
3701,6,0.0023705705332703,603701
3702,1,0.002504994984082815,103702
3702,2,0.0023900565895893953,203702
3702,3,0.00236544451845379,303702
3702,4,0.0028884820442008,403702
3702,5,0.0023417303117823102,503702
3702,6,0.002646080350325545,603702
3703,1,0.0025480088244725597,103703
3703,2,0.0023050783407800547,203703
3703,3,0.00240093105584971,303703
3703,4,0.002790526252679855,403703
3703,5,0.00229639138583372,503703
3703,6,0.002080843269380425,603703
3704,1,0.002383578721979035,103704
3704,2,0.002257481160940835,203704
3704,3,0.0024005348899033352,303704
3704,4,0.002842785173114035,403704
3704,5,0.002307755099417975,503704
3704,6,0.002456942200669875,603704
3705,1,0.002515882344880975,103705
3705,2,0.00228175707234041,203705
3705,3,0.00238285446855833,303705
3705,4,0.002753434812045435,403705
3705,5,0.0022564709211419353,503705
3705,6,0.002052124605377195,603705
3706,1,0.00260156566750003,103706
3706,2,0.0024323596970077348,203706
3706,3,0.002388679901859505,303706
3706,4,0.002796426971369865,403706
3706,5,0.00163691730842749,503706
3706,6,0.002143896827794655,603706
3707,1,0.0025102186943103304,103707
3707,2,0.0024043063411943403,203707
3707,3,0.002403690976857105,303707
3707,4,0.00276136744264802,403707
3707,5,0.002293237196285095,503707
3707,6,0.00239352910666168,603707
3708,1,0.002726781026614565,103708
3708,2,0.002629946522951935,203708
3708,3,0.00248318036257599,303708
3708,4,0.0028133937507785946,403708
3708,5,0.00236601797229234,503708
3708,6,0.0026854795346821,603708
3709,1,0.0025043364332464103,103709
3709,2,0.002399398854803795,203709
3709,3,0.0022842395488008203,303709
3709,4,0.00232640531379186,403709
3709,5,0.002214705423477985,503709
3709,6,0.00258848619908309,603709
3710,1,0.00261223342098845,103710
3710,2,0.0024706642127658596,203710
3710,3,0.002690542802044375,303710
3710,4,0.003174437297031555,403710
3710,5,0.002620739643709535,503710
3710,6,0.0030252705695783897,603710
3711,1,0.0026530038674096547,103711
3711,2,0.002431788209490525,203711
3711,3,0.002683148562484545,303711
3711,4,0.00314382656597929,403711
3711,5,0.00268536603603727,503711
3711,6,0.00296536053064649,603711
3712,1,0.0026655741830268103,103712
3712,2,0.002423327965456825,203712
3712,3,0.0027098459476783097,303712
3712,4,0.0032010269004126048,403712
3712,5,0.00274599006893784,503712
3712,6,0.003048532228903485,603712
3713,1,0.003221206998630645,103713
3713,2,0.0031347484298079953,203713
3713,3,0.00291207144057259,303713
3713,4,0.00322544387806645,403713
3713,5,0.002707034053935055,503713
3713,6,0.003058848011188585,603713
3714,1,0.0027531252085178396,103714
3714,2,0.0024516058264048898,203714
3714,3,0.00277946989642757,303714
3714,4,0.0032995737494784048,403714
3714,5,0.00287523996177171,503714
3714,6,0.00315021004773765,603714
3715,1,0.00213779828210862,103715
3715,2,0.002097549675771295,203715
3715,3,0.00195799919593373,303715
3715,4,0.0018419444907757949,403715
3715,5,0.00188915559380713,503715
3715,6,0.00217200957168837,603715
3716,1,0.00303237597806138,103716
3716,2,0.0028337219487866248,203716
3716,3,0.002674473743057025,303716
3716,4,0.00312911126119442,403716
3716,5,0.00255075014172802,503716
3716,6,0.003024872026744345,603716
3717,1,0.003096039555074715,103717
3717,2,0.00285958971587619,203717
3717,3,0.00272931132757438,303717
3717,4,0.0032164754445898553,403717
3717,5,0.002660029325081065,503717
3717,6,0.0030740048385497253,603717
3718,1,0.003210621367037465,103718
3718,2,0.003121489463201085,203718
3718,3,0.00280341055100937,303718
3718,4,0.00312855071347238,403718
3718,5,0.002784756305599675,503718
3718,6,0.00293395278124638,603718
3719,1,0.0028916618778084147,103719
3719,2,0.0026778977866690496,203719
3719,3,0.0027909261198913503,303719
3719,4,0.003242544081849615,403719
3719,5,0.00284695676725433,503719
3719,6,0.0029811064105066303,603719
3720,1,0.00248908246708001,103720
3720,2,0.00232794482622519,203720
3720,3,0.002427746753190515,303720
3720,4,0.0028678457648209452,403720
3720,5,0.002054593314093095,503720
3720,6,0.0024400642129616297,603720
3721,1,0.002630038419843895,103721
3721,2,0.002498202869323905,203721
3721,3,0.002503110820483965,303721
3721,4,0.00277981361710722,403721
3721,5,0.00167184124647139,503721
3721,6,0.00208146463235356,603721
3722,1,0.002637610317117545,103722
3722,2,0.0025058308339385204,203722
3722,3,0.0025079876461537847,303722
3722,4,0.002780110655195625,403722
3722,5,0.0016691458059984099,503722
3722,6,0.002094610299641255,603722
3723,1,0.00260282982597085,103723
3723,2,0.00248929196685885,203723
3723,3,0.002485309060701575,303723
3723,4,0.002933626213668905,403723
3723,5,0.002448503312432555,503723
3723,6,0.00255479173032915,603723
3724,1,0.003118093466468975,103724
3724,2,0.003065815385135135,203724
3724,3,0.00285087997707722,303724
3724,4,0.003176671976576975,403724
3724,5,0.002625580786381445,503724
3724,6,0.00299583341632639,603724
3725,1,0.002684645167249955,103725
3725,2,0.0026057468760491,203725
3725,3,0.0025326359535061396,303725
3725,4,0.002887083384647355,403725
3725,5,0.00239549591951537,503725
3725,6,0.00253265940840948,603725
3727,1,0.002875552333403285,103727
3727,2,0.00292050740757173,203727
3727,3,0.0027644937515263453,303727
3727,4,0.003235380068282575,403727
3727,5,0.00264543137687372,503727
3727,6,0.00322206642990648,603727
3728,1,0.0026097412906048003,103728
3728,2,0.00253838949701585,203728
3728,3,0.0024801276959011548,303728
3728,4,0.00296000627355123,403728
3728,5,0.002319941311990605,503728
3728,6,0.0027477249485805197,603728
3729,1,0.002699822435942945,103729
3729,2,0.002607789877437915,203729
3729,3,0.002489370333920685,303729
3729,4,0.002987286169624315,403729
3729,5,0.0023163150551662303,503729
3729,6,0.00258318581045472,603729
3730,1,0.00282972460567145,103730
3730,2,0.002841690090093675,203730
3730,3,0.00276815958977584,303730
3730,4,0.0031686924367665802,403730
3730,5,0.0026245548962131353,503730
3730,6,0.003260184663542865,603730
3731,1,0.00246337815247996,103731
3731,2,0.0024020507684268553,203731
3731,3,0.00234448130098108,303731
3731,4,0.002758082803209765,403731
3731,5,0.00223338012013999,503731
3731,6,0.0024647545584855603,603731
3733,1,0.00313310032326356,103733
3733,2,0.0032149194436819004,203733
3733,3,0.0029455303670177253,303733
3733,4,0.003256239887410445,403733
3733,5,0.0026315697795715447,503733
3733,6,0.0033478969596711754,603733
3734,1,0.00296935176906854,103734
3734,2,0.00289043429145505,203734
3734,3,0.00278517745529822,303734
3734,4,0.0030574042067710748,403734
3734,5,0.002737762978825495,503734
3734,6,0.00308097131518431,603734
3735,1,0.0030634860096877504,103735
3735,2,0.003098927614574215,203735
3735,3,0.002919298455111635,303735
3735,4,0.00325149730809286,403735
3735,5,0.00266571691466237,503735
3735,6,0.003341763902934865,603735
3736,1,0.00284870212302464,103736
3736,2,0.00284609368451799,203736
3736,3,0.002735622923536695,303736
3736,4,0.003201601194266845,403736
3736,5,0.002664325501868935,503736
3736,6,0.00326355127719363,603736
3737,1,0.0026017430094753147,103737
3737,2,0.0023822675848579698,203737
3737,3,0.002616267061455495,303737
3737,4,0.002973280801724665,403737
3737,5,0.002635601735410135,503737
3737,6,0.003128019829838635,603737
3738,1,0.0023208730406537453,103738
3738,2,0.002024060140391195,203738
3738,3,0.00234361961917414,303738
3738,4,0.00271645117140134,403738
3738,5,0.0021673588030564897,503738
3738,6,0.002530309511089625,603738
3739,1,0.00232800841435473,103739
3739,2,0.002086807271650355,203739
3739,3,0.00239205257772678,303739
3739,4,0.002952005796800305,403739
3739,5,0.00235735650402369,503739
3739,6,0.002587272168826695,603739
3740,1,0.002310687492602295,103740
3740,2,0.002126011169629655,203740
3740,3,0.0024375925384951553,303740
3740,4,0.002847831559321135,403740
3740,5,0.0022938246450501,503740
3740,6,0.002590483686378895,603740
3741,1,0.00229188447949992,103741
3741,2,0.00209603428541228,203741
3741,3,0.00240113750538601,303741
3741,4,0.00283149423664972,403741
3741,5,0.002382425306914745,503741
3741,6,0.002599059613108965,603741
3742,1,0.00198485593749651,103742
3742,2,0.00192897088480278,203742
3742,3,0.00205957898592566,303742
3742,4,0.0021042790658279548,403742
3742,5,0.0019369081712679202,503742
3742,6,0.00213279855832701,603742
3743,1,0.001677413960689235,103743
3743,2,0.001832866567158895,203743
3743,3,0.001721871783711775,303743
3743,4,0.001496230884326235,403743
3743,5,0.00160448291133716,503743
3743,6,0.00172362455218003,603743
3744,1,0.0016898803543662802,103744
3744,2,0.001867404257399925,203744
3744,3,0.0017135272258574099,303744
3744,4,0.00148643577654679,403744
3744,5,0.001609962356145225,503744
3744,6,0.00173413188230396,603744
3745,1,0.001691216824446495,103745
3745,2,0.0018759549446321399,203745
3745,3,0.0016983683931746998,303745
3745,4,0.0014899932675154501,403745
3745,5,0.001602268024429625,503745
3745,6,0.001731128385666155,603745
3746,1,0.002641979123726445,103746
3746,2,0.0025650351585412247,203746
3746,3,0.002501299177535415,303746
3746,4,0.0027560328826137497,403746
3746,5,0.001981310414571895,503746
3746,6,0.00251226879812905,603746
3747,1,0.00255963472961821,103747
3747,2,0.00241240156987322,203747
3747,3,0.002465805784291315,303747
3747,4,0.0027625278152713,403747
3747,5,0.001676370618153505,503747
3747,6,0.002288708223627695,603747
3748,1,0.00252733589951013,103748
3748,2,0.0024245420791124,203748
3748,3,0.00243640505620701,303748
3748,4,0.00280987442581555,403748
3748,5,0.002454610952395045,503748
3748,6,0.002644687916528835,603748
3749,1,0.0024750495035194596,103749
3749,2,0.002375859181595635,203749
3749,3,0.002415741480040155,303749
3749,4,0.0028452084411830954,403749
3749,5,0.00230923284335447,503749
3749,6,0.002602060332178045,603749
3750,1,0.0025885616881007947,103750
3750,2,0.0024337693036755002,203750
3750,3,0.00244115649958925,303750
3750,4,0.00281744572359866,403750
3750,5,0.002281565005384545,503750
3750,6,0.00267878292237008,603750
3751,1,0.00254807666284801,103751
3751,2,0.002492635499002415,203751
3751,3,0.00249108361497792,303751
3751,4,0.002801870662822355,403751
3751,5,0.002279286879178395,503751
3751,6,0.002616710235868235,603751
3752,1,0.00235831169124934,103752
3752,2,0.00207913672672801,203752
3752,3,0.0023301774286588047,303752
3752,4,0.00278177823044402,403752
3752,5,0.002378422495259035,503752
3752,6,0.0026204113623825498,603752
3753,1,0.002336357307531365,103753
3753,2,0.0021266843361141497,203753
3753,3,0.00239316219254463,303753
3753,4,0.002761194528185085,403753
3753,5,0.0023543684892707853,503753
3753,6,0.00261719524066621,603753
3754,1,0.0023377964112980647,103754
3754,2,0.002102177089964785,203754
3754,3,0.002361044560465545,303754
3754,4,0.00271291036537323,403754
3754,5,0.00227024449326843,503754
3754,6,0.002603440011306505,603754
3755,1,0.0023919993159133247,103755
3755,2,0.00211258154745257,203755
3755,3,0.002361006473464885,303755
3755,4,0.002729205766736715,403755
3755,5,0.0022369771677441252,503755
3755,6,0.0022730247452059597,603755
3756,1,0.002396586430336175,103756
3756,2,0.0021546152886632803,203756
3756,3,0.002370170871815895,303756
3756,4,0.002743834692150425,403756
3756,5,0.00160629045934482,503756
3756,6,0.00215037457372114,603756
3757,1,0.0025847732974781648,103757
3757,2,0.0023811033761739,203757
3757,3,0.00238988544123884,303757
3757,4,0.002793818211964485,403757
3757,5,0.0016524679823125398,503757
3757,6,0.0021604581368448402,603757
3758,1,0.00277098477579037,103758
3758,2,0.002704298111990345,203758
3758,3,0.002509322702614185,303758
3758,4,0.002724089029179485,403758
3758,5,0.00171086775439757,503758
3758,6,0.0021923935125711448,603758
3759,1,0.001856644179674775,103759
3759,2,0.00200683685906975,203759
3759,3,0.001722111188342335,303759
3759,4,0.00148010139362307,403759
3759,5,0.001616006334765995,503759
3759,6,0.0017605725982206,603759
3760,1,0.00180700349071186,103760
3760,2,0.001981050350064895,203760
3760,3,0.0017017708833858849,303760
3760,4,0.001472279507351175,403760
3760,5,0.0014988625837862,503760
3760,6,0.001613407498005025,603760
3761,1,0.00249179872213534,103761
3761,2,0.002412579831219485,203761
3761,3,0.0023711574121360653,303761
3761,4,0.0027686611414464,403761
3761,5,0.00222538070368947,503761
3761,6,0.00260339305435603,603761
3762,1,0.003004845809226565,103762
3762,2,0.00310289948756066,203762
3762,3,0.0028461323212612003,303762
3762,4,0.003133846982726975,403762
3762,5,0.002634344947175475,503762
3762,6,0.0031056315031946303,603762
3763,1,0.00266251031475084,103763
3763,2,0.00243053578076215,203763
3763,3,0.002681165067181515,303763
3763,4,0.0032307161893048797,403763
3763,5,0.002804617103655275,503763
3763,6,0.0032326039421359254,603763
3764,1,0.00263241988459111,103764
3764,2,0.0023833647860165303,203764
3764,3,0.00272394528845951,303764
3764,4,0.00319458637244372,403764
3764,5,0.00270147486536177,503764
3764,6,0.00330899245913039,603764
3765,1,0.0014818943082004952,103765
3765,2,0.001524393017559825,203765
3765,3,0.0016538791549668,303765
3765,4,0.001395992620809405,403765
3765,5,0.00141909328313143,503765
3765,6,0.0015022341468403301,603765
3766,1,0.001849209759226555,103766
3766,2,0.0019473704069835251,203766
3766,3,0.0017179599875430198,303766
3766,4,0.00145038600412283,403766
3766,5,0.00163153415482379,503766
3766,6,0.0018593869407994902,603766
3767,1,0.00247705725988477,103767
3767,2,0.00242125151473939,203767
3767,3,0.0023819799020336147,303767
3767,4,0.002822971816405785,403767
3767,5,0.00233662733074157,503767
3767,6,0.002910903496314595,603767
3768,1,0.0025734036576085953,103768
3768,2,0.0025039888780847702,203768
3768,3,0.002517943902628625,303768
3768,4,0.002827414980548895,403768
3768,5,0.002288328421212695,503768
3768,6,0.00259659328762475,603768
3769,1,0.00266812150906831,103769
3769,2,0.0027049969813206197,203769
3769,3,0.00254416110633822,303769
3769,4,0.00282715494225717,403769
3769,5,0.0023992246027391053,503769
3769,6,0.00245911541311865,603769
3770,1,0.0030889964104914647,103770
3770,2,0.0031218870132226,203770
3770,3,0.00285509766035527,303770
3770,4,0.0031493737894701954,403770
3770,5,0.00262413333168707,503770
3770,6,0.00312608242341508,603770
3771,1,0.0028745219190242297,103771
3771,2,0.002801132793971615,203771
3771,3,0.00282336270468448,303771
3771,4,0.00325028989540513,403771
3771,5,0.00269753882660861,503771
3771,6,0.003373587275080555,603771
3772,1,0.0025103146327628,103772
3772,2,0.002455250136730635,203772
3772,3,0.0024281187072225747,303772
3772,4,0.00284764016411365,403772
3772,5,0.002266249757117695,503772
3772,6,0.0028599914304785453,603772
3773,1,0.00245132616103404,103773
3773,2,0.002385930994716545,203773
3773,3,0.00246409830252621,303773
3773,4,0.00280213723676294,403773
3773,5,0.00228616860189076,503773
3773,6,0.0026655524392736546,603773
3775,1,0.0029732751195985802,103775
3775,2,0.00288720658993711,203775
3775,3,0.00285586400910145,303775
3775,4,0.003250504957920655,403775
3775,5,0.0026037991993345,503775
3775,6,0.003046594513634735,603775
3776,1,0.002593028435934875,103776
3776,2,0.002387053835181425,203776
3776,3,0.00265601107499416,303776
3776,4,0.00325866963847157,403776
3776,5,0.00278867702484171,503776
3776,6,0.00309076288339755,603776
3777,1,0.0026071628100135897,103777
3777,2,0.00240514918306607,203777
3777,3,0.002702762918722885,303777
3777,4,0.00321342098441287,403777
3777,5,0.00280128381641804,503777
3777,6,0.00321609241222075,603777
3778,1,0.0026482347750545997,103778
3778,2,0.00235221096651721,203778
3778,3,0.0027552542990552497,303778
3778,4,0.0032431020208133748,403778
3778,5,0.002802823734008965,503778
3778,6,0.0031546115722938303,603778
3779,1,0.002348807023466325,103779
3779,2,0.002078885786662185,203779
3779,3,0.0023832406770946304,303779
3779,4,0.002959485993689475,403779
3779,5,0.00239086284532642,503779
3779,6,0.0026030069674056596,603779
3780,1,0.0023518726948450397,103780
3780,2,0.002013616914878315,203780
3780,3,0.002381929891139995,303780
3780,4,0.003054191253875115,403780
3780,5,0.002372363986812025,503780
3780,6,0.00275999611411843,603780
3781,1,0.002352333543859375,103781
3781,2,0.00201672874699189,203781
3781,3,0.00238113206396781,303781
3781,4,0.00305653013421841,403781
3781,5,0.002372345542038745,503781
3781,6,0.002738641707779115,603781
3782,1,0.00236463252743157,103782
3782,2,0.002019038768902165,203782
3782,3,0.00238976817106068,303782
3782,4,0.002961789957232795,403782
3782,5,0.00242408344571555,503782
3782,6,0.002804040312097625,603782
3783,1,0.002314038602722155,103783
3783,2,0.0020211454567035,203783
3783,3,0.0024042860918675147,303783
3783,4,0.00291565597097628,403783
3783,5,0.002416587648557715,503783
3783,6,0.00263724266336617,603783
3784,1,0.0022946712077927802,103784
3784,2,0.0020585612644905653,203784
3784,3,0.002457514755788385,303784
3784,4,0.0029558925779566703,403784
3784,5,0.0025649742296424,503784
3784,6,0.002652250843179885,603784
3785,1,0.00236173391036513,103785
3785,2,0.0021847999780016452,203785
3785,3,0.0024701316903557253,303785
3785,4,0.0029209071595167604,403785
3785,5,0.0023136604473132797,503785
3785,6,0.00261177161477146,603785
3786,1,0.002417064608889795,103786
3786,2,0.0022613072064940802,203786
3786,3,0.00242635990604864,303786
3786,4,0.0028679521385650848,403786
3786,5,0.00172172864981796,503786
3786,6,0.0024695447280952947,603786
3787,1,0.0017529098217585548,103787
3787,2,0.0019494975204503951,203787
3787,3,0.00168481813797302,303787
3787,4,0.00145809455094337,403787
3787,5,0.001390066308596855,503787
3787,6,0.00152180931028012,603787
3788,1,0.00258760598387105,103788
3788,2,0.0025244902573875946,203788
3788,3,0.002490531502946515,303788
3788,4,0.002857480589235615,403788
3788,5,0.0017107785899217352,503788
3788,6,0.002496469381990005,603788
3789,1,0.002508470464575845,103789
3789,2,0.002317338189735265,203789
3789,3,0.002390671741970655,303789
3789,4,0.002900661323731965,403789
3789,5,0.001898884623817605,503789
3789,6,0.002508796518773615,603789
3790,1,0.002583134087137175,103790
3790,2,0.0025554253806036598,203790
3790,3,0.002499893160328425,303790
3790,4,0.002767201402904595,403790
3790,5,0.00166578583290215,503790
3790,6,0.00254916404118753,603790
3791,1,0.002517531576161915,103791
3791,2,0.0023503807240362598,203791
3791,3,0.0024179535722640604,303791
3791,4,0.00285555169714062,403791
3791,5,0.00234933401468527,503791
3791,6,0.0026805354218254803,603791
3792,1,0.00239913318395805,103792
3792,2,0.00221772196991138,203792
3792,3,0.00242374729746665,303792
3792,4,0.0029111724835896103,403792
3792,5,0.00224870395523313,503792
3792,6,0.002585252320518305,603792
3793,1,0.00241793557348684,103793
3793,2,0.00220242150000743,203793
3793,3,0.00242612160294891,303793
3793,4,0.00277346256091178,403793
3793,5,0.001945458819583815,503793
3793,6,0.002286497155950265,603793
3794,1,0.002522617719541815,103794
3794,2,0.002453472342225195,203794
3794,3,0.0023694740785512,303794
3794,4,0.00278464165706198,403794
3794,5,0.001931893531608215,503794
3794,6,0.00259483241582701,603794
3795,1,0.00258678277674025,103795
3795,2,0.0024872956151170246,203795
3795,3,0.002427941646718175,303795
3795,4,0.00292549935656609,403795
3795,5,0.0023836122960793947,503795
3795,6,0.0029125794881542447,603795
3796,1,0.0026092501420355747,103796
3796,2,0.002314015414670875,203796
3796,3,0.00271731469477379,303796
3796,4,0.00331192656279331,403796
3796,5,0.00276479735746736,503796
3796,6,0.00310940681947154,603796
3797,1,0.002700931516995035,103797
3797,2,0.002469223657237375,203797
3797,3,0.00277048071091731,303797
3797,4,0.00334102711538156,403797
3797,5,0.00276459214813389,503797
3797,6,0.0033336887952435798,603797
3798,1,0.0016765733522382102,103798
3798,2,0.0016879672082895799,203798
3798,3,0.001722308208137505,303798
3798,4,0.001447005704144485,403798
3798,5,0.00157463750856398,503798
3798,6,0.001709299217046455,603798
3799,1,0.002474877646416165,103799
3799,2,0.00231785488162046,203799
3799,3,0.0024716507816388298,303799
3799,4,0.0029204970094873052,403799
3799,5,0.002499231092277205,503799
3799,6,0.00270529633639103,603799
3800,1,0.0017521471526058749,103800
3800,2,0.001743745394521045,203800
3800,3,0.0017233611400371,303800
3800,4,0.00145104958585054,403800
3800,5,0.001599042698643275,503800
3800,6,0.0017998163484095752,603800
3801,1,0.001790113308234155,103801
3801,2,0.001786278092914425,203801
3801,3,0.00172366646580768,303801
3801,4,0.00144551329583651,403801
3801,5,0.00159914290497051,503801
3801,6,0.0017949492093655602,603801
3802,1,0.002630460364717575,103802
3802,2,0.002607614090181925,203802
3802,3,0.002478493456501535,303802
3802,4,0.00288057479315766,403802
3802,5,0.00238364351527573,503802
3802,6,0.00249171053503481,603802
3803,1,0.0031782586000513053,103803
3803,2,0.003241094723399655,203803
3803,3,0.0028987825204393096,303803
3803,4,0.0031922675728090454,403803
3803,5,0.002764011557715865,503803
3803,6,0.003425505958118945,603803
3804,1,0.00221252050511124,103804
3804,2,0.00222590102950668,203804
3804,3,0.001909598165003875,303804
3804,4,0.001722332727354945,403804
3804,5,0.0017593639736730449,503804
3804,6,0.0019150788490776,603804
3805,1,0.00206413994914833,103805
3805,2,0.0020464784752746903,203805
3805,3,0.001817981839666805,303805
3805,4,0.001576964285336635,403805
3805,5,0.001704429767537675,503805
3805,6,0.002057232871689125,603805
3806,1,0.00297168147331143,103806
3806,2,0.0029313778503569097,203806
3806,3,0.0029734302656902597,303806
3806,4,0.0032917518888532747,403806
3806,5,0.00267863199247195,503806
3806,6,0.00331779186195563,603806
3807,1,0.00270510932780967,103807
3807,2,0.00245777548419437,203807
3807,3,0.00272993631016077,303807
3807,4,0.00321482877945763,403807
3807,5,0.00270286440216164,503807
3807,6,0.003219752545828245,603807
3808,1,0.0026022035421401453,103808
3808,2,0.00246872023494167,203808
3808,3,0.00272565324945692,303808
3808,4,0.00316063936627163,403808
3808,5,0.0026307394852577498,503808
3808,6,0.003055053915216205,603808
3809,1,0.00239155726324274,103809
3809,2,0.00220852213883065,203809
3809,3,0.00246478538801794,303809
3809,4,0.00286372355469236,403809
3809,5,0.00237715734796439,503809
3809,6,0.00259481394983981,603809
3810,1,0.002427815864763365,103810
3810,2,0.002289784435153745,203810
3810,3,0.00244136064683832,303810
3810,4,0.0027907375634073552,403810
3810,5,0.002312278425588005,503810
3810,6,0.002546917266270095,603810
3811,1,0.0024772259701563853,103811
3811,2,0.0024380481102169553,203811
3811,3,0.0024430504957137647,303811
3811,4,0.00277365118440767,403811
3811,5,0.001992105718952775,503811
3811,6,0.0025726663507320453,603811
3812,1,0.00266851534354631,103812
3812,2,0.00262436027875094,203812
3812,3,0.0025556257879337,303812
3812,4,0.0027997643330884047,403812
3812,5,0.002012444891307165,503812
3812,6,0.00254641461131299,603812
3813,1,0.0027075129177526946,103813
3813,2,0.002716991303410935,203813
3813,3,0.0025549005512646846,303813
3813,4,0.00281915195741896,403813
3813,5,0.0023405993221563203,503813
3813,6,0.002505065171632175,603813
3814,1,0.002741557117387455,103814
3814,2,0.0027433587201902802,203814
3814,3,0.002548757833992645,303814
3814,4,0.0028488530440608003,403814
3814,5,0.002341606941289975,503814
3814,6,0.00249758610095688,603814
3815,1,0.00322064065224726,103815
3815,2,0.00329613167473714,203815
3815,3,0.002906115498924625,303815
3815,4,0.00314727528393162,403815
3815,5,0.0026421882688673747,503815
3815,6,0.0034268129845036847,603815
3816,1,0.0027523037722892597,103816
3816,2,0.00271171678030731,203816
3816,3,0.002764930444875455,303816
3816,4,0.00317692220703968,403816
3816,5,0.00260729043516331,503816
3816,6,0.00318820707694436,603816
3817,1,0.002897527973190765,103817
3817,2,0.0028621759904996352,203817
3817,3,0.002951147925475275,303817
3817,4,0.00332558206126594,403817
3817,5,0.002751316279524615,503817
3817,6,0.003150579226238685,603817
3818,1,0.00287943287480331,103818
3818,2,0.00293031006202643,203818
3818,3,0.0030010934446276652,303818
3818,4,0.00331156706481349,403818
3818,5,0.0026075189885925052,503818
3818,6,0.00299601053156481,603818
3819,1,0.00263708239212435,103819
3819,2,0.0026054957470736948,203819
3819,3,0.0029467958711801353,303819
3819,4,0.0033869999251099348,403819
3819,5,0.002713489434356465,503819
3819,6,0.0028013236170161097,603819
3820,1,0.0027607465380502802,103820
3820,2,0.002775433499489035,203820
3820,3,0.00286509678613819,303820
3820,4,0.003298236751250445,403820
3820,5,0.002643941623743905,503820
3820,6,0.003040081831091685,603820
3821,1,0.0027929032995574503,103821
3821,2,0.0027147660764539547,203821
3821,3,0.00298784445936615,303821
3821,4,0.0034451092963393047,403821
3821,5,0.00263138687721437,503821
3821,6,0.002935583769469235,603821
3822,1,0.002896811055108915,103822
3822,2,0.0028068478601634052,203822
3822,3,0.003005456168733465,303822
3822,4,0.003443479558314135,403822
3822,5,0.002632567379578055,503822
3822,6,0.002968526794890465,603822
3823,1,0.00252652116461417,103823
3823,2,0.00236955212680085,203823
3823,3,0.00284427131815943,303823
3823,4,0.0033572156855833247,403823
3823,5,0.0025588284595092752,503823
3823,6,0.002666481742296025,603823
3824,1,0.002689184916496785,103824
3824,2,0.0025055400664803947,203824
3824,3,0.0029245507808955,303824
3824,4,0.0033045307988984,403824
3824,5,0.0026912929917113203,503824
3824,6,0.0029159452733422946,603824
3825,1,0.0027180708111969546,103825
3825,2,0.002632776830779275,203825
3825,3,0.0028900895784300298,303825
3825,4,0.003316078993743295,403825
3825,5,0.0027239019613313348,503825
3825,6,0.00303749525836649,603825
3826,1,0.0026735726388621896,103826
3826,2,0.002688198372646425,203826
3826,3,0.0028191052254072,303826
3826,4,0.0032670957094931997,403826
3826,5,0.00263931423175911,503826
3826,6,0.00317327140765707,603826
3827,1,0.002644408817393405,103827
3827,2,0.0024210048559379803,203827
3827,3,0.002848513679809205,303827
3827,4,0.003247058033412995,403827
3827,5,0.0026552215521649554,503827
3827,6,0.0032785048404119803,603827
3828,1,0.002370313623960235,103828
3828,2,0.002196485631963015,203828
3828,3,0.002386064640160445,303828
3828,4,0.0029206233268281303,403828
3828,5,0.00230793581884449,503828
3828,6,0.00258742626661161,603828
3829,1,0.001508918354849755,103829
3829,2,0.001678690798621585,203829
3829,3,0.00167083686692498,303829
3829,4,0.0013851152857146348,403829
3829,5,0.00142474466271382,503829
3829,6,0.001503146943832745,603829
3830,1,0.00204498772688814,103830
3830,2,0.00212046234651621,203830
3830,3,0.001837639449405615,303830
3830,4,0.00162957015303627,403830
3830,5,0.001727089766530265,503830
3830,6,0.0020461869979975502,603830
3831,1,0.00242716354911908,103831
3831,2,0.002407632507385185,203831
3831,3,0.0022337466668165447,303831
3831,4,0.0023479476302347,403831
3831,5,0.00205981837270545,503831
3831,6,0.002385622535865405,603831
3832,1,0.00269967148405195,103832
3832,2,0.002704454306021135,203832
3832,3,0.00246537792512684,303832
3832,4,0.0029920255166386396,403832
3832,5,0.00228222634243912,503832
3832,6,0.00248200547016932,603832
3833,1,0.002636539011880115,103833
3833,2,0.0025736745052825248,203833
3833,3,0.00250241456527864,303833
3833,4,0.002600499944112925,403833
3833,5,0.00239960973183094,503833
3833,6,0.002683194203553805,603833
3834,1,0.003221559742565395,103834
3834,2,0.00318107406218307,203834
3834,3,0.003110856530983,303834
3834,4,0.00325334544808981,403834
3834,5,0.002642083202031985,503834
3834,6,0.00297152520179534,603834
3835,1,0.00164564955772915,103835
3835,2,0.001690907047374125,203835
3835,3,0.001740801149127725,303835
3835,4,0.00155598408214525,403835
3835,5,0.00176128703628459,503835
3835,6,0.001715544878976325,603835
3836,1,0.001781604742864295,103836
3836,2,0.001769000305218215,203836
3836,3,0.0018094484191874451,303836
3836,4,0.00177315864925087,403836
3836,5,0.00179182885880372,503836
3836,6,0.001874124877170445,603836
3837,1,0.001784518182402895,103837
3837,2,0.0017656120018260252,203837
3837,3,0.001813097706723245,303837
3837,4,0.0017718170835453952,403837
3837,5,0.001790239255507435,503837
3837,6,0.001867461815929885,603837
3838,1,0.00212387182879105,103838
3838,2,0.0021592341960811,203838
3838,3,0.002279479325915,303838
3838,4,0.002478180894545905,403838
3838,5,0.00227769522864345,503838
3838,6,0.00229643046890085,603838
3839,1,0.0020504668818571202,103839
3839,2,0.002087245705003805,203839
3839,3,0.00216153306116842,303839
3839,4,0.0023316635008013053,403839
3839,5,0.002212455892507555,503839
3839,6,0.00219917633897047,603839
3840,1,0.002079139723409745,103840
3840,2,0.00209124046610356,203840
3840,3,0.002160661473826515,303840
3840,4,0.00233513839035538,403840
3840,5,0.0022187913154988054,503840
3840,6,0.00218985980398258,603840
3841,1,0.0020322383929662503,103841
3841,2,0.0020192806580740597,203841
3841,3,0.002145965574013635,303841
3841,4,0.0022123690764907,403841
3841,5,0.00211612799870768,503841
3841,6,0.0021234314787053647,603841
3842,1,0.00203379015756637,103842
3842,2,0.002005472753597755,203842
3842,3,0.0021025997677801053,303842
3842,4,0.0022042090304585553,403842
3842,5,0.002107047270274715,503842
3842,6,0.0021115969716245303,603842
3843,1,0.002077507961857055,103843
3843,2,0.0020202403253690602,203843
3843,3,0.002140704893184465,303843
3843,4,0.00220920843094745,403843
3843,5,0.002111533161053795,503843
3843,6,0.002116459021597175,603843
3844,1,0.0019902776293956,103844
3844,2,0.001934974468031235,203844
3844,3,0.0020028607152241347,303844
3844,4,0.002110217752394345,403844
3844,5,0.002134644846094295,503844
3844,6,0.0020319711871475297,603844
3845,1,0.00182325966813567,103845
3845,2,0.00177300844199685,203845
3845,3,0.00182303806201812,303845
3845,4,0.001804973980385945,403845
3845,5,0.00198578411001112,503845
3845,6,0.001845259960752095,603845
3846,1,0.001846871854836715,103846
3846,2,0.001775281972875015,203846
3846,3,0.001821357254710715,303846
3846,4,0.001810004481497175,403846
3846,5,0.001975193767809665,503846
3846,6,0.0018480573570786,603846
3847,1,0.001837945591601265,103847
3847,2,0.001753870399970355,203847
3847,3,0.001846496828563205,303847
3847,4,0.001894933929793295,403847
3847,5,0.001946405252877135,503847
3847,6,0.001853250354570445,603847
3848,1,0.002640764201466295,103848
3848,2,0.0024063766863025,203848
3848,3,0.002913653752218915,303848
3848,4,0.0033822502753083003,403848
3848,5,0.002691089835059485,503848
3848,6,0.002805274856090175,603848
3849,1,0.00273667584881283,103849
3849,2,0.002525291347718105,203849
3849,3,0.0029045939988898498,303849
3849,4,0.0033800340859950753,403849
3849,5,0.002742526930071215,503849
3849,6,0.002955725108702645,603849
3850,1,0.00273138258358868,103850
3850,2,0.0027154294993484204,203850
3850,3,0.0029385274319121447,303850
3850,4,0.0033349482791008647,403850
3850,5,0.00268714942467769,503850
3850,6,0.00302436504607434,603850
3851,1,0.00253685988090096,103851
3851,2,0.00243665829385549,203851
3851,3,0.002528736301341385,303851
3851,4,0.002998728776367585,403851
3851,5,0.0023454888378696597,503851
3851,6,0.002595427180111085,603851
3852,1,0.0027807801805987296,103852
3852,2,0.002843331207828655,203852
3852,3,0.00273276322065862,303852
3852,4,0.0030020439649418697,403852
3852,5,0.002325285143446515,503852
3852,6,0.00257919922232608,603852
3853,1,0.002869777681836825,103853
3853,2,0.0027848133153976946,203853
3853,3,0.003068134592815915,303853
3853,4,0.0034026581453635,403853
3853,5,0.0026668550859847403,503853
3853,6,0.0030060930495501847,603853
3854,1,0.00225851433047756,103854
3854,2,0.00215254559834189,203854
3854,3,0.002276918495434055,303854
3854,4,0.0024608432002267353,403854
3854,5,0.002237525592714155,503854
3854,6,0.00235851185990354,603854
3855,1,0.0016522518854273252,103855
3855,2,0.00162744773230159,203855
3855,3,0.001696887706892345,303855
3855,4,0.00159805849903386,403855
3855,5,0.00178635030831456,503855
3855,6,0.001721682604378625,603855
3856,1,0.00187699398182791,103856
3856,2,0.0018116171457414798,203856
3856,3,0.001846188826016535,303856
3856,4,0.00179837782435122,403856
3856,5,0.0017654156141000549,503856
3856,6,0.00189487388238876,603856
3857,1,0.001777289236992045,103857
3857,2,0.00173466106359951,203857
3857,3,0.001723120727861705,303857
3857,4,0.001538447280649935,403857
3857,5,0.001642804403303415,503857
3857,6,0.0017412921383371,603857
3858,1,0.001998927667871095,103858
3858,2,0.0019225438391662548,203858
3858,3,0.002005608985518645,303858
3858,4,0.0020515267820628447,403858
3858,5,0.002124876255794245,503858
3858,6,0.0020784786638478048,603858
3859,1,0.002014076064787755,103859
3859,2,0.001924198193260675,203859
3859,3,0.001978839470871745,303859
3859,4,0.002018595932751935,403859
3859,5,0.0021401442717687846,503859
3859,6,0.00210333087107203,603859
3860,1,0.0022446473390115747,103860
3860,2,0.00216412254179083,203860
3860,3,0.00227539814631547,303860
3860,4,0.002445474043026375,403860
3860,5,0.0023478215927359254,503860
3860,6,0.0023619326369865353,603860
3861,1,0.002102810290378645,103861
3861,2,0.0020043125394809498,203861
3861,3,0.002019830766080695,303861
3861,4,0.00209237910108166,403861
3861,5,0.00219271843996885,503861
3861,6,0.0021938852365348148,603861
3862,1,0.00212822622045592,103862
3862,2,0.00200849972653544,203862
3862,3,0.002023363077384535,303862
3862,4,0.0020879510162917954,403862
3862,5,0.002206478497418625,503862
3862,6,0.002215165305189505,603862
3863,1,0.0022745792495715298,103863
3863,2,0.0022158646871322553,203863
3863,3,0.0021291634417516447,303863
3863,4,0.00213094511427566,403863
3863,5,0.00225699555862154,503863
3863,6,0.00222351110473646,603863
3864,1,0.0023295810030401903,103864
3864,2,0.002212940214673,203864
3864,3,0.00222869669869707,303864
3864,4,0.002322350130930805,403864
3864,5,0.00234094453327908,503864
3864,6,0.002367785638155785,603864
3865,1,0.001818849588308715,103865
3865,2,0.00181088312065028,203865
3865,3,0.0017835351320745299,303865
3865,4,0.001630798163732175,403865
3865,5,0.001752746390820255,503865
3865,6,0.001813403390256585,603865
3866,1,0.001747288132052135,103866
3866,2,0.001722186576369445,203866
3866,3,0.00170771664134914,303866
3866,4,0.001495461925474295,403866
3866,5,0.00164674641431047,503866
3866,6,0.00173775598608148,603866
3867,1,0.00209110608855732,103867
3867,2,0.00212049230411978,203867
3867,3,0.0021005814434833098,303867
3867,4,0.00202558079940246,403867
3867,5,0.001843448224297725,503867
3867,6,0.0018912223570583249,603867
3868,1,0.00169365516420358,103868
3868,2,0.00168375370454642,203868
3868,3,0.0016899140224202551,303868
3868,4,0.00158218101445489,403868
3868,5,0.0016963500709540951,503868
3868,6,0.001758047655260765,603868
3869,1,0.00201706552390893,103869
3869,2,0.0020583027663913503,203869
3869,3,0.0021310233126277597,303869
3869,4,0.002393665360759975,403869
3869,5,0.0023447080629501902,503869
3869,6,0.00220131453320277,603869
3870,1,0.001912297948399505,103870
3870,2,0.0018778628471758348,203870
3870,3,0.0019735397863752,303870
3870,4,0.00205248613403039,403870
3870,5,0.00210073649873388,503870
3870,6,0.00201760254326195,603870
3871,1,0.0019162933532490402,103871
3871,2,0.001867129706937465,203871
3871,3,0.001995195658763015,303871
3871,4,0.00204868407756428,403871
3871,5,0.00209873636035029,503871
3871,6,0.002014320997430625,603871
3872,1,0.0018814918089847502,103872
3872,2,0.0018287572014965051,203872
3872,3,0.001950134763197185,303872
3872,4,0.001993100978632495,403872
3872,5,0.002091782680626775,503872
3872,6,0.001978786259134905,603872
3873,1,0.001926365427095485,103873
3873,2,0.001872368078054915,203873
3873,3,0.001981074021271225,303873
3873,4,0.002037183204635935,403873
3873,5,0.00212575411953868,503873
3873,6,0.002037832659134785,603873
3874,1,0.00210273992785941,103874
3874,2,0.002028801245423515,203874
3874,3,0.00208967001971809,303874
3874,4,0.002194612079618895,403874
3874,5,0.002251633743326245,503874
3874,6,0.0022255251635815,603874
3875,1,0.002117538491148525,103875
3875,2,0.00202256673574422,203875
3875,3,0.002081582704382745,303875
3875,4,0.0021942369153544446,403875
3875,5,0.00221118286978508,503875
3875,6,0.002221969051819385,603875
3876,1,0.002119825295591275,103876
3876,2,0.00207841779275492,203876
3876,3,0.0022303193055592946,303876
3876,4,0.0024023444414114897,403876
3876,5,0.002266123345103715,503876
3876,6,0.002288018769837605,603876
3877,1,0.00215851935223266,103877
3877,2,0.00208736979243148,203877
3877,3,0.00222022403761266,303877
3877,4,0.00239978671164834,403877
3877,5,0.0022120188855616852,503877
3877,6,0.002285664168823755,603877
3878,1,0.0017512266972626949,103878
3878,2,0.00173290335770427,203878
3878,3,0.0017051936173865748,303878
3878,4,0.00149173440967965,403878
3878,5,0.00169250603039543,503878
3878,6,0.0017418961548401,603878
3879,1,0.001768821600200355,103879
3879,2,0.001754170921482615,203879
3879,3,0.0017620171733198852,303879
3879,4,0.00158505986926579,403879
3879,5,0.00165764672331643,503879
3879,6,0.0017573309675404099,603879
3880,1,0.0017138097225025302,103880
3880,2,0.00169556880049795,203880
3880,3,0.0017139050634224751,303880
3880,4,0.001569935110952725,403880
3880,5,0.001675115172456215,503880
3880,6,0.00176732496907234,603880
3947,1,0.002791481090780935,103947
3947,2,0.0027601905212069,203947
3947,3,0.0025067467059546253,303947
3947,4,0.0029027055687501652,403947
3947,5,0.002328080750468945,503947
3947,6,0.00250495151767386,603947
