id,id_down,STcon
103507,100029,0.801202742305499
103838,103507,0.980740740740741
103839,103838,0.981934731934732
103840,103839,0.981934731934732
103868,103840,0.982741474346228
103841,103840,0.98263951738234
103842,103841,0.982945736434108
103843,103842,0.983018568967514
103844,103843,0.983055478373623
103855,103844,0.984371184371184
103856,103855,0.983101807190173
103857,103855,0.98310502283105
103845,103844,0.983072853072853
103846,103845,0.983072853072853
103854,103846,0.984976525821596
103847,103846,0.984387242531305
103853,103847,0.930350485472832
103848,103847,0.985777777777778
103849,103848,0.985777777777778
103850,103849,0.985777777777778
103851,103850,0.98712318541661
103852,103850,0.983899228635137
103858,103843,0.983040935672515
103865,103858,0.983060109289618
103859,103858,0.984440122256182
103860,103859,0.984601949992389
103863,103860,0.985380810484418
103861,103860,0.986027397260274
103862,103861,0.986027397260274
103864,103859,0.983084429210322
103866,103842,0.984609692933777
103867,103841,0.982919880480856
103869,103838,0.982051282051282
103880,103869,0.982446311858077
103870,103869,0.823188405797102
103871,103870,0.823188405797102
103872,103871,0.860418984056359
103878,103872,0.873737373737374
103873,103872,0.864516129032258
103874,103873,0.9548802946593
103875,103874,0.9548802946593
103876,103873,0.654421768707483
103877,103876,0.654421768707483
103879,103871,0.846633744855967
103508,103507,0.866666666666666
103509,103508,0.866666666666666
103836,103509,0.908771929824561
103837,103836,0.908771929824561
103510,103509,0.880903744937456
103835,103510,0.81078431372549
103511,103510,0.928571428571428
103512,103511,0.928571428571428
103513,103512,0.818367346938776
103822,103513,0.901612903225806
103514,103513,0.918918918918919
103515,103514,0.966187348363808
103819,103515,0.945454545454545
103820,103819,0.945454545454545
103516,103515,0.948152947080682
103818,103516,0.946411483253588
103517,103516,0.961598201512365
103518,103517,0.906365767237226
103519,103518,0.957679241637946
103521,103520,0.953846153846154
103805,103521,0.902453189231983
103522,103521,0.925588448790109
103523,103522,0.957971014492754
103524,103523,0.957971014492754
103771,103524,0.962456636126985
103772,103771,0.962456636126985
103773,103772,0.962456636126985
103525,103524,0.912886894413885
103763,103525,0.956587204445222
103770,103763,0.96030534351145
103764,103763,0.96131386861313906
103767,103764,0.852319800843067
103769,103767,0.96681156104629
103768,103767,0.962237762237762
103765,103764,0.72273496361439
103766,103765,0.694430863593938
103526,103525,0.960629921259843
103527,103526,0.86549436795995
103737,103527,0.962350119904077
103738,103737,0.963908045977012
103739,103738,0.965187094735074
103751,103739,0.963616557734205
103740,103739,0.965795206971678
103749,103740,0.967290388947485
103750,103749,0.967893660531697
103741,103740,0.966871000925355
103742,103741,0.968088244407262
103743,103742,0.971086556169429
103744,103743,0.969480241177445
103745,103744,0.969480241177445
103746,103743,0.967027027027027
103747,103742,0.970763500931099
103748,103741,0.967893660531697
103752,103738,0.964399092970522
103761,103752,0.966640980416793
103753,103752,0.94122610292388
103754,103753,0.94122610292388
103760,103754,0.968472751466763
103755,103754,0.968644686016336
103756,103755,0.941005291005291
103757,103756,0.956036036036036
103758,103756,0.956030897207368
103759,103755,0.929041467731168
103528,103527,0.962368774777534
103736,103528,0.963448275862069
103529,103528,0.893468826184081
103530,103529,0.76167290886392
103531,103530,0.960367637998189
103733,103531,0.970337738619677
103532,103531,0.766910866910867
103730,103532,0.968263473053892
103731,103730,0.968263473053892
103533,103532,0.96339355465786
103727,103533,0.968988879384089
103729,103727,0.767749699157641
103728,103727,0.965594725396166
103534,103533,0.964705882352941
103535,103534,0.971126572908956
103536,103535,0.971351351351351
103537,103536,0.967878787878788
103708,103537,0.968343706247254
103538,103537,0.969011725293132
103539,103538,0.969011725293132
103704,103539,0.953077207488824
103707,103704,0.941916389197188
103705,103704,0.970266040688576
103706,103705,0.970266040688576
103540,103539,0.969252040294568
103541,103540,0.938345864661654
103697,103541,0.988278388278388
103698,103697,0.98714859437751
103700,103698,0.970981564524166
103699,103698,0.972103004291845
103701,103697,0.970453934998657
103542,103541,0.970588235294118
103543,103542,0.97085201793722
103658,103543,0.857583911408393
103662,103543,0.857583911408393
103659,103658,0.691213389121339
103660,103659,0.690534979423868
103661,103659,0.686583679114799
103544,103543,0.819125634203202
103545,103544,0.699674886516992
103546,103545,0.814608198818725
103547,103546,0.637775814822667
103548,103547,0.638394445282743
103549,103548,0.639530685920578
103550,103549,0.644215274854696
103551,103550,0.637485380116959
103622,103551,0.641176470588235
103552,103551,0.638705845672225
103553,103552,0.636577030055291
103612,103553,0.643939726144656
103616,103612,0.649298813376483
103613,103612,0.650426469925112
103615,103613,0.653780617678381
103614,103613,0.651554126473741
103554,103553,0.63792349726776
103555,103554,0.641371918542337
103602,103555,0.642852636322668
103610,103602,0.64779452056281
103603,103602,0.651848535365564
103609,103603,0.656443861948449
103604,103603,0.659214501510574
103608,103604,0.667256637168142
103605,103604,0.662772000930467
103607,103605,0.667256637168142
103606,103605,0.665281899109792
103556,103555,0.64481225412631
103557,103556,0.640637135825991
103558,103557,0.641793313069909
103559,103558,0.641741741741742
103560,103559,0.643002915451895
103561,103560,0.649414909691901
103586,103561,0.641408450704225
103594,103586,0.650413223140496
103587,103586,0.646518105849582
103588,103587,0.650413223140496
103592,103588,0.653591877869434
103589,103588,0.65609756097561
103590,103589,0.65609756097561
103593,103587,0.648476454293629
103562,103561,0.653505521144295
103583,103562,0.653249767873723
103584,103583,0.657300275482094
103585,103583,0.655401662049861
103563,103562,0.656081708449396
103564,103563,0.655799086757991
103565,103564,0.660447970158048
103566,103565,0.663181411974978
103567,103566,0.666753246753247
103568,103567,0.672400740429468
103569,103568,0.679247995299971
103570,103569,0.686308068459658
103571,103569,0.68424768202546
103572,103567,0.671304654643795
103573,103566,0.660689087497385
103574,103565,0.652328922868657
103580,103574,0.662700421940928
103575,103574,0.661842153294467
103579,103575,0.667747298420615
103576,103575,0.665240767746402
103578,103576,0.667747298420615
103577,103576,0.667747298420615
103581,103564,0.66136567834681
103582,103563,0.655841080663304
103595,103560,0.650235784237695
103596,103559,0.643939393939394
103597,103558,0.64491440080564
103598,103557,0.644036697247706
103599,103598,0.644763343403827
103600,103598,0.646200607902736
103601,103556,0.648904340428672
103611,103554,0.641368078175896
103617,103552,0.640291806958474
103621,103617,0.649726775956284
103618,103617,0.647008816495077
103620,103618,0.652008686210641
103619,103618,0.645602605863192
103623,103550,0.64457146005965
103624,103623,0.648780487804878
103625,103623,0.65121107266436
103626,103549,0.64288256227758
103627,103626,0.64288256227758
103628,103548,0.64422422022422
103629,103547,0.643645469911948
103630,103629,0.647130647130647
103631,103630,0.65138314553477
103632,103629,0.647130647130647
103633,103546,0.64125786163522
103634,103633,0.64125786163522
103638,103635,0.804492076160073
103635,103545,0.831940303908753
103636,103635,0.831940303908753
103637,103636,0.670796087916711
103639,103544,0.823459233291869
103640,103639,0.847515151515152
103652,103640,0.81431718061674
103641,103640,0.757380195820094
103642,103641,0.851731998342168
103650,103642,0.847057014895217
103643,103642,0.833701678375488
103649,103643,0.773546856465006
103644,103643,0.775147232037691
103648,103644,0.77672514619883
103645,103644,0.902680513433201
103647,103645,0.779815455594002
103646,103645,0.841337354225672
103651,103641,0.859821200510856
103653,103639,0.822709163346614
103654,103653,0.82156862745098
103655,103654,0.826996197718631
103656,103654,0.886459787140036
103657,103653,0.848728276722607
103663,103542,0.968482184562615
103664,103663,0.968376068376068
103665,103664,0.967388352497711
103693,103665,0.965887754683721
103694,103693,0.688442211055276
103695,103693,0.961266842503425
103666,103665,0.971481565001691
103667,103666,0.708621883180358
103691,103667,0.706143790849673
103668,103667,0.700518806744488
103690,103668,0.834898914179274
103669,103668,0.644105037513398
103689,103669,0.643101343101343
103670,103669,0.650911844592142
103671,103670,0.642522313964411
103672,103671,0.961154855643045
103673,103672,0.677363002000684
103674,103673,0.656158192090395
103675,103674,0.660215135649691
103679,103675,0.646937392552534
103676,103675,0.657362693553799
103677,103676,0.710498404202798
103678,103676,0.706239960336064
103680,103674,0.667425642121002
103681,103673,0.807784127488072
103682,103672,0.94373061366287
103683,103671,0.645723895579663
103687,103683,0.683159315405939
103684,103683,0.698711755233494
103686,103684,0.670936238902341
103685,103684,0.676171144499971
103688,103670,0.824251081484106
103692,103666,0.967716299295246
103696,103664,0.971183853615865
103702,103540,0.968680688186241
103703,103702,0.968680688186241
103947,103538,0.968854424406296
103709,103535,0.970554646748357
103710,103534,0.968721942281264
103724,103710,0.950352545058427
103725,103724,0.950352545058427
103711,103710,0.795514601213428
103712,103711,0.781376165767009
103713,103712,0.695609756097561
103718,103712,0.695609756097561
103717,103713,0.720179372197309
103714,103713,0.698008343743371
103716,103714,0.689714316170984
103715,103714,0.697705186746282
103719,103711,0.774995369706822
103720,103719,0.697560975609756
103721,103720,0.708920187793427
103722,103720,0.773869410464471
103723,103719,0.700464449897949
103734,103530,0.964665096226499
103735,103529,0.760773561350199
103762,103526,0.963212404800502
103775,103523,0.892313716313716
103776,103522,0.961184104709778
103804,103776,0.871389209278483
103777,103776,0.959228650137741
103796,103777,0.966735126676755
103803,103796,0.961154855643045
103797,103796,0.963863575379406
103800,103797,0.958904109589041
103801,103800,0.971784232365145
103802,103800,0.964299221712192
103798,103797,0.963656105905102
103799,103798,0.965501165501165
103778,103777,0.653795018152872
103779,103778,0.653795018152872
103795,103779,0.961154855643045
103780,103779,0.805982588774341
103794,103780,0.654545454545455
103781,103780,0.951138934887875
103792,103781,0.697952610996089
103793,103792,0.697952610996089
103782,103781,0.740372274321193
103791,103782,0.661538461538462
103783,103782,0.659753086419753
103784,103783,0.700847682119206
103785,103784,0.690820315141679
103786,103785,0.949400479616307
103787,103786,0.711870146552227
103788,103785,0.687243549320193
103789,103784,0.697960496686612
103790,103783,0.685428390099429
103806,103520,0.962962962962963
103520,103519,0.958169520972946
103807,103519,0.958169520972946
103815,103807,0.946987951807229
103808,103807,0.805283398414389
103814,103808,0.678482763777761
103809,103808,0.815738284703802
103813,103809,0.954639175257732
103810,103809,0.822974084913153
103812,103810,0.943685624887034
103811,103810,0.801202219168321
103816,103518,0.961595103162561
103817,103517,0.961532285045166
103821,103514,0.946926580826307
103823,103512,0.912307692307692
103834,103823,0.944444444444444
103824,103823,0.952133088385384
103833,103824,0.948275862068966
103825,103824,0.969005847953216
103826,103825,0.970825522303783
103827,103826,0.961538461538461
103832,103827,0.766438522245276
103828,103827,0.961198916233913
103829,103828,0.710956230833566
103831,103829,0.681871667585954
103830,103829,0.712418300653595
203507,200029,0.645244062537296
203838,203507,1
203839,203838,1
203840,203839,1
203868,203840,1
203841,203840,1
203842,203841,1
203843,203842,1
203844,203843,1
203855,203844,1
203856,203855,1
203857,203855,1
203845,203844,1
203846,203845,1
203854,203846,1
203847,203846,1
203853,203847,0.848831664282308
203848,203847,1
203849,203848,1
203850,203849,1
203851,203850,1
203852,203850,0.995720524017467
203858,203843,1
203865,203858,1
203859,203858,1
203860,203859,1
203863,203860,1
203861,203860,1
203862,203861,1
203864,203859,1
203866,203842,1
203867,203841,1
203869,203838,1
203880,203869,1
203870,203869,0.492753623188406
203871,203870,0.492753623188406
203872,203871,0.610678531701891
203878,203872,0.646464646464646
203873,203872,0.623655913978495
203874,203873,0.91841620626151
203875,203874,0.91841620626151
203876,203873,0.45891156462585
203877,203876,0.45891156462585
203879,203871,0.556378600823045
203508,203507,0.76
203509,203508,0.76
203836,203509,0.857894736842105
203837,203836,0.857894736842105
203510,203509,0.79073710686135
203835,203510,0.829411764705882
203511,203510,0.871428571428571
203512,203511,0.871428571428571
203513,203512,0.527482993197279
203822,203513,0.851935483870967
203514,203513,0.867567567567568
203515,203514,0.969902361086455
203819,203515,0.910909090909091
203820,203819,0.910909090909091
203516,203515,0.923926915484552
203818,203516,0.912472089314194
203517,203516,0.950596089651883
203518,203517,0.825175524782064
203519,203518,0.930876094675312
203521,203520,0.924615384615385
203805,203521,0.812036024027428
203522,203521,0.860786953506249
203523,203522,0.957391304347826
203524,203523,0.957391304347826
203771,203524,0.966089784648252
203772,203771,0.966089784648252
203773,203772,0.966089784648252
203525,203524,0.854390285519877
203763,203525,0.94640282877737
203770,203763,0.962595419847328
203764,203763,0.964233576642336
203767,203764,0.728260735419752
203769,203767,0.958510638297873
203768,203767,0.918181818181818
203765,203764,0.382987109832747
203766,203765,0.391972976576736
203526,203525,0.961417322834646
203527,203526,0.731709080795439
203737,203527,0.964748201438849
203738,203737,0.966206896551724
203739,203738,0.967404477236025
203751,203739,0.96797385620915
203740,203739,0.96797385620915
203749,203740,0.969373803664205
203750,203749,0.969938650306749
203741,203740,0.968981128254951
203742,203741,0.97012084030489
203743,203742,0.97292817679558
203744,203743,0.973510417579849
203745,203744,0.973510417579849
203746,203743,0.973513513513513
203747,203742,0.972625698324022
203748,203741,0.969938650306749
203752,203738,0.966666666666667
203761,203752,0.968765758734194
203753,203752,0.896663232320403
203754,203753,0.896663232320403
203760,203754,0.97048085646888
203755,203754,0.970641839773257
203756,203755,0.917566137566137
203757,203756,0.92018018018018
203758,203756,0.92017085025764
203759,203755,0.911382706819474
203528,203527,0.964983921188301
203736,203528,0.966206896551724
203529,203528,0.811837976315487
203530,203529,0.515230961298377
203531,203530,0.948804667534597
203733,203531,0.978414096916299
203532,203531,0.528327228327228
203730,203532,0.97065868263473
203731,203730,0.97065868263473
203533,203532,0.956097936692087
203727,203533,0.971329341317365
203729,203727,0.535138387484958
203728,203727,0.953833172450842
203534,203533,0.942352941176471
203535,203534,0.973305699481865
203536,203535,0.973513513513513
203537,203536,0.97030303030303
203708,203537,0.972808658061747
203538,203537,0.975376884422111
203539,203538,0.975376884422111
203704,203539,0.936260966017949
203707,203704,0.905130102355408
203705,203704,0.976995305164319
203706,203705,0.976995305164319
203540,203539,0.976210789070008
203541,203540,0.911578947368421
203697,203541,1
203698,203697,1
203700,203698,0.978124564025909
203699,203698,0.948783977110157
203701,203697,0.977726812537449
203542,203541,0.977828054298643
203543,203542,0.978026905829596
203658,203543,0.75494251822842
203662,203543,0.75494251822842
203659,203658,0.507949790794979
203660,203659,0.516049382716049
203661,203659,0.51134163208852
203544,203543,0.540753027419812
203545,203544,0.450975340449025
203546,203545,0.705337352705774
203547,203546,0.435794564969889
203548,203547,0.435987462105105
203549,203548,0.436341756919374
203550,203549,0.438158862570526
203551,203550,0.43672514619883
203622,203551,0.442675893886967
203552,203551,0.436968035986797
203553,203552,0.437304107593963
203612,203553,0.449039908291417
203616,203612,0.457389428263215
203613,203612,0.459134156789699
203615,203613,0.464323748668797
203614,203613,0.460878885316184
203554,203553,0.437595628415301
203555,203554,0.438156484458735
203602,203555,0.442394750165518
203610,203602,0.450359432763558
203603,203602,0.456579185520362
203609,203603,0.463751914542467
203604,203603,0.468076535750252
203608,203604,0.48062930186824
203605,203604,0.473629346606006
203607,203605,0.48062930186824
203606,203605,0.477546983184965
203556,203555,0.445017183862287
203557,203556,0.448402476780186
203558,203557,0.449898682877406
203559,203558,0.44984984984985
203560,203559,0.449562682215744
203561,203560,0.464991431469241
203586,203561,0.441455399061033
203594,203586,0.455280073461892
203587,203586,0.449210770659239
203588,203587,0.455280073461892
203592,203588,0.460232996984891
203589,203588,0.464137308039747
203590,203589,0.464137308039747
203593,203587,0.452262234533703
203562,203561,0.470997225181152
203583,203562,0.471448467966574
203584,203583,0.477502295684114
203585,203583,0.47460757156048
203563,203562,0.474930362116992
203564,203563,0.444383561643836
203565,203564,0.451887888151119
203566,203565,0.456300268096515
203567,203566,0.453160173160173
203568,203567,0.462427403624973
203569,203568,0.473663377062773
203570,203569,0.485248573757131
203571,203569,0.481867591497221
203572,203567,0.460628786367943
203573,203566,0.442965767640502
203574,203565,0.444353352651699
203580,203574,0.458227848101266
203575,203574,0.463279114460872
203579,203575,0.47265170407315
203576,203575,0.468673362667795
203578,203576,0.47265170407315
203577,203576,0.47265170407315
203581,203564,0.453369272237197
203582,203563,0.440624561558968
203595,203560,0.460911245533977
203596,203559,0.448387096774193
203597,203558,0.454279959718026
203598,203557,0.453516819571865
203599,203598,0.441087613293051
203600,203598,0.456838905775076
203601,203556,0.45223249793021
203611,203554,0.443105320304017
203617,203552,0.44287317620651
203621,203617,0.457486338797814
203618,203617,0.453276681772719
203620,203618,0.461020629750271
203619,203618,0.441096634093377
203623,203550,0.44143877558049
203624,203623,0.447735191637631
203625,203623,0.451557093425606
203626,203549,0.434223013048636
203627,203626,0.434223013048636
203628,203548,0.444950900950901
203629,203547,0.444876091883596
203630,203629,0.45030525030525
203631,203630,0.456929730518178
203632,203629,0.45030525030525
203633,203546,0.442012578616352
203634,203633,0.442012578616352
203638,203635,0.688208110059666
203635,203545,0.669247179839188
203636,203635,0.669247179839188
203637,203636,0.485005183059658
203639,203544,0.552942601896577
203640,203639,0.695177865612648
203652,203640,0.53223201174743
203641,203640,0.492780490325248
203642,203641,0.709890277686888
203650,203642,0.700065673510999
203643,203642,0.676583508727227
203649,203643,0.541755634638197
203644,203643,0.544994110718492
203648,203644,0.548187134502924
203645,203644,0.820218117207364
203647,203645,0.554440599769319
203646,203645,0.690289273318798
203651,203641,0.736424010217114
203653,203639,0.538778220451527
203654,203653,0.540915032679739
203655,203654,0.554879594423321
203656,203654,0.736255448870227
203657,203653,0.671911028324919
203663,203542,0.974269576436996
203664,203663,0.974871794871795
203665,203664,0.972183863269699
203693,203665,0.968462263764195
203694,203693,0.560301507537688
203695,203693,0.961528553027051
203666,203665,0.97646408839779
203667,203666,0.465617260706751
203691,203667,0.476732026143791
203668,203667,0.449935149156939
203690,203668,0.719401208486665
203669,203668,0.44994640943194
203689,203669,0.46007326007326
203670,203669,0.449784173832501
203671,203670,0.449908910919718
203672,203671,0.961417322834646
203673,203672,0.52938808373591
203674,203673,0.477966101694915
203675,203674,0.502942408376963
203679,203675,0.456956920868593
203676,203675,0.499078308182232
203677,203676,0.564544935562932
203678,203676,0.557697988164113
203680,203674,0.496726651359001
203681,203673,0.718209117125698
203682,203672,0.957321521625846
203683,203671,0.462124350173527
203687,203683,0.525032830850422
203684,203683,0.5670692431562
203686,203684,0.489403218914685
203685,203684,0.496196444932465
203688,203670,0.769756832174336
203692,203666,0.959834058079672
203696,203664,0.979235423929079
203702,203540,0.976199570866049
203703,203702,0.976199570866049
203947,203538,0.975251893987706
203709,203535,0.972776937559801
203710,203534,0.972914948847152
203724,203710,0.946428995840761
203725,203724,0.946428995840761
203711,203710,0.700516190555164
203712,203711,0.696152482760268
203713,203712,0.573170731707317
203718,203712,0.573170731707317
203717,203713,0.60762331838565
203714,203713,0.575152615080019
203716,203714,0.510681164055005
203715,203714,0.546382156656129
203719,203711,0.687250495915852
203720,203719,0.573170731707317
203721,203720,0.589201877934272
203722,203720,0.674172597060749
203723,203719,0.577268376872105
203734,203530,0.967331881416952
203735,203529,0.514659505806421
203762,203526,0.967317386803026
203775,203523,0.813648921648922
203776,203522,0.962450674455221
203804,203776,0.746973386304413
203777,203776,0.959504132231405
203796,203777,0.971246795762686
203803,203796,0.961417322834646
203797,203796,0.955064643957891
203800,203797,0.932876712328767
203801,203800,0.979668049792531
203802,203800,0.969082713720355
203798,203797,0.952333779562695
203799,203798,0.965734265734266
203778,203777,0.474378239850894
203779,203778,0.474378239850894
203795,203779,0.961417322834646
203780,203779,0.715795189003437
203794,203780,0.481481481481482
203781,203780,0.959877485628122
203792,203781,0.552933057280883
203793,203792,0.552933057280883
203782,203781,0.624706283678123
203791,203782,0.469230769230769
203783,203782,0.462222222222222
203784,203783,0.554231052244297
203785,203784,0.516482045039562
203786,203785,0.964748201438849
203787,203786,0.550635838150289
203788,203785,0.511628802464382
203789,203784,0.52828025477707
203790,203783,0.505453776179395
203806,203520,0.939506172839506
203520,203519,0.938242243732937
203807,203519,0.938242243732937
203815,203807,0.940963855421687
203808,203807,0.702873427207826
203814,203808,0.527915700790149
203809,203808,0.747480106100796
203813,203809,0.949484536082474
203810,203809,0.758368922130539
203812,203810,0.953752999208905
203811,203810,0.716910978775385
203816,203518,0.952090175738217
203817,203517,0.949836065573771
203821,203514,0.926219580699346
203823,203512,0.842153846153846
203834,203823,0.9
203824,203823,0.929802000408247
203833,203824,0.906896551724138
203825,203824,0.971345029239766
203826,203825,0.976316205533597
203827,203826,0.930769230769231
203832,203827,0.570780910881533
203828,203827,0.9448182433958
203829,203828,0.594690227531042
203831,203829,0.485493656922229
203830,203829,0.525490196078431
303507,300029,0.722894537932132
303838,303507,1
303839,303838,1
303840,303839,1
303868,303840,1
303841,303840,1
303842,303841,1
303843,303842,1
303844,303843,1
303855,303844,1
303856,303855,1
303857,303855,1
303845,303844,1
303846,303845,1
303854,303846,1
303847,303846,1
303853,303847,0.880829756795422
303848,303847,1
303849,303848,1
303850,303849,1
303851,303850,1
303852,303850,0.985997088791849
303858,303843,1
303865,303858,1
303859,303858,1
303860,303859,1
303863,303860,1
303861,303860,1
303862,303861,1
303864,303859,1
303866,303842,1
303867,303841,1
303869,303838,1
303880,303869,1
303870,303869,0.811594202898551
303871,303870,0.811594202898551
303872,303871,0.855394883203559
303878,303872,0.868686868686869
303873,303872,0.860215053763441
303874,303873,0.922651933701657
303875,303874,0.922651933701657
303876,303873,0.606258503401361
303877,303876,0.606258503401361
303879,303871,0.83522633744856
303508,303507,0.937777777777778
303509,303508,0.937777777777778
303836,303509,0.963157894736842
303837,303836,0.963157894736842
303510,303509,0.873026262250232
303835,303510,0.958823529411765
303511,303510,0.952380952380952
303512,303511,0.952380952380952
303513,303512,0.642585034013606
303822,303513,0.916451612903226
303514,303513,0.892792792792793
303515,303514,0.922213148707024
303819,303515,0.90969696969697
303820,303819,0.90969696969697
303516,303515,0.907725646380299
303818,303516,0.911281233386497
303517,303516,0.926175715875286
303518,303517,0.834465663002207
303519,303518,0.929935633378378
303521,303520,0.923589743589744
303805,303521,0.816657986651693
303522,303521,0.852713508421756
303523,303522,0.902608695652174
303524,303523,0.902608695652174
303771,303524,0.915455516639688
303772,303771,0.915455516639688
303773,303772,0.915455516639688
303525,303524,0.853515873140494
303763,303525,0.913944421777959
303770,303763,0.914503816793893
303764,303763,0.918248175182482
303767,303764,0.777353778819211
303769,303767,0.960283687943263
303768,303767,0.921678321678322
303765,303764,0.596564311857068
303766,303765,0.503200883002207
303526,303525,0.911811023622047
303527,303526,0.779956890557642
303737,303527,0.919424460431655
303738,303737,0.913563218390805
303739,303738,0.916626417964255
303751,303739,0.918082788671024
303740,303739,0.918082788671024
303749,303740,0.921663606651302
303750,303749,0.923108384458078
303741,303740,0.92065921240722
303742,303741,0.923574394249241
303743,303742,0.930755064456722
303744,303743,0.93215423278104
303745,303744,0.93215423278104
303746,303743,0.932252252252252
303747,303742,0.929981378026071
303748,303741,0.923108384458078
303752,303738,0.914739229024943
303761,303752,0.920108335265695
303753,303752,0.871764808053168
303754,303753,0.871764808053168
303760,303754,0.924495251920401
303755,303754,0.92490701873976
303756,303755,0.941851851851852
303757,303756,0.924324324324324
303758,303756,0.924315478799568
303759,303755,0.898709275980028
303528,303527,0.919963248430402
303736,303528,0.922758620689655
303529,303528,0.825923582534862
303530,303529,0.650936329588015
303531,303530,0.939602180897325
303733,303531,0.929368575624082
303532,303531,0.661782661782662
303730,303532,0.925948103792415
303731,303730,0.925948103792415
303533,303532,0.922300072522686
303727,303533,0.927640718562874
303729,303727,0.666666666666667
303728,303727,0.943531199009438
303534,303533,0.94156862745098
303535,303534,0.932628670120898
303536,303535,0.933153153153153
303537,303536,0.925050505050505
303708,303537,0.931374232251076
303538,303537,0.93785594639866
303539,303538,0.93785594639866
303704,303539,0.910809720681658
303707,303704,0.903839355448678
303705,303704,0.929264475743349
303706,303705,0.929264475743349
303540,303539,0.939960562890972
303541,303540,0.901228070175438
303697,303541,1
303698,303697,1
303700,303698,0.928421192492942
303699,303698,0.931187410586552
303701,303697,0.92711970633002
303542,303541,0.927450980392157
303543,303542,0.928101644245142
303658,303543,0.804997341835481
303662,303543,0.804997341835481
303659,303658,0.641910739191074
303660,303659,0.647119341563786
303661,303659,0.644121715076072
303544,303543,0.646154192691089
303545,303544,0.581548276285119
303546,303545,0.770019162124425
303547,303546,0.567521494358467
303548,303547,0.567468918183605
303549,303548,0.567870036101083
303550,303549,0.56910894555061
303551,303550,0.568304093567252
303622,303551,0.573125720876586
303552,303551,0.568941442594084
303553,303552,0.568959569684207
303612,303553,0.57807191386452
303616,303612,0.584466019417476
303613,303612,0.585802141541536
303615,303613,0.588871139510117
303614,303613,0.587138263665595
303554,303553,0.569289617486339
303555,303554,0.57363344051447
303602,303555,0.579510957555122
303610,303602,0.585740420642128
303603,303602,0.589605302849885
303609,303603,0.595123558348231
303604,303603,0.59833836858006
303608,303604,0.607817109144543
303605,303604,0.602581187857772
303607,303605,0.607866273352999
303606,303605,0.605539070227498
303556,303555,0.579509881980629
303557,303556,0.587085337778836
303558,303557,0.59209726443769
303559,303558,0.595045045045045
303560,303559,0.58824101068999
303561,303560,0.599429482023124
303586,303561,0.576056338028169
303594,303586,0.586593204775023
303587,303586,0.581987000928505
303588,303587,0.586593204775023
303592,303588,0.590352149768372
303589,303588,0.593315266485998
303590,303589,0.593315266485998
303593,303587,0.584302862419206
303562,303561,0.60392612757153
303583,303562,0.597214484679666
303584,303583,0.601974288337925
303585,303583,0.599815327793167
303563,303562,0.606870937790158
303564,303563,0.581187214611872
303565,303564,0.586843828905494
303566,303565,0.590169794459339
303567,303566,0.589090909090909
303568,303567,0.596054537302742
303569,303568,0.603747523422021
303570,303569,0.611858190709046
303571,303569,0.609924065479621
303572,303567,0.59470301141581
303573,303566,0.581379792479784
303574,303565,0.584048498250026
303580,303574,0.598016877637131
303575,303574,0.60160487862488
303579,303575,0.607356608478803
303576,303575,0.605608900504831
303578,303576,0.608561928512053
303577,303576,0.607356608478803
303581,303564,0.58796046720575
303582,303563,0.578713241719157
303595,303560,0.596374573579286
303596,303559,0.585923753665689
303597,303558,0.594864048338369
303598,303557,0.590927624872579
303599,303598,0.579103726082578
303600,303598,0.593414387031408
303601,303556,0.586052598169904
303611,303554,0.573615635179153
303617,303552,0.573063973063973
303621,303617,0.583169398907104
303618,303617,0.57977227352518
303620,303618,0.585559174809989
303619,303618,0.576601520086862
303623,303550,0.573713415852155
303624,303623,0.578222996515679
303625,303623,0.581314878892734
303626,303549,0.565776986951364
303627,303626,0.565776986951364
303628,303548,0.574478558478558
303629,303547,0.574594073078277
303630,303629,0.578754578754579
303631,303630,0.583831090690297
303632,303629,0.578754578754579
303633,303546,0.572075471698113
303634,303633,0.572075471698113
303638,303635,0.764023106449284
303635,303545,0.80023166570796
303636,303635,0.80023166570796
303637,303636,0.626092573952497
303639,303544,0.651793993634997
303640,303639,0.748706192358366
303652,303640,0.631204111600587
303641,303640,0.636348911105944
303642,303641,0.779659926270096
303650,303642,0.760620087989178
303643,303642,0.748511339305992
303649,303643,0.67141162514828
303644,303643,0.673733804475854
303648,303644,0.676023391812866
303645,303644,0.832225592010538
303647,303645,0.680507497116494
303646,303645,0.760590251600093
303651,303641,0.784495530012772
303653,303639,0.651394422310757
303654,303653,0.646666666666667
303655,303654,0.655259822560203
303656,303654,0.796115475595942
303657,303653,0.73984866713428
303663,303542,0.926337391492649
303664,303663,0.936581196581197
303665,303664,0.922992234847484
303693,303665,0.924541876767926
303694,303693,0.777051926298158
303695,303693,0.912065264061829
303666,303665,0.933116848949525
303667,303666,0.661119806592825
303691,303667,0.670980392156863
303668,303667,0.614656290531777
303690,303668,0.795569033664985
303669,303668,0.583065380493033
303689,303669,0.589255189255189
303670,303669,0.581827907326048
303671,303670,0.580509571844581
303672,303671,0.911811023622047
303673,303672,0.694293173278681
303674,303673,0.600225988700565
303675,303674,0.67997810566397
303679,303675,0.589447365346419
303676,303675,0.693001066062495
303677,303676,0.668371612035582
303678,303676,0.664465650206082
303680,303674,0.614538367063598
303681,303673,0.755337725216287
303682,303672,0.933307278096231
303683,303671,0.590888520889562
303687,303683,0.672301914596397
303684,303683,0.785668276972625
303686,303684,0.609312063808575
303685,303684,0.616007316958447
303688,303670,0.871656996057935
303692,303666,0.936885423435131
303696,303664,0.932056047006034
303702,303540,0.93993225028098
303703,303702,0.93993225028098
303947,303538,0.937540494349922
303709,303535,0.931294175746164
303710,303534,0.931642489947574
303724,303710,0.945700138641315
303725,303724,0.945700138641315
303711,303710,0.765209309396464
303712,303711,0.829929299845805
303713,303712,0.77260162601626
303718,303712,0.77260162601626
303717,303713,0.769357249626308
303714,303713,0.784582145017717
303716,303714,0.626626159258075
303715,303714,0.700392225734692
303719,303711,0.82493988254217
303720,303719,0.761626016260163
303721,303720,0.770579029733959
303722,303720,0.774322897385864
303723,303719,0.771231526692448
303734,303530,0.925330014667319
303735,303529,0.65125432831602
303762,303526,0.919926513750831
303775,303523,0.818891618891619
303776,303522,0.909240997394246
303804,303776,0.809595312344256
303777,303776,0.907438016528926
303796,303777,0.924650236264245
303803,303796,0.911811023622047
303797,303796,0.93784976747151
303800,303797,0.931963470319635
303801,303800,0.933471645919779
303802,303800,0.922912828677502
303798,303797,0.928598839803659
303799,303798,0.921678321678322
303778,303777,0.597478400994039
303779,303778,0.597478400994039
303795,303779,0.911811023622047
303780,303779,0.752565406643757
303794,303780,0.605611672278339
303781,303780,0.928079755509781
303792,303781,0.712813434552565
303793,303792,0.712813434552565
303782,303781,0.725790141160188
303791,303782,0.594638694638695
303783,303782,0.589135802469136
303784,303783,0.693761098847192
303785,303784,0.630725637384189
303786,303785,0.919424460431655
303787,303786,0.653562795585917
303788,303785,0.627019098588301
303789,303784,0.639736215659783
303790,303783,0.62230308158804
303806,303520,0.938683127572017
303520,303519,0.937402002151072
303807,303519,0.937402002151072
303815,303807,0.940160642570281
303808,303807,0.771577985511248
303814,303808,0.687321219372367
303809,303808,0.857695254936634
303813,303809,0.948797250859107
303810,303809,0.857930386555465
303812,303810,0.953123788313789
303811,303810,0.7790965541813
303816,303518,0.923416584844383
303817,303517,0.926568529050965
303821,303514,0.907374867901021
303823,303512,0.953076923076923
303834,303823,0.962962962962963
303824,303823,0.949231135605906
303833,303824,0.96551724137931
303825,303824,0.927680311890838
303826,303825,0.93298023715415
303827,303826,0.968376068376068
303832,303827,0.701964223928727
303828,303827,0.961548882366222
303829,303828,0.763824851851058
303831,303829,0.606079548936691
303830,303829,0.636601307189542
403507,400029,0.509009295726088
403838,403507,0.941111111111111
403839,403838,0.906410256410257
403840,403839,0.906410256410257
403868,403840,0.960937306851059
403841,403840,0.954208147234436
403842,403841,0.912403100775194
403843,403842,0.928863253324962
403844,403843,0.936926924145596
403855,403844,0.940870980870981
403856,403855,0.947675091645765
403857,403855,0.948401826484018
403845,403844,0.533072853072853
403846,403845,0.533072853072853
403854,403846,0.578403755868545
403847,403846,0.561544932343115
403853,403847,0.463385710832827
403848,403847,0.569777777777778
403849,403848,0.569777777777778
403850,403849,0.569777777777778
403851,403850,0.599240403796284
403852,403850,0.571721680768916
403858,403843,0.933918128654971
403865,403858,0.714754098360656
403859,403858,0.699444290080578
403860,403859,0.713623337190285
403863,403860,0.730475386055552
403861,403860,0.828873668188737
403862,403861,0.828873668188737
403864,403859,0.726703272932994
403866,403842,0.884591194968553
403867,403841,0.905631992217358
403869,403838,0.912820512820513
403880,403869,0.941456582633054
403870,403869,0.55072463768116
403871,403870,0.55072463768116
403872,403871,0.655172413793103
403878,403872,0.673232323232323
403873,403872,0.666666666666667
403874,403873,0.38121546961326
403875,403874,0.38121546961326
403876,403873,0.244897959183673
403877,403876,0.244897959183673
403879,403871,0.607078189300412
403508,403507,0.788518518518518
403509,403508,0.788518518518518
403836,403509,0.849122807017544
403837,403836,0.849122807017544
403510,403509,0.571524238491102
403835,403510,0.802941176470588
403511,403510,0.415873015873016
403512,403511,0.415873015873016
403513,403512,0.29687074829932
403822,403513,0.690860215053763
403514,403513,0.418918918918919
403515,403514,0.467832416119297
403819,403515,0.490909090909091
403820,403819,0.490909090909091
403516,403515,0.478147378861566
403818,403516,0.498649654439129
403517,403516,0.453266571292323
403518,403517,0.401151434711867
403519,403518,0.516629414729572
403521,403520,0.477948717948718
403805,403521,0.38837502790809
403522,403521,0.430610866662747
403523,403522,0.454202898550725
403524,403523,0.454202898550725
403771,403524,0.468925658303944
403772,403771,0.468925658303944
403773,403772,0.468925658303944
403525,403524,0.488658541108208
403763,403525,0.516759599256539
403770,403763,0.520865139949109
403764,403763,0.537469586374696
403767,403764,0.406474799622815
403769,403767,0.562228323038206
403768,403767,0.521212121212121
403765,403764,0.32396918457784
403766,403765,0.262088685423056
403526,403525,0.505774278215223
403527,403526,0.428534278959811
403737,403527,0.548441247002398
403738,403737,0.49816091954023
403739,403738,0.515945400042471
403751,403739,0.524400871459695
403740,403739,0.524400871459695
403749,403740,0.54519056733987
403750,403749,0.553578732106339
403741,403740,0.539359203949368
403742,403741,0.556284315548119
403743,403742,0.489410681399632
403744,403743,0.381795778420658
403745,403744,0.381795778420658
403746,403743,0.391531531531531
403747,403742,0.593482309124767
403748,403741,0.553578732106339
403752,403738,0.504988662131519
403761,403752,0.536160893311201
403753,403752,0.486970819648226
403754,403753,0.486970819648226
403760,403754,0.522174439000787
403755,403754,0.537557253734199
403756,403755,0.69705467372134
403757,403756,0.394594594594595
403758,403756,0.39452383039654
403759,403755,0.499788179210169
403528,403527,0.551460704745376
403736,403528,0.567126436781609
403529,403528,0.45378944200064
403530,403529,0.288514357053683
403531,403530,0.519338432570829
403733,403531,0.430837004405286
403532,403531,0.333821733821734
403730,403532,0.40938123752495
403731,403730,0.40938123752495
403533,403532,0.431892256498208
403727,403533,0.422881094952951
403729,403727,0.343441636582431
403728,403727,0.487845682512906
403534,403533,0.522352941176471
403535,403534,0.442688378978534
403536,403535,0.447027027027027
403537,403536,0.402222222222222
403708,403537,0.443159497603499
403538,403537,0.485929648241206
403539,403538,0.485929648241206
403704,403539,0.400618466606165
403707,403704,0.457886299173758
403705,403704,0.414553990610329
403706,403705,0.414553990610329
403540,403539,0.503339535073835
403541,403540,0.463082706766917
403697,403541,0.601465201465201
403698,403697,0.611244979919679
403700,403698,0.424690915130377
403699,403698,0.424606580829757
403701,403697,0.42150319910191
403542,403541,0.414404223227753
403543,403542,0.411210762331839
403658,403543,0.462523552667998
403662,403543,0.462523552667998
403659,403658,0.260181311018131
403660,403659,0.257201646090535
403661,403659,0.254287690179806
403544,403543,0.283002316238956
403545,403544,0.227898417372102
403546,403545,0.330878770352454
403547,403546,0.222047833290148
403548,403547,0.219135607712954
403549,403548,0.219494584837545
403550,403549,0.222841702912877
403551,403550,0.220994152046784
403622,403551,0.22843137254902
403552,403551,0.221829821317275
403553,403552,0.220469653802987
403612,403553,0.236870982319344
403616,403612,0.248381877022654
403613,403612,0.250852419553447
403615,403613,0.233013844515442
403614,403613,0.253269024651661
403554,403553,0.221584699453552
403555,403554,0.228456591639871
403602,403555,0.237340699569932
403610,403602,0.248380572292915
403603,403602,0.24181725807732
403609,403603,0.250231242647796
403604,403603,0.250453172205438
403608,403604,0.246951819075713
403605,403604,0.259274315282553
403607,403605,0.267944936086529
403606,403605,0.263303659742829
403556,403555,0.236065281879172
403557,403556,0.250097642295785
403558,403557,0.255724417426545
403559,403558,0.26036036036036
403560,403559,0.236637512147716
403561,403560,0.257042919775057
403586,403561,0.224929577464789
403594,403586,0.243434343434343
403587,403586,0.235236768802228
403588,403587,0.243893480257117
403592,403588,0.24464285269929
403589,403588,0.250406504065041
403590,403589,0.250406504065041
403593,403587,0.239704524469067
403562,403561,0.265383060892589
403583,403562,0.259285051067781
403584,403583,0.258631772268136
403585,403583,0.264173591874423
403563,403562,0.270844939647168
403564,403563,0.23351598173516
403565,403564,0.243868350633192
403566,403565,0.249955317247542
403567,403566,0.243549783549784
403568,403567,0.256369256724412
403569,403568,0.241578593199541
403570,403569,0.220986145069275
403571,403569,0.244541713430602
403572,403567,0.253881207488398
403573,403566,0.229412293041626
403574,403565,0.24560446972051
403580,403574,0.236877637130802
403575,403574,0.269115427148087
403579,403575,0.218246051537822
403576,403575,0.26582556306804
403578,403576,0.266375727348296
403577,403576,0.257689110556941
403581,403564,0.245911949685535
403582,403563,0.227898141379234
403595,403560,0.251376836636308
403596,403559,0.230449657869013
403597,403558,0.261127895266868
403598,403557,0.257288481141692
403599,403598,0.222557905337362
403600,403598,0.257446808510638
403601,403556,0.247756217237365
403611,403554,0.229207383279045
403617,403552,0.225308641975309
403621,403617,0.239890710382514
403618,403617,0.233109788705004
403620,403618,0.242671009771987
403619,403618,0.224375678610206
403623,403550,0.22954828177629
403624,403623,0.233681765389082
403625,403623,0.240253748558247
403626,403549,0.217378410438909
403627,403626,0.217378410438909
403628,403548,0.231704147704148
403629,403547,0.234639249738222
403630,403629,0.236019536019536
403631,403630,0.246191445137294
403632,403629,0.242124542124542
403633,403546,0.229811320754717
403634,403633,0.229811320754717
403638,403635,0.309599817580664
403635,403545,0.461853386950899
403636,403635,0.461853386950899
403637,403636,0.275182909424154
403639,403544,0.308751070257346
403640,403639,0.393480895915678
403652,403640,0.267180616740088
403641,403640,0.296058022682063
403642,403641,0.417166197674672
403650,403642,0.379305724468921
403643,403642,0.370226206154586
403649,403643,0.341518386714116
403644,403643,0.351236749116608
403648,403644,0.355789473684211
403645,403644,0.417123426155684
403647,403645,0.327104959630911
403646,403645,0.346402659765946
403651,403641,0.441226053639847
403653,403639,0.31460823373174
403654,403653,0.320392156862745
403655,403654,0.287832699619772
403656,403654,0.319381260130128
403657,403653,0.343011555803902
403663,403542,0.488135812417306
403664,403663,0.475384615384615
403665,403664,0.459122658809159
403693,403665,0.418519657278727
403694,403693,0.339447236180905
403695,403693,0.431644482610562
403666,403665,0.448015559815086
403667,403666,0.439803956678244
403691,403667,0.426666666666667
403668,403667,0.338845654993515
403690,403668,0.432561446549452
403669,403668,0.237245444801715
403689,403669,0.247374847374847
403670,403669,0.232470028663337
403671,403670,0.236420130910646
403672,403671,0.473753280839895
403673,403672,0.317735324257064
403674,403673,0.25683615819209
403675,403674,0.300682532127558
403679,403675,0.247091949994159
403676,403675,0.297911044310918
403677,403676,0.304980537377068
403678,403676,0.304937468194708
403680,403674,0.264809277157758
403681,403673,0.374817225352983
403682,403672,0.501724608551081
403683,403671,0.245014479861362
403687,403683,0.30573147922851
403684,403683,0.371739130434783
403686,403684,0.272215733751128
403685,403684,0.268565497343514
403688,403670,0.478623525416722
403692,403666,0.491435497575849
403696,403664,0.452493218701434
403702,403540,0.503105326448327
403703,403702,0.503105326448327
403947,403538,0.483320154069842
403709,403535,0.431649124972993
403710,403534,0.434530462666056
403724,403710,0.512382650029709
403725,403724,0.512382650029709
403711,403710,0.37708998438299
403712,403711,0.419731998941468
403713,403712,0.363577235772358
403718,403712,0.363577235772358
403717,403713,0.300747384155456
403714,403713,0.391294851548935
403716,403714,0.290377358490566
403715,403714,0.312504390586583
403719,403711,0.403509511352999
403720,403719,0.33869918699187
403721,403720,0.358841940532081
403722,403720,0.378994073996963
403723,403719,0.361633171087507
403734,403530,0.570425352237877
403735,403529,0.307087367206087
403762,403526,0.507536473281087
403775,403523,0.391807807807808
403776,403522,0.451221904756335
403804,403776,0.370062796360375
403777,403776,0.464187327823691
403796,403777,0.458863769727292
403803,403796,0.455905511811024
403797,403796,0.454898931273266
403800,403797,0.402739726027397
403801,403800,0.451590594744122
403802,403800,0.449120169197326
403798,403797,0.457698943923843
403799,403798,0.435198135198135
403778,403777,0.252183586696954
403779,403778,0.252183586696954
403795,403779,0.489501312335958
403780,403779,0.36420618556701
403794,403780,0.265656565656566
403781,403780,0.500004936476523
403792,403781,0.370163331032897
403793,403792,0.370163331032897
403782,403781,0.349959800133401
403791,403782,0.263636363636364
403783,403782,0.25037037037037
403784,403783,0.30480598479274
403785,403784,0.329190505173463
403786,403785,0.501199040767386
403787,403786,0.266789280084078
403788,403785,0.322457350454538
403789,403784,0.345558772437753
403790,403783,0.313890416754813
403806,403520,0.464197530864198
403520,403519,0.453002730206006
403807,403519,0.453002730206006
403815,403807,0.47710843373494
403808,403807,0.361385240405475
403814,403808,0.309305565941325
403809,403808,0.431514883583849
403813,403809,0.525773195876289
403810,403809,0.425083936635891
403812,403810,0.546968155515807
403811,403810,0.414122766834632
403816,403518,0.388708961424733
403817,403517,0.433511765361883
403821,403514,0.473696707138962
403823,403512,0.677897435897435
403834,403823,0.553086419753086
403824,403823,0.497540314349868
403833,403824,0.489655172413793
403825,403824,0.423196881091618
403826,403825,0.447044231131188
403827,403826,0.488888888888889
403832,403827,0.328710649566586
403828,403827,0.535207345525702
403829,403828,0.289705346228904
403831,403829,0.256533063675921
403830,403829,0.290196078431373
503507,500029,0.561922000769119
503838,503507,0.815925925925926
503839,503838,0.811655011655011
503840,503839,0.811655011655011
503868,503840,0.869909806685359
503841,503840,0.871360874614595
503842,503841,0.888372093023256
503843,503842,0.899952465834819
503844,503843,0.900527924423451
503855,503844,0.881505901505901
503856,503855,0.883561643835616
503857,503855,0.8837899543379
503845,503844,0.906748066748067
503846,503845,0.906748066748067
503854,503846,0.883333333333333
503847,503846,0.912666137909486
503853,503847,0.734207153946821
503848,503847,0.905777777777778
503849,503848,0.905777777777778
503850,503849,0.905777777777778
503851,503850,0.895028182036729
503852,503850,0.846312739052757
503858,503843,0.893567251461988
503865,503858,0.685245901639344
503859,503858,0.672765583032324
503860,503859,0.699137393318661
503863,503860,0.725890196582846
503861,503860,0.776742770167427
503862,503861,0.776742770167427
503864,503859,0.704311811437055
503866,503842,0.877235170797879
503867,503841,0.884003891320964
503869,503838,0.808974358974359
503880,503869,0.833520074696545
503870,503869,0.718840579710145
503871,503870,0.718840579710145
503872,503871,0.757081942899518
503878,503872,0.773232323232323
503873,503872,0.761290322580645
503874,503873,0.354696132596685
503875,503874,0.354696132596685
503876,503873,0.275442176870748
503877,503876,0.275442176870748
503879,503871,0.742197530864197
503508,503507,0.723703703703704
503509,503508,0.723703703703704
503836,503509,0.728070175438597
503837,503836,0.728070175438597
503510,503509,0.53729794501993
503835,503510,0.415686274509804
503511,503510,0.495238095238095
503512,503511,0.495238095238095
503513,503512,0.408231292517007
503822,503513,0.673405017921147
503514,503513,0.455855855855856
503515,503514,0.585413929818333
503819,503515,0.508484848484848
503820,503819,0.508484848484848
503516,503515,0.53715747879283
503818,503516,0.517107921318448
503517,503516,0.552251515770829
503518,503517,0.514841154475388
503519,503518,0.562685496925443
503521,503520,0.523076923076923
503805,503521,0.514414475055009
503522,503521,0.527398221407297
503523,503522,0.610724637681159
503524,503523,0.610724637681159
503771,503524,0.618530186432664
503772,503771,0.618530186432664
503773,503772,0.618530186432664
503525,503524,0.613169689463287
503763,503525,0.614037030560898
503770,503763,0.658269720101781
503764,503763,0.67323600973236
503767,503764,0.517194046337402
503769,503767,0.765625714939373
503768,503767,0.686946386946387
503765,503764,0.48270692287818
503766,503765,0.37520112004978
503526,503525,0.64750656167979
503527,503526,0.548965373383396
503737,503527,0.677937649880096
503738,503737,0.649885057471264
503739,503738,0.662292645105215
503751,503739,0.668191721132898
503740,503739,0.668191721132898
503749,503740,0.682695938643436
503750,503749,0.673415132924335
503741,503740,0.678627607702651
503742,503741,0.690435644791473
503743,503742,0.687108655616943
503744,503743,0.69061200237670906
503745,503744,0.69061200237670906
503746,503743,0.693153153153153
503747,503742,0.716387337057728
503748,503741,0.679856850715746
503752,503738,0.654648526077098
503761,503752,0.676396262259716
503753,503752,0.623647657732399
503754,503753,0.623647657732399
503760,503754,0.677201354866026
503755,503754,0.685697030579175
503756,503755,0.713562610229277
503757,503756,0.369189189189189
503758,503756,0.369115455422109
503759,503755,0.581158645706668
503528,503527,0.680091198339373
503736,503528,0.691264367816092
503529,503528,0.580585712238723
503530,503529,0.394506866416979
503531,503530,0.624607934356395
503733,503531,0.585903083700441
503532,503531,0.436996336996337
503730,503532,0.594011976047904
503731,503730,0.594011976047904
503533,503532,0.58487102495516
503727,503533,0.603291702309666
503729,503727,0.445126353790614
503728,503727,0.617429674111997
503534,503533,0.596470588235294
503535,503534,0.579176905995559
503536,503535,0.588108108108108
503537,503536,0.589090909090909
503708,503537,0.596299475733513
503538,503537,0.606030150753769
503539,503538,0.606030150753769
503704,503539,0.458433329972102
503707,503704,0.47660212932133
503705,503704,0.507981220657277
503706,503705,0.507981220657277
503540,503539,0.619372625120124
503541,503540,0.544085213032582
503697,503541,0.845421245421245
503698,503697,0.914859437751004
503700,503698,0.577074904500914
503699,503698,0.583118741058655
503701,503697,0.573021481160079
503542,503541,0.574509803921568
503543,503542,0.57847533632287
503658,503543,0.569606538278816
503662,503543,0.569606538278816
503659,503658,0.317224546722455
503660,503659,0.320096021947874
503661,503659,0.315283540802213
503544,503543,0.400801070685269
503545,503544,0.333259722733407
503546,503545,0.430370798791851
503547,503546,0.257090822007082
503548,503547,0.258085158918504
503549,503548,0.260409145607702
503550,503549,0.264100661714789
503551,503550,0.262923976608187
503622,503551,0.268569780853518
503552,503551,0.264517205217357
503553,503552,0.2500549906347
503612,503553,0.265678637213848
503616,503612,0.27680690399137
503613,503612,0.279132283721301
503615,503613,0.274707135250266
503614,503613,0.281457663451233
503554,503553,0.252349726775956
503555,503554,0.260557341907824
503602,503555,0.262791937197826
503610,503602,0.273354774514942
503603,503602,0.273297769310153
503609,503603,0.282227985214517
503604,503603,0.287260825780463
503608,503604,0.289675516224189
503605,503604,0.294950327004448
503607,503605,0.30432645034415
503606,503605,0.300197823936696
503556,503555,0.267454638299016
503557,503556,0.284149559418909
503558,503557,0.295035460992908
503559,503558,0.303503503503503
503560,503559,0.278134110787172
503561,503560,0.297251344465698
503586,503561,0.261408450704225
503594,503586,0.279614325068871
503587,503586,0.270844939647168
503588,503587,0.25821854912764
503592,503588,0.26321969649841
503589,503588,0.268654019873532
503590,503589,0.268654019873532
503593,503587,0.253831948291782
503562,503561,0.30514012177641
503583,503562,0.301903435468895
503584,503583,0.305831037649219
503585,503583,0.306278855032318
503563,503562,0.310306406685237
503564,503563,0.283196347031964
503565,503564,0.292877717636116
503566,503565,0.298570151921358
503567,503566,0.296190476190476
503568,503567,0.308117853715548
503569,503568,0.300828963514355
503570,503569,0.296903015484923
503571,503569,0.304577675318416
503572,503567,0.305802945596107
503573,503566,0.283141606924702
503574,503565,0.295694076102797
503580,503574,0.283122362869198
503575,503574,0.308963399576985
503579,503575,0.286783042394015
503576,503575,0.312768171478234
503578,503576,0.298628428927681
503577,503576,0.305195344970906
503581,503564,0.294788858939802
503582,503563,0.279392102277063
503595,503560,0.291891906600598
503596,503559,0.272140762463343
503597,503558,0.299295065458207
503598,503557,0.29072375127421
503599,503598,0.268126888217523
503600,503598,0.295035460992908
503601,503556,0.27595625391307
503611,503554,0.259391965255157
503617,503552,0.255331088664422
503621,503617,0.273005464480874
503618,503617,0.267058086125285
503620,503618,0.276981541802389
503619,503618,0.258034744842562
503623,503550,0.264999552276844
503624,503623,0.27137049941928
503625,503623,0.272202998846597
503626,503549,0.262870699881376
503627,503626,0.262870699881376
503628,503548,0.269857697857698
503629,503547,0.268918336023509
503630,503629,0.273443223443223
503631,503630,0.282621303285563
503632,503629,0.276068376068376
503633,503546,0.26377358490566
503634,503633,0.26377358490566
503638,503635,0.367065328924866
503635,503545,0.581494205876628
503636,503635,0.581494205876628
503637,503636,0.303802412751829
503639,503544,0.423451963619327
503640,503639,0.501899868247695
503652,503640,0.376945668135095
503641,503640,0.408470381565011
503642,503641,0.479398163296468
503650,503642,0.505341454917541
503643,503642,0.495756186148188
503649,503643,0.444958481613286
503644,503643,0.452650176678445
503648,503644,0.456491228070176
503645,503644,0.530857457954232
503647,503645,0.425374855824683
503646,503645,0.463559101004544
503651,503641,0.556360153256705
503653,503639,0.42324037184595
503654,503653,0.432287581699346
503655,503654,0.401901140684411
503656,503654,0.427529849072162
503657,503653,0.454567334368894
503663,503542,0.619888520343892
503664,503663,0.597948717948718
503665,503664,0.609089629795718
503693,503665,0.581305429153172
503694,503693,0.322278056951424
503695,503693,0.594638001185876
503666,503665,0.590046980118014
503667,503666,0.370166887710961
503691,503667,0.398823529411765
503668,503667,0.372503242542153
503690,503668,0.476805688065059
503669,503668,0.298392282958199
503689,503669,0.37032967032967
503670,503669,0.360922396204924
503671,503670,0.358813459006087
503672,503671,0.641207349081365
503673,503672,0.372097789489094
503674,503673,0.38271186440678
503675,503674,0.344697128351579
503679,503675,0.305847979570377
503676,503675,0.29621224804866497
503677,503676,0.365482770711239
503678,503676,0.363620773637482
503680,503674,0.395910183158008
503681,503673,0.512634159677576
503682,503672,0.637035658453063
503683,503671,0.372370159210903
503687,503683,0.390530162424004
503684,503683,0.356119162640902
503686,503684,0.398586146322936
503685,503684,0.407084295672059
503688,503670,0.504429286441954
503692,503666,0.595986404758335
503696,503664,0.601659152925191
503702,503540,0.619193133856782
503703,503702,0.619193133856782
503947,503538,0.60403030380328
503709,503535,0.576653600419766
503710,503534,0.578799816765919
503724,503710,0.611853832442067
503725,503724,0.611853832442067
503711,503710,0.484339455754108
503712,503711,0.434223620606584
503713,503712,0.342276422764228
503718,503712,0.342276422764228
503717,503713,0.342750373692078
503714,503713,0.351917018250956
503716,503714,0.405598550261166
503715,503714,0.383261132576201
503719,503711,0.420079983542553
503720,503719,0.33349593495935
503721,503720,0.352582159624413
503722,503720,0.448906352203165
503723,503719,0.340597976189872
503734,503530,0.667318547491
503735,503529,0.412347772831131
503762,503526,0.646706163483123
503775,503523,0.537146133146133
503776,503522,0.606709223084094
503804,503776,0.484644794737067
503777,503776,0.623415977961433
503796,503777,0.61648908242997
503803,503796,0.625984251968504
503797,503796,0.608331294910169
503800,503797,0.513698630136986
503801,503800,0.593775933609959
503802,503800,0.59916457512122
503798,503797,0.575579354454857
503799,503798,0.553379953379953
503778,503777,0.378469334265246
503779,503778,0.378469334265246
503795,503779,0.641207349081365
503780,503779,0.504846735395189
503794,503780,0.394276094276094
503781,503780,0.646641984284054
503792,503781,0.402887048539223
503793,503792,0.402887048539223
503782,503781,0.447722216669847
503791,503782,0.383916083916084
503783,503782,0.376543209876543
503784,503783,0.382574441991661
503785,503784,0.43876242645567
503786,503785,0.666666666666667
503787,503786,0.391152566123665
503788,503785,0.433129084283427
503789,503784,0.45245705462266
503790,503783,0.425961497778718
503806,503520,0.563786008230453
503520,503519,0.554671961611649
503807,503519,0.554671961611649
503815,503807,0.57429718875502
503808,503807,0.43631259942939
503814,503808,0.331499538871856
503809,503808,0.461208370173887
503813,503809,0.631958762886598
503810,503809,0.469698628022454
503812,503810,0.640091367993114
503811,503810,0.52331297399094
503816,503518,0.553044669140629
503817,503517,0.528101929296309
503821,503514,0.542209768154305
503823,503512,0.690769230769231
503834,503823,0.617283950617284
503824,503823,0.591324760155134
503833,503824,0.622413793103448
503825,503824,0.603508771929825
503826,503825,0.608459627329192
503827,503826,0.628205128205128
503832,503827,0.456579290936694
503828,503827,0.646282080228795
503829,503828,0.329270942791991
503831,503829,0.388947110375682
503830,503829,0.42875816993464
603507,600029,0.776571057272812
603838,603507,0.675185185185186
603839,603838,0.681468531468531
603840,603839,0.681468531468531
603868,603840,0.708292995202333
603841,603840,0.697032064801351
603842,603841,0.705426356589147
603843,603842,0.730389540988875
603844,603843,0.696313790867834
603855,603844,0.681998371998372
603856,603855,0.696967650652775
603857,603855,0.698630136986301
603845,603844,0.71555555555555606
603846,603845,0.71555555555555606
603854,603846,0.695305164319249
603847,603846,0.733607325690389
603853,603847,0.737102893239527
603848,603847,0.757333333333333
603849,603848,0.757333333333333
603850,603849,0.757333333333333
603851,603850,0.77251781559039
603852,603850,0.787294780726753
603858,603843,0.67719298245614
603865,603858,0.69344262295082
603859,603858,0.68967305733074
603860,603859,0.706386345246393
603863,603860,0.730458693306465
603861,603860,0.716727549467276
603862,603861,0.716727549467276
603864,603859,0.711569669304906
603866,603842,0.707972623011469
603867,603841,0.712191647557501
603869,603838,0.678205128205128
603880,603869,0.706255835667601
603870,603869,0.685507246376812
603871,603870,0.685507246376812
603872,603871,0.675528364849833
603878,603872,0.691919191919192
603873,603872,0.676344086021505
603874,603873,0.571178637200737
603875,603874,0.571178637200737
603876,603873,0.421904761904762
603877,603876,0.421904761904762
603879,603871,0.705761316872428
603508,603507,0.807407407407408
603509,603508,0.807407407407408
603836,603509,0.713157894736842
603837,603836,0.713157894736842
603510,603509,0.727218295325553
603835,603510,0.495098039215686
603511,603510,0.665873015873016
603512,603511,0.665873015873016
603513,603512,0.710068027210884
603822,603513,0.71573476702509
603514,603513,0.64954954954955
603515,603514,0.807951358068524
603819,603515,0.726060606060606
603820,603819,0.726060606060606
603516,603515,0.753111722584641
603818,603516,0.730866560340244
603517,603516,0.79109725912301
603518,603517,0.773380453821115
603519,603518,0.780872517814254
603521,603520,0.761025641025641
603805,603521,0.77380162259778
603522,603521,0.768188211673679
603523,603522,0.822608695652174
603524,603523,0.822608695652174
603771,603524,0.830438497426946
603772,603771,0.830438497426946
603773,603772,0.830438497426946
603525,603524,0.820285479178717
603763,603525,0.808049840363182
603770,603763,0.844274809160305
603764,603763,0.851094890510949
603767,603764,0.715059966470695
603769,603767,0.814935560131168
603768,603767,0.857342657342657
603765,603764,0.681439555070659
603766,603765,0.667096315391795
603526,603525,0.839370078740157
603527,603526,0.783476567932137
603737,603527,0.853237410071943
603738,603737,0.859310344827586
603739,603738,0.86429619094182
603751,603739,0.866666666666667
603740,603739,0.866666666666667
603749,603740,0.872495019336692
603750,603749,0.874846625766871
603741,603740,0.870860207428774
603742,603741,0.875605131065254
603743,603742,0.887292817679558
603744,603743,0.889716840536513
603745,603744,0.889716840536513
603746,603743,0.88972972972973
603747,603742,0.886033519553073
603748,603741,0.874846625766871
603752,603738,0.861224489795918
603761,603752,0.869963566975014
603753,603752,0.839639723630492
603754,603753,0.839639723630492
603760,603754,0.877103973870441
603755,603754,0.877774190076418
603756,603755,0.799047619047619
603757,603756,0.581621621621622
603758,603756,0.581572718506181
603759,603755,0.769462006598034
603528,603527,0.854218773926803
603736,603528,0.859310344827586
603529,603528,0.802592448440776
603530,603529,0.705118601747815
603531,603530,0.810891068833754
603733,603531,0.824229074889868
603532,603531,0.72979242979243
603730,603532,0.812974051896207
603731,603730,0.812974051896207
603533,603532,0.807653675071943
603727,603533,0.817248930710008
603729,603727,0.733694344163658
603728,603727,0.812283900872475
603534,603533,0.817254901960784
603535,603534,0.815863804589193
603536,603535,0.817297297297297
603537,603536,0.810707070707071
603708,603537,0.820028921523541
603538,603537,0.830150753768844
603539,603538,0.830150753768844
603704,603539,0.721414406238446
603707,603704,0.708291199079213
603705,603704,0.769483568075117
603706,603705,0.769483568075117
603540,603539,0.835902993993115
603541,603540,0.738070175438596
603697,603541,0.76959706959707
603698,603697,0.780722891566265
603700,603698,0.821871449925262
603699,603698,0.827753934191702
603701,603697,0.818632616376371
603542,603541,0.81945701357466
603543,603542,0.821076233183857
603658,603543,0.709664325754236
603662,603543,0.709664325754236
603659,603658,0.485843793584379
603660,603659,0.486145404663923
603661,603659,0.481051175656985
603544,603543,0.70537183159822
603545,603544,0.573813029076186
603546,603545,0.6266219160956
603547,603546,0.435499807630399
603548,603547,0.438638847355016
603549,603548,0.444404332129964
603550,603549,0.448486091801058
603551,603550,0.450643274853801
603622,603551,0.456574394463668
603552,603551,0.454595851403348
603553,603552,0.457044807044807
603612,603553,0.468427569570227
603616,603612,0.476483279395901
603613,603612,0.478166612902666
603615,603613,0.479073482428115
603614,603613,0.479849946409432
603554,603553,0.461857923497268
603555,603554,0.470042872454448
603602,603555,0.470553803014371
603610,603602,0.478143232735563
603603,603602,0.484048582995952
603609,603603,0.49085873749157
603604,603603,0.49496475327291
603608,603604,0.497787610619469
603605,603604,0.500236874901386
603607,603605,0.506882989183874
603606,603605,0.503956478733927
603556,603555,0.474125605130635
603557,603556,0.485694689211717
603558,603557,0.493515704154002
603559,603558,0.4995995995996
603560,603559,0.483965014577259
603561,603560,0.497158171221754
603586,603561,0.470234741784038
603594,603586,0.483195592286501
603587,603586,0.477437325905292
603588,603587,0.451239669421488
603592,603588,0.456229330745399
603589,603588,0.460162601626016
603590,603589,0.460162601626016
603593,603587,0.447691597414589
603562,603561,0.502802873888209
603583,603562,0.500232126276694
603584,603583,0.506152433425161
603585,603583,0.503416435826408
603563,603562,0.506499535747447
603564,603563,0.489497716894977
603565,603564,0.496482808493853
603566,603565,0.500536193029491
603567,603566,0.503722943722944
603568,603567,0.512133292840143
603569,603568,0.512580286960127
603570,603569,0.516422167889161
603571,603569,0.516213587324699
603572,603567,0.510500982181927
603573,603566,0.494668326144079
603574,603565,0.497890998171741
603580,603574,0.471012658227848
603575,603574,0.483922225443146
603579,603575,0.478345802161264
603576,603575,0.489109002565187
603578,603576,0.479467996674979
603577,603576,0.486159600997506
603581,603564,0.497843665768194
603582,603563,0.488902426717273
603595,603560,0.493323301505409
603596,603559,0.48010752688172
603597,603558,0.496576032225579
603598,603557,0.490417940876656
603599,603598,0.474471299093656
603600,603598,0.493515704154002
603601,603556,0.479808179550365
603611,603554,0.466558089033659
603617,603552,0.460044893378227
603621,603617,0.474207650273224
603618,603617,0.470127742950957
603620,603618,0.477633007600434
603619,603618,0.465580890336591
603623,603550,0.451485338788668
603624,603623,0.457607433217189
603625,603623,0.454152249134948
603626,603549,0.445551601423488
603627,603626,0.445551601423488
603628,603548,0.44762407962408
603629,603547,0.444382867620498
603630,603629,0.44981684981685
603631,603630,0.456447215840718
603632,603629,0.44981684981685
603633,603546,0.438238993710692
603634,603633,0.438238993710692
603638,603635,0.608091437692395
603635,603545,0.663228745225798
603636,603635,0.663228745225798
603637,603636,0.450250138966092
603639,603544,0.717467407634772
603640,603639,0.720416337285902
603652,603640,0.694126284875183
603641,603640,0.709511741455475
603642,603641,0.729909691774098
603650,603642,0.772536550806977
603643,603642,0.761458688339252
603649,603643,0.737485172004745
603644,603643,0.739340400471143
603648,603644,0.741169590643275
603645,603644,0.780971724412585
603647,603645,0.726643598615917
603646,603645,0.749624829915801
603651,603641,0.788339719029374
603653,603639,0.71726427622842
603654,603653,0.721699346405229
603655,603654,0.709125475285171
603656,603654,0.699613888781788
603657,603653,0.735335863897168
603663,603542,0.842421861173056
603664,603663,0.826666666666667
603665,603664,0.83001891146941
603693,603665,0.81365965645882
603694,603693,0.49036850921273
603695,603693,0.823774765380605
603666,603665,0.825201262825572
603667,603666,0.65412596803796
603691,603667,0.686013071895425
603668,603667,0.647470817120623
603690,603668,0.706593067102812
603669,603668,0.467792068595927
603689,603669,0.654822954822955
603670,603669,0.62944878775362
603671,603670,0.639704298903098
603672,603671,0.839370078740157
603673,603672,0.593244034548382
603674,603673,0.664745762711864
603675,603674,0.568282722513089
603679,603675,0.47256855774206
603676,603675,0.465135447792723
603677,603676,0.52633175243028
603678,603676,0.522077611436724
603680,603674,0.676793933892242
603681,603673,0.752158901500119
603682,603672,0.837829722821906
603683,603671,0.656900532459174
603687,603683,0.620873756184065
603684,603683,0.519484702093398
603686,603684,0.661654085362958
603685,603684,0.666705677790492
603688,603670,0.6779244363733
603692,603666,0.823345995568218
603696,603664,0.830917023422502
603702,603540,0.835825611280093
603703,603702,0.835825611280093
603947,603538,0.829288574853965
603709,603535,0.812216426432915
603710,603534,0.813168422659948
603724,603710,0.811225985343632
603725,603724,0.811225985343632
603711,603710,0.729134016059262
603712,603711,0.604933742731251
603713,603712,0.51
603718,603712,0.51
603717,603713,0.520328849028401
603714,603713,0.511308050690991
603716,603714,0.615138044984543
603715,603714,0.592641376887952
603719,603711,0.598404495867422
603720,603719,0.50520325203252
603721,603720,0.510015649452269
603722,603720,0.662478910081379
603723,603719,0.499551596784951
603734,603530,0.863993955286902
603735,603529,0.7133769109368
603762,603526,0.842266943696951
603775,603523,0.784562692562693
603776,603522,0.823774236507451
603804,603776,0.756737437168041
603777,603776,0.831404958677686
603796,603777,0.841448160844992
603803,603796,0.839370078740157
603797,603796,0.815143008356794
603800,603797,0.763470319634703
603801,603800,0.834439834024896
603802,603800,0.82548850703301
603798,603797,0.814573850959393
603799,603798,0.725874125874126
603778,603777,0.66244160987826906
603779,603778,0.66244160987826906
603795,603779,0.839370078740157
603780,603779,0.748468728522337
603794,603780,0.669248035914703
603781,603780,0.84290641786825
603792,603781,0.595870715435933
603793,603792,0.595870715435933
603782,603781,0.675461040501372
603791,603782,0.644055944055944
603783,603782,0.653333333333333
603784,603783,0.59375324993868
603785,603784,0.675743558531142
603786,603785,0.853237410071943
603787,603786,0.659003328078473
603788,603785,0.672488880704045
603789,603784,0.68365566492955
603790,603783,0.668347789295536
603806,603520,0.786831275720165
603520,603519,0.782377430297013
603807,603519,0.782377430297013
603815,603807,0.791967871485944
603808,603807,0.630582837008112
603814,603808,0.49276377776116
603809,603808,0.645723548482169
603813,603809,0.821993127147766
603810,603809,0.662129563308595
603812,603810,0.837034378164714
603811,603810,0.755725047080979
603816,603518,0.791376989698792
603817,603517,0.788832385413182
603821,603514,0.756853162566004
603823,603512,0.781846153846154
603834,603823,0.74320987654321
603824,603823,0.769932639314145
603833,603824,0.760919540229885
603825,603824,0.817348927875244
603826,603825,0.831908149821193
603827,603826,0.788034188034188
603832,603827,0.720112137163771
603828,603827,0.820057198765711
603829,603828,0.507378139006241
603831,603829,0.638895017466447
603830,603829,0.660130718954248
