WP4,campaign,co2,pu
3507,1,14317.956136933333,103507
3508,1,34395.921836533336,103508
3509,1,33397.1279224,103509
3510,1,38731.673236,103510
3511,1,43542.130719466666,103511
3512,1,42577.01840293333,103512
3513,1,45690.7120924,103513
3514,1,30029.3875632,103514
3515,1,10127.071773146667,103515
3516,1,52075.72396533333,103516
3517,1,47026.9263204,103517
3518,1,37687.12922053333,103518
3519,1,19975.7667664,103519
3520,1,515.5497864106667,103520
3521,1,44992.76042186667,103521
3522,1,37024.229912266666,103522
3523,1,1266.5495445066667,103523
3524,1,14237.260412266667,103524
3525,1,29802.309158533335,103525
3526,1,11246.73153888,103526
3527,1,51005.95133413334,103527
3528,1,9339.3502386,103528
3529,1,14725.611441066667,103529
3530,1,5144.68477312,103530
3531,1,2305.090214773333,103531
3532,1,45202.86040386667,103532
3533,1,7590.615981946667,103533
3534,1,27797.977498266668,103534
3535,1,10270.561532586667,103535
3536,1,21124.3268244,103536
3537,1,21891.716848666667,103537
3538,1,22218.3239716,103538
3539,1,22854.82775,103539
3540,1,4609.956249413333,103540
3541,1,32160.970888,103541
3542,1,9172.786816013333,103542
3543,1,9888.539332226666,103543
3544,1,20138.212858933333,103544
3545,1,1507.447939088,103545
3546,1,18681.589830666668,103546
3547,1,837.2049809534667,103547
3548,1,1657.8143765213333,103548
3549,1,2045.4856684973333,103549
3550,1,3569.79572092,103550
3551,1,4683.768980948,103551
3552,1,6344.343041653333,103552
3553,1,1109.1700025333334,103553
3554,1,4231.636944696,103554
3555,1,2703.5369501626665,103555
3556,1,2698.3938287733336,103556
3557,1,818.4407039690667,103557
3558,1,3103.368044184,103558
3559,1,6169.220299261333,103559
3560,1,2891.485990088,103560
3561,1,4594.56433468,103561
3562,1,7793.37369232,103562
3563,1,2076.3724967733333,103563
3564,1,4861.178197586667,103564
3565,1,13730.713228933333,103565
3566,1,5539.2532358,103566
3567,1,12548.362714160001,103567
3568,1,8990.270093853333,103568
3569,1,6658.6225901866665,103569
3570,1,294.5031543306667,103570
3571,1,781.0296434933333,103571
3572,1,1147.1289146986667,103572
3573,1,1146.5515651618666,103573
3574,1,7231.4888333,103574
3575,1,1477.3985160933332,103575
3576,1,2090.0865446666667,103576
3577,1,2170.7553233466665,103577
3578,1,2410.5390445733333,103578
3579,1,2331.132611728,103579
3580,1,894.914260636,103580
3581,1,1983.50069068,103581
3582,1,3345.916183736,103582
3583,1,4653.925162458667,103583
3584,1,3512.0708102266667,103584
3585,1,2157.5139279466666,103585
3586,1,1713.7651263080002,103586
3587,1,1748.7574903733334,103587
3588,1,654.7017468013333,103588
3589,1,4115.94507504,103589
3590,1,675.2961907826667,103590
3592,1,1002.597372016,103592
3593,1,945.20170462,103593
3594,1,2105.9563113333334,103594
3595,1,4100.005064226667,103595
3596,1,795.4582458168,103596
3597,1,1714.8136977066667,103597
3598,1,2367.6066740533333,103598
3599,1,2124.1319931066664,103599
3600,1,2923.7625877066666,103600
3601,1,2633.6736667733335,103601
3602,1,4007.623085418667,103602
3603,1,1459.94421576,103603
3604,1,1769.8196405466667,103604
3605,1,1936.7792196133332,103605
3606,1,2541.0027364266666,103606
3607,1,825.30520422,103607
3608,1,1318.5033952226668,103608
3609,1,939.033415296,103609
3610,1,1407.993326384,103610
3611,1,4054.738140653333,103611
3612,1,1987.1930246,103612
3613,1,1187.8280369866666,103613
3614,1,3641.15858272,103614
3615,1,626.93644022,103615
3616,1,3455.66613612,103616
3617,1,2942.1072779466667,103617
3618,1,2475.2139436266666,103618
3619,1,1303.1233448466667,103619
3620,1,1298.0344076266667,103620
3621,1,1701.238427,103621
3622,1,1856.9854855666667,103622
3623,1,8158.317704721067,103623
3624,1,3654.7527551466665,103624
3625,1,1175.4693730253334,103625
3626,1,2399.700421232,103626
3627,1,2017.5811490746667,103627
3628,1,840.5072474213333,103628
3629,1,4338.805241293333,103629
3630,1,3826.5029754133334,103630
3631,1,3333.8590233466666,103631
3632,1,3009.942613973333,103632
3633,1,3321.0933695466665,103633
3634,1,2739.246573746667,103634
3635,1,729.9864117813333,103635
3636,1,5476.812579053333,103636
3637,1,3408.2495972,103637
3638,1,3365.6032517466665,103638
3639,1,5183.31840664,103639
3640,1,717.4006914533334,103640
3641,1,7300.384340541334,103641
3642,1,6936.180722453333,103642
3643,1,4199.336275893334,103643
3644,1,422.26480326666666,103644
3645,1,2847.3852272,103645
3646,1,2858.2595780266665,103646
3647,1,1157.3341183693333,103647
3648,1,759.6393237213333,103648
3649,1,1755.0911847066666,103649
3650,1,6254.986510146667,103650
3651,1,4779.56668896,103651
3652,1,1040.1680779584,103652
3653,1,7717.482231426667,103653
3654,1,6598.504698266666,103654
3655,1,6454.685057306667,103655
3656,1,1844.1647415066666,103656
3657,1,3195.4985321733334,103657
3658,1,5907.166707188,103658
3659,1,3542.171639816,103659
3660,1,1975.7481245866666,103660
3661,1,1079.6569527869333,103661
3662,1,216.7096729532,103662
3663,1,18586.187133866668,103663
3664,1,18258.0451164,103664
3665,1,10382.842011253333,103665
3666,1,5026.10667212,103666
3667,1,3495.65030516,103667
3668,1,768.90729394,103668
3669,1,2998.071187464,103669
3670,1,5475.480967653333,103670
3671,1,2280.490797736,103671
3672,1,5369.710769493333,103672
3673,1,436.2109475224,103673
3674,1,8486.965230813334,103674
3675,1,2440.8526689186665,103675
3676,1,963.1200972535734,103676
3677,1,5407.359683066667,103677
3678,1,2845.4717336133335,103678
3679,1,1248.72597728,103679
3680,1,555.1804186986667,103680
3681,1,1762.9862727866666,103681
3682,1,1882.90158196,103682
3683,1,936.9734136,103683
3684,1,619.4731161066667,103684
3685,1,5804.571340813333,103685
3686,1,2080.8369769333335,103686
3687,1,3895.548801106667,103687
3688,1,1162.9111712866666,103688
3689,1,1301.3744703466666,103689
3690,1,504.81971523066665,103690
3691,1,810.9581610133333,103691
3692,1,1819.6714096933333,103692
3693,1,6149.646588813333,103693
3694,1,2797.4363244666665,103694
3695,1,673.3754820826666,103695
3696,1,2169.6920090133335,103696
3697,1,2706.9027490666667,103697
3698,1,3869.7338658266667,103698
3699,1,4148.815779786667,103699
3700,1,2297.3699022533333,103700
3701,1,1036.7257010493333,103701
3702,1,2807.05841272,103702
3703,1,2855.467965226667,103703
3704,1,1044.2857663666666,103704
3705,1,4419.065357973333,103705
3706,1,3963.6383956,103706
3707,1,2229.787865853333,103707
3708,1,562.3455735093333,103708
3709,1,5051.404902373333,103709
3710,1,7532.64504696,103710
3711,1,6591.085644893334,103711
3712,1,7724.4329742,103712
3713,1,261.93848298666666,103713
3714,1,11870.294279746668,103714
3715,1,3182.55605952,103715
3716,1,3482.0030328933335,103716
3717,1,3548.537311466667,103717
3718,1,602.0348259906666,103718
3719,1,3741.75735604,103719
3720,1,582.3150426333333,103720
3721,1,2143.0030621866667,103721
3722,1,2061.29748,103722
3723,1,933.9479303293333,103723
3724,1,546.6157107506666,103724
3725,1,1137.8923982133333,103725
3727,1,1438.9509248533334,103727
3728,1,1002.2783237546666,103728
3729,1,902.4224824453333,103729
3730,1,2309.3226496533334,103730
3731,1,3620.64399936,103731
3733,1,1383.4126206133333,103733
3734,1,2873.22735396,103734
3735,1,1103.0428300653334,103735
3736,1,5380.53997788,103736
3737,1,23257.5139752,103737
3738,1,20751.35099626667,103738
3739,1,19365.401774,103739
3740,1,6122.435221306667,103740
3741,1,3962.4260122933333,103741
3742,1,8550.8542328,103742
3743,1,1985.19875296,103743
3744,1,8110.028812093334,103744
3745,1,5126.42980572,103745
3746,1,1568.6905375066667,103746
3747,1,5288.30740112,103747
3748,1,2135.27550836,103748
3749,1,5371.830320786667,103749
3750,1,4698.149538266666,103750
3751,1,2304.58822184,103751
3752,1,4055.244097253333,103752
3753,1,8627.585815386667,103753
3754,1,8552.763788786666,103754
3755,1,2920.065250466667,103755
3756,1,8161.5840760266665,103756
3757,1,5737.32112292,103757
3758,1,1200.643267136,103758
3759,1,1389.38882224,103759
3760,1,1984.4380684133332,103760
3761,1,1449.0512379733334,103761
3762,1,2095.5248864,103762
3763,1,8263.583255253334,103763
3764,1,21601.568736933332,103764
3765,1,4149.3789131466665,103765
3766,1,3628.61561708,103766
3767,1,2111.137029666667,103767
3768,1,3240.8558469866666,103768
3769,1,904.60682274,103769
3770,1,1879.48613576,103770
3771,1,1735.0646468533334,103771
3772,1,5899.107958573333,103772
3773,1,5338.962008253333,103773
3775,1,3257.57907148,103775
3776,1,30057.268452666667,103776
3777,1,49501.62201573333,103777
3778,1,25019.376305866666,103778
3779,1,32374.3693484,103779
3780,1,1684.5358689466666,103780
3781,1,3248.91590476,103781
3782,1,7034.106533293333,103782
3783,1,18318.329359066665,103783
3784,1,12533.6313684,103784
3785,1,2967.0141245866666,103785
3786,1,6410.6275775466665,103786
3787,1,2790.904338773333,103787
3788,1,1103.3799649093332,103788
3789,1,3745.117994853333,103789
3790,1,2024.2359746,103790
3791,1,3512.5177149866668,103791
3792,1,6670.912895813333,103792
3793,1,3516.5044012,103793
3794,1,3528.9899482,103794
3795,1,2612.7962531333333,103795
3796,1,1065.930340852,103796
3797,1,5670.285741733333,103797
3798,1,10326.206441426666,103798
3799,1,4237.144678226667,103799
3800,1,2092.406001786667,103800
3801,1,3518.81488908,103801
3802,1,684.9717385493333,103802
3803,1,1766.86450588,103803
3804,1,742.4940853533333,103804
3805,1,1089.9138745893333,103805
3806,1,2919.36562472,103806
3807,1,10366.796674906667,103807
3808,1,15993.672796266666,103808
3809,1,5550.07441644,103809
3810,1,6384.355272973334,103810
3811,1,4236.57358664,103811
3812,1,429.3340600573333,103812
3813,1,726.27485348,103813
3814,1,1264.7794917466667,103814
3815,1,759.1061716693333,103815
3816,1,3974.1045418933336,103816
3817,1,938.0354308146667,103817
3818,1,1744.1268182133333,103818
3819,1,11624.73271916,103819
3820,1,6782.873712986667,103820
3821,1,1552.1234621733333,103821
3822,1,1983.452153384,103822
3823,1,31130.002893333334,103823
3824,1,28254.494388666666,103824
3825,1,16171.932241066666,103825
3826,1,14153.312497866667,103826
3827,1,13679.473333106667,103827
3828,1,9779.996925733332,103828
3829,1,7746.038291639999,103829
3830,1,4882.807786733333,103830
3831,1,1503.11846712,103831
3832,1,1225.0905370266667,103832
3833,1,2197.55087224,103833
3834,1,827.832865628,103834
3835,1,2206.12736552,103835
3836,1,5281.33249536,103836
3837,1,4065.9626766666665,103837
3838,1,7293.648015693333,103838
3839,1,8726.420107253332,103839
3840,1,8804.599501253333,103840
3841,1,7308.836847213333,103841
3842,1,14189.371141466667,103842
3843,1,11237.36762172,103843
3844,1,9684.920194453332,103844
3845,1,7283.3801362,103845
3846,1,8150.42663212,103846
3847,1,10907.030348066666,103847
3848,1,12332.849693586666,103848
3849,1,10065.742530106667,103849
3850,1,8066.809367533333,103850
3851,1,4622.857438546666,103851
3852,1,774.1636597426667,103852
3853,1,2231.94296148,103853
3854,1,2876.58239388,103854
3855,1,5526.033596213333,103855
3856,1,3512.4604309466667,103856
3857,1,2958.46319964,103857
3858,1,3478.443559306667,103858
3859,1,3634.88964752,103859
3860,1,3317.7722501333333,103860
3861,1,3663.3071271333333,103861
3862,1,3002.8276545466665,103862
3863,1,645.2525647773333,103863
3864,1,3219.59722852,103864
3865,1,1505.0712513226667,103865
3866,1,1974.31172936,103866
3867,1,987.942317948,103867
3868,1,3788.5704580399997,103868
3869,1,4791.141827506667,103869
3870,1,7734.96539264,103870
3871,1,7995.298206413334,103871
3872,1,4432.4044336,103872
3873,1,3216.14487556,103873
3874,1,6245.0319966,103874
3875,1,4523.73132604,103875
3876,1,5136.261511173333,103876
3877,1,3749.8522417066665,103877
3878,1,1695.8043128266668,103878
3879,1,994.688885596,103879
3880,1,4164.7662170133335,103880
3947,1,95.17301129213334,103947
3507,2,14214.354749571428,203507
3508,2,33895.60729642857,203508
3509,2,36290.21061642857,203509
3510,2,42941.57281628571,203510
3511,2,48132.00768071428,203511
3512,2,47229.398494,203512
3513,2,50281.260602285714,203513
3514,2,32733.463271714285,203514
3515,2,11072.44008642857,203515
3516,2,53690.93432785714,203516
3517,2,45675.25082314286,203517
3518,2,36322.196679,203518
3519,2,19873.801698714287,203519
3520,2,500.98742399,203520
3521,2,43131.056475714286,203521
3522,2,35932.43273157143,203522
3523,2,1293.1521796,203523
3524,2,14479.657963428572,203524
3525,2,29695.216028571427,203525
3526,2,11153.009355942857,203526
3527,2,51309.044844,203527
3528,2,9673.331938228572,203528
3529,2,14929.225337428572,203529
3530,2,5364.609240428572,203530
3531,2,2345.1345848,203531
3532,2,45756.73531928571,203532
3533,2,7820.718586185714,203533
3534,2,28926.218622,203534
3535,2,10765.884069414285,203535
3536,2,22260.391015428573,203536
3537,2,23025.289247428573,203537
3538,2,23539.49409614286,203538
3539,2,24221.324805857144,203539
3540,2,4742.818704457143,203540
3541,2,28850.06538642857,203541
3542,2,8967.429715957143,203542
3543,2,9453.63769172857,203543
3544,2,19287.451708,203544
3545,2,1220.6950012914285,203545
3546,2,17476.43418185714,203546
3547,2,741.4097316218572,203547
3548,2,1474.7765899185715,203548
3549,2,1807.88107569,203549
3550,2,2576.6619341814285,203550
3551,2,4004.081778347143,203551
3552,2,5448.360763975714,203552
3553,2,1076.7365804042856,203553
3554,2,3802.3995834257144,203554
3555,2,2125.067524377143,203555
3556,2,2541.3176476714284,203556
3557,2,786.6775461552143,203557
3558,2,2918.169547733,203558
3559,2,5803.8727675,203559
3560,2,2844.901845097143,203560
3561,2,4358.4257442571425,203561
3562,2,6884.933892528571,203562
3563,2,1821.5787272142857,203563
3564,2,4348.831451657143,203564
3565,2,12193.631067328572,203565
3566,2,4426.534482085714,203566
3567,2,9491.521167642857,203567
3568,2,6399.648825271429,203568
3569,2,5059.3572653,203569
3570,2,262.1160631844286,203570
3571,2,693.7244525214286,203571
3572,2,803.35940209,203572
3573,2,937.3341476714286,203573
3574,2,7181.04657178,203574
3575,2,1154.2907663671429,203575
3576,2,2018.5398933571428,203576
3577,2,2133.8891337,203577
3578,2,2361.0608824285714,203578
3579,2,2043.0311017185713,203579
3580,2,768.9981631014285,203580
3581,2,1378.8634519285715,203581
3582,2,2898.2450687214287,203582
3583,2,4985.096404625714,203583
3584,2,3455.9199698285715,203584
3585,2,1790.0367472857142,203585
3586,2,1627.57068512,203586
3587,2,1507.9378102,203587
3588,2,563.5206917114285,203588
3589,2,3574.4931601857143,203589
3590,2,586.7679286742857,203590
3592,2,832.1440027228572,203592
3593,2,854.0925584271429,203593
3594,2,1745.181366057143,203594
3595,2,3147.264992185714,203595
3596,2,654.2907819188572,203596
3597,2,1351.6106566442857,203597
3598,2,1999.4405686142857,203598
3599,2,1750.8808664,203599
3600,2,2123.221889314286,203600
3601,2,2194.9841290857144,203601
3602,2,4065.5916526857145,203602
3603,2,1424.0774732428572,203603
3604,2,1729.032938357143,203604
3605,2,1709.209459757143,203605
3606,2,2252.195066242857,203606
3607,2,702.2996632142857,203607
3608,2,1174.7790995157143,203608
3609,2,784.1425943128571,203609
3610,2,1288.7882185857143,203610
3611,2,3431.402263171429,203611
3612,2,1711.4989524142857,203612
3613,2,1040.4582464185714,203613
3614,2,3033.1173236857144,203614
3615,2,550.3734117985714,203615
3616,2,2930.1363586142857,203616
3617,2,2645.9133642428574,203617
3618,2,2180.98876446,203618
3619,2,1057.5178223342857,203619
3620,2,890.5030380385714,203620
3621,2,1432.0285518714286,203621
3622,2,1932.7245632,203622
3623,2,7075.0695317314285,203623
3624,2,3585.8161485428573,203624
3625,2,968.6711104871429,203625
3626,2,1972.5809913582143,203626
3627,2,1719.1371686642858,203627
3628,2,787.5417618814286,203628
3629,2,3705.311758257143,203629
3630,2,3359.0198136285717,203630
3631,2,2490.8545068142857,203631
3632,2,2261.531278914286,203632
3633,2,2743.4922281,203633
3634,2,2192.535750757143,203634
3635,2,702.7171639928572,203635
3636,2,5301.918933157142,203636
3637,2,2664.576656385714,203637
3638,2,3229.0563335,203638
3639,2,4688.5956059,203639
3640,2,734.4870476042857,203640
3641,2,6658.289877657143,203641
3642,2,6156.949266257143,203642
3643,2,3588.2670112428573,203643
3644,2,342.38597065285717,203644
3645,2,2268.5733549428573,203645
3646,2,2467.3386088914285,203646
3647,2,868.9242013014285,203647
3648,2,596.98716964,203648
3649,2,1582.07809767,203649
3650,2,5477.446404014286,203650
3651,2,4137.2928181,203651
3652,2,944.9462008547143,203652
3653,2,6933.5808850428575,203653
3654,2,5350.384722228571,203654
3655,2,5016.340522628571,203655
3656,2,1669.6647727657144,203656
3657,2,2933.7812098,203657
3658,2,6146.9723441,203658
3659,2,3254.382619557143,203659
3660,2,1955.2964150428572,203660
3661,2,1497.5213942982857,203661
3662,2,229.6177937842857,203662
3663,2,17233.060351714284,203663
3664,2,17495.559123142855,203664
3665,2,9737.292689357142,203665
3666,2,4686.380056385714,203666
3667,2,2897.1024382142855,203667
3668,2,632.3803355157143,203668
3669,2,2349.30800714,203669
3670,2,5103.250575085714,203670
3671,2,2118.048159937143,203671
3672,2,5005.123273957143,203672
3673,2,442.22959031285717,203673
3674,2,7473.329191471428,203674
3675,2,2150.0931670285713,203675
3676,2,1036.81443105,203676
3677,2,4566.121185414286,203677
3678,2,2356.8130781,203678
3679,2,1012.9540085814285,203679
3680,2,494.32119870428573,203680
3681,2,1432.202931057143,203681
3682,2,1556.369051257143,203682
3683,2,919.9706395871428,203683
3684,2,558.7240455148572,203684
3685,2,5115.817383728571,203685
3686,2,1988.7239219142857,203686
3687,2,3771.8473691,203687
3688,2,927.2594309185714,203688
3689,2,997.3014424471429,203689
3690,2,405.7150414,203690
3691,2,685.4947995557143,203691
3692,2,1405.216502157143,203692
3693,2,5208.759167242857,203693
3694,2,2409.6574087285712,203694
3695,2,554.4472601728571,203695
3696,2,1731.8201629571429,203696
3697,2,2611.274037385714,203697
3698,2,3391.5632544,203698
3699,2,3340.0170392714285,203699
3700,2,2055.2821194142857,203700
3701,2,868.6158803828571,203701
3702,2,2919.832951457143,203702
3703,2,2420.440474342857,203703
3704,2,826.2378443628571,203704
3705,2,3748.2306366142857,203705
3706,2,3016.8986328428573,203706
3707,2,1859.509609542857,203707
3708,2,550.2016926228571,203708
3709,2,5431.809760385714,203709
3710,2,8501.584022857143,203710
3711,2,7457.3719669,203711
3712,2,8594.695724528572,203712
3713,2,249.38881689142858,203713
3714,2,12013.041045,203714
3715,2,2662.7649412714286,203715
3716,2,3722.9916456857145,203716
3717,2,3752.6799980428573,203717
3718,2,599.8518087842857,203718
3719,2,3972.0945530285712,203719
3720,2,576.4339899042857,203720
3721,2,1925.7541882142857,203721
3722,2,1813.1734154857143,203722
3723,2,1008.47008205,203723
3724,2,546.61033413,203724
3725,2,1127.2640095357142,203725
3727,2,1413.7126202314287,203727
3728,2,977.4555442485714,203728
3729,2,866.97383848,203729
3730,2,2433.033986785714,203730
3731,2,3678.2568586,203731
3733,2,1413.6214113485714,203733
3734,2,3111.507113857143,203734
3735,2,1164.1980132,203735
3736,2,5578.600046385714,203736
3737,2,26313.537072857143,203737
3738,2,23667.697114714287,203738
3739,2,21798.327044999998,203739
3740,2,7081.527866257143,203740
3741,2,4389.2402560857145,203741
3742,2,9202.591754057143,203742
3743,2,1610.08717106,203743
3744,2,6551.597817471428,203744
3745,2,4301.508727528571,203745
3746,2,1460.6722080757143,203746
3747,2,4630.882330114286,203747
3748,2,2297.824460357143,203748
3749,2,5817.7779602,203749
3750,2,4835.669765714286,203750
3751,2,2408.3603232714286,203751
3752,2,4396.448182571428,203752
3753,2,9217.080633828571,203753
3754,2,8696.384867585713,203754
3755,2,2800.0359535,203755
3756,2,7244.6576842,203756
3757,2,5321.452325028571,203757
3758,2,851.7991282585714,203758
3759,2,1134.7066445642856,203759
3760,2,1876.0763712428572,203760
3761,2,1479.2964093142857,203761
3762,2,2060.139194157143,203762
3763,2,7577.589480042857,203763
3764,2,20310.33402065714,203764
3765,2,3770.9409262857143,203765
3766,2,3261.7841993285715,203766
3767,2,2112.1459577,203767
3768,2,3425.337590542857,203768
3769,2,895.50409671,203769
3770,2,1793.96041947,203770
3771,2,1623.7743196828571,203771
3772,2,5964.484075,203772
3773,2,5640.615349342857,203773
3775,2,3186.269228085714,203775
3776,2,31047.237522285715,203776
3777,2,48501.601001,203777
3778,2,26656.93115157143,203778
3779,2,31802.396925142857,203779
3780,2,1791.3038908714286,203780
3781,2,3476.8274246142855,203781
3782,2,7694.147725914286,203782
3783,2,20666.511892857143,203783
3784,2,14431.068378571428,203784
3785,2,2972.4888878285715,203785
3786,2,6279.137339142857,203786
3787,2,2288.0907644857143,203787
3788,2,1087.2021485442858,203788
3789,2,3767.3569767,203789
3790,2,2033.609304942857,203790
3791,2,3588.6846463285715,203791
3792,2,7051.789712042857,203792
3793,2,3623.8779671,203793
3794,2,3713.4813156714285,203794
3795,2,2654.5137557857142,203795
3796,2,1168.59598449,203796
3797,2,5760.324804428571,203797
3798,2,8934.1077588,203798
3799,2,4618.025747642857,203799
3800,2,1882.6968285428572,203800
3801,2,3175.690468242857,203801
3802,2,683.05194911,203802
3803,2,1713.622595657143,203803
3804,2,618.98445343,203804
3805,2,943.8943060157143,203805
3806,2,2932.8267570142857,203806
3807,2,9957.483468685714,203807
3808,2,16044.6324563,203808
3809,2,5516.657607771429,203809
3810,2,6557.1649195,203810
3811,2,4325.088848385714,203811
3812,2,412.32388155714284,203812
3813,2,725.6278517528572,203813
3814,2,1228.5960661557142,203814
3815,2,736.3197510228572,203815
3816,2,3624.6290050142857,203816
3817,2,806.95338175,203817
3818,2,1682.0257020428571,203818
3819,2,11723.827006028572,203819
3820,2,6710.541273142857,203820
3821,2,1528.1315408714286,203821
3822,2,2007.2090197714285,203822
3823,2,32482.187101571428,203823
3824,2,26791.783128857143,203824
3825,2,15815.949772442857,203825
3826,2,14267.702120557144,203826
3827,2,13741.439217257142,203827
3828,2,9879.878307728572,203828
3829,2,6683.8071266,203829
3830,2,5083.815815742857,203830
3831,2,1288.4164608714286,203831
3832,2,1192.6435890114285,203832
3833,2,1948.1324489285714,203833
3834,2,828.9567320542857,203834
3835,2,2406.433593814286,203835
3836,2,5277.549671457143,203836
3837,2,4068.8901859,203837
3838,2,7400.4253946,203838
3839,2,8791.197637157144,203839
3840,2,8880.723465728572,203840
3841,2,7589.655769028572,203841
3842,2,14639.247849142857,203842
3843,2,12676.037369714286,203843
3844,2,10539.336686271428,203844
3845,2,8031.879663928571,203845
3846,2,8856.640953557142,203846
3847,2,11954.862937857142,203847
3848,2,13065.199539,203848
3849,2,10322.2961623,203849
3850,2,8363.356022057143,203850
3851,2,4828.228655457143,203851
3852,2,777.8936248528571,203852
3853,2,2196.3168888571427,203853
3854,2,2937.6037710571427,203854
3855,2,6185.0525473,203855
3856,2,3539.4195132285713,203856
3857,2,2938.1396482714285,203857
3858,2,3814.351883814286,203858
3859,2,4136.527054371429,203859
3860,2,3743.518379385714,203860
3861,2,3722.9768217428573,203861
3862,2,3028.8977322571427,203862
3863,2,673.4926031542857,203863
3864,2,3218.8148633285714,203864
3865,2,1523.7495931,203865
3866,2,1943.8175238857143,203866
3867,2,1007.74301487,203867
3868,2,4092.961278685714,203868
3869,2,4614.582947628572,203869
3870,2,7724.1771801,203870
3871,2,8147.107859642857,203871
3872,2,4811.8635636,203872
3873,2,3623.0904374285715,203873
3874,2,6087.881766257143,203874
3875,2,4350.481729057143,203875
3876,2,5027.4637447000005,203876
3877,2,3704.1225550285712,203877
3878,2,1621.2786632714285,203878
3879,2,961.4739970371429,203879
3880,2,4231.782669685715,203880
3947,2,94.66067524757143,203947
3507,3,25852.55289851852,303507
3508,3,57727.27522111111,303508
3509,3,55117.20336407408,303509
3510,3,64050.27690444444,303510
3511,3,71922.6106588889,303511
3512,3,69589.44786888889,303512
3513,3,67189.33940407407,303513
3514,3,38376.44999111111,303514
3515,3,12727.725744074074,303515
3516,3,60609.83349518519,303516
3517,3,55939.61625407408,303517
3518,3,41561.398730740744,303518
3519,3,24655.328105925924,303519
3520,3,794.0154729703704,303520
3521,3,53437.030013703705,303521
3522,3,38605.73430592593,303522
3523,3,1475.354978851852,303523
3524,3,16636.690158148147,303524
3525,3,32387.104639259258,303525
3526,3,12517.177628148149,303526
3527,3,48906.80406333334,303527
3528,3,10238.937348814816,303528
3529,3,14501.154543333334,303529
3530,3,5698.992316851852,303530
3531,3,2372.100987962963,303531
3532,3,44910.20088074074,303532
3533,3,8548.784053592593,303533
3534,3,31396.16172888889,303534
3535,3,11122.907382222222,303535
3536,3,22868.715362962965,303536
3537,3,23491.824025185186,303537
3538,3,23945.981466296296,303538
3539,3,24544.03756925926,303539
3540,3,4310.0082616296295,303540
3541,3,29701.382714814816,303541
3542,3,9315.987612518518,303542
3543,3,9816.343204222223,303543
3544,3,19574.630235555556,303544
3545,3,1039.7522867962962,303545
3546,3,17612.331897777778,303546
3547,3,632.4575245851852,303547
3548,3,1168.0955921925927,303548
3549,3,1581.841757259259,303549
3550,3,2151.4995828444444,303550
3551,3,3574.006862185185,303551
3552,3,4967.873254148148,303552
3553,3,982.2535148296296,303553
3554,3,3523.8789063333334,303554
3555,3,2251.4662761185186,303555
3556,3,2487.5409804814813,303556
3557,3,824.6710455259259,303557
3558,3,3152.407126296296,303558
3559,3,6373.4073952222225,303559
3560,3,2989.7620591111113,303560
3561,3,4348.420460666666,303561
3562,3,6914.212924814815,303562
3563,3,1822.3949582222222,303563
3564,3,3893.855939111111,303564
3565,3,12222.103585185185,303565
3566,3,4166.231311814815,303566
3567,3,8976.376674148149,303567
3568,3,5757.362369074074,303568
3569,3,4273.003403111111,303569
3570,3,188.00768492592593,303570
3571,3,576.5251853185185,303571
3572,3,626.5026583703703,303572
3573,3,598.3459045629629,303573
3574,3,6086.327419259259,303574
3575,3,950.057431525926,303575
3576,3,1956.4899615185186,303576
3577,3,2090.792852296296,303577
3578,3,2173.9321771111113,303578
3579,3,1498.2607257037037,303579
3580,3,718.1131742555556,303580
3581,3,1012.3112893481482,303581
3582,3,1874.280798,303582
3583,3,5173.397722,303583
3584,3,3357.031531703704,303584
3585,3,1501.7672414814815,303585
3586,3,1732.5916881481483,303586
3587,3,1331.1308675555556,303587
3588,3,519.2776120814815,303588
3589,3,3130.6134984814817,303589
3590,3,455.5591281925926,303590
3592,3,670.4014800555556,303592
3593,3,757.8247420185186,303593
3594,3,1610.263544111111,303594
3595,3,2396.661809851852,303595
3596,3,439.81041748148147,303596
3597,3,1010.039185,303597
3598,3,1703.1040107407407,303598
3599,3,1195.5900382888888,303599
3600,3,1547.8140343333334,303600
3601,3,1801.331274037037,303601
3602,3,4881.762706444444,303602
3603,3,1484.393933074074,303603
3604,3,1791.9878778148147,303604
3605,3,1577.6701302222223,303605
3606,3,1975.7594537037037,303606
3607,3,590.1613970444445,303607
3608,3,1100.6824330407408,303608
3609,3,654.7617862074075,303609
3610,3,1123.9812008148149,303610
3611,3,3061.032509,303611
3612,3,1586.8504857037037,303612
3613,3,938.3514545296297,303613
3614,3,2559.898311888889,303614
3615,3,389.4362177703704,303615
3616,3,2573.4731594814816,303616
3617,3,2463.054436662963,303617
3618,3,1959.3453658666667,303618
3619,3,789.1901701740741,303619
3620,3,599.884608225926,303620
3621,3,1166.3181241481482,303621
3622,3,1912.1870175925926,303622
3623,3,8980.472589377778,303623
3624,3,3407.448089148148,303624
3625,3,821.1019462037037,303625
3626,3,1317.4066318370371,303626
3627,3,1139.9532873814815,303627
3628,3,692.8165911666666,303628
3629,3,3630.8104714814813,303629
3630,3,3068.799041222222,303630
3631,3,1756.3221864814814,303631
3632,3,2002.291816962963,303632
3633,3,2466.6888374074074,303633
3634,3,1843.1887515555554,303634
3635,3,777.9304029814815,303635
3636,3,5809.811723,303636
3637,3,2401.8400156666667,303637
3638,3,2881.9936474444444,303638
3639,3,4658.4182836296295,303639
3640,3,601.4260415185186,303640
3641,3,6196.207529,303641
3642,3,5363.279627370371,303642
3643,3,3328.1722331481483,303643
3644,3,287.461535237037,303644
3645,3,1886.8420623703703,303645
3646,3,2008.8428540370371,303646
3647,3,612.7224408555555,303647
3648,3,469.13149626296297,303648
3649,3,1485.9402919629629,303649
3650,3,5389.1870210740735,303650
3651,3,3659.503253259259,303651
3652,3,534.3997601703703,303652
3653,3,6499.007582407407,303653
3654,3,5188.7514901851855,303654
3655,3,3781.0273965925926,303655
3656,3,1355.783932711111,303656
3657,3,2766.9958093703704,303657
3658,3,6366.336715666666,303658
3659,3,3649.4686573333333,303659
3660,3,1883.170000037037,303660
3661,3,1637.5729052333334,303661
3662,3,243.38371555555557,303662
3663,3,18283.832055555555,303663
3664,3,18638.25774333333,303664
3665,3,9117.29707311111,303665
3666,3,4949.018007333333,303666
3667,3,3552.462484111111,303667
3668,3,750.6874945222222,303668
3669,3,2717.183146074074,303669
3670,3,5715.8688254814815,303670
3671,3,2237.664590148148,303671
3672,3,5064.034743296296,303672
3673,3,439.92810287037037,303673
3674,3,7229.832461814815,303674
3675,3,1913.8355123333333,303675
3676,3,1152.4994971074075,303676
3677,3,3967.971611407407,303677
3678,3,1971.8093327407407,303678
3679,3,880.321769025926,303679
3680,3,470.1201771259259,303680
3681,3,1228.9098403333332,303681
3682,3,1344.1461903333334,303682
3683,3,957.5805141407408,303683
3684,3,618.8709303185185,303684
3685,3,4521.618248592593,303685
3686,3,1815.8434025925926,303686
3687,3,3844.6174825925928,303687
3688,3,721.6933800592593,303688
3689,3,821.2439619740741,303689
3690,3,368.27472435185183,303690
3691,3,604.2826156296296,303691
3692,3,1336.8803854444445,303692
3693,3,5325.489234592593,303693
3694,3,2080.9163015925924,303694
3695,3,504.0858945037037,303695
3696,3,1557.1642023333334,303696
3697,3,2680.083787037037,303697
3698,3,3445.0354612222222,303698
3699,3,2935.580911925926,303699
3700,3,1776.444960888889,303700
3701,3,751.5629569,303701
3702,3,3172.9765537037038,303702
3703,3,2225.501798,303703
3704,3,746.8289205148149,303704
3705,3,3367.8627312962963,303705
3706,3,2539.3110863703705,303706
3707,3,1612.3016639259258,303707
3708,3,467.1062419888889,303708
3709,3,5106.011047370371,303709
3710,3,7645.758480814815,303710
3711,3,6746.628819148148,303711
3712,3,7218.603356555555,303712
3713,3,247.80175221851852,303713
3714,3,10110.870467407407,303714
3715,3,2572.452455148148,303715
3716,3,3490.9646118518517,303716
3717,3,3521.4847975555554,303717
3718,3,509.2611019962963,303718
3719,3,4025.4377205185187,303719
3720,3,548.9852209777778,303720
3721,3,1716.4169356666666,303721
3722,3,1652.6294604444445,303722
3723,3,942.2983966518518,303723
3724,3,504.0572407296296,303724
3725,3,1029.1723511444445,303725
3727,3,1282.566270074074,303727
3728,3,847.7348951777777,303728
3729,3,757.7733336185184,303729
3730,3,2473.0061527037037,303730
3731,3,3502.2012677407406,303731
3733,3,1254.2808025555555,303733
3734,3,2884.0246428518517,303734
3735,3,1039.0588478518519,303735
3736,3,4936.650890962963,303736
3737,3,25994.249857777777,303737
3738,3,23915.85675037037,303738
3739,3,19993.537782592593,303739
3740,3,6742.785037407408,303740
3741,3,4078.0638078888887,303741
3742,3,8449.472086074074,303742
3743,3,1680.3966785555556,303743
3744,3,6591.691861148148,303744
3745,3,4445.443973962963,303745
3746,3,1286.8693274444445,303746
3747,3,4129.704317185186,303747
3748,3,2198.4926404814814,303748
3749,3,5638.584292,303749
3750,3,4456.891254111111,303750
3751,3,2157.996172074074,303751
3752,3,4167.726632037037,303752
3753,3,9060.349390555555,303753
3754,3,8554.104644444444,303754
3755,3,2750.5549917407407,303755
3756,3,6909.403076222222,303756
3757,3,4729.4328745185185,303757
3758,3,784.7373489851852,303758
3759,3,1037.5159496111112,303759
3760,3,1745.734727,303760
3761,3,1354.0214725555556,303761
3762,3,1779.7718982962963,303762
3763,3,6713.112281962963,303763
3764,3,15220.57310925926,303764
3765,3,5271.314415,303765
3766,3,3442.5869020740743,303766
3767,3,2098.212586703704,303767
3768,3,3157.3603933333334,303768
3769,3,826.1896236444444,303769
3770,3,1549.707007074074,303770
3771,3,1615.2943199629628,303771
3772,3,5611.262418703704,303772
3773,3,5002.010932296296,303773
3775,3,2893.2188075925924,303775
3776,3,29259.848050370372,303776
3777,3,35982.80679148148,303777
3778,3,23625.99232888889,303778
3779,3,24528.400343703703,303779
3780,3,1647.5432127407407,303780
3781,3,3198.082445814815,303781
3782,3,7085.610772777778,303782
3783,3,18092.213900740742,303783
3784,3,12576.059687777777,303784
3785,3,2692.1196574444443,303785
3786,3,5631.35743937037,303786
3787,3,2096.1668576296297,303787
3788,3,896.9763903777778,303788
3789,3,3500.280488814815,303789
3790,3,1790.5012311851851,303790
3791,3,3447.1397476666666,303791
3792,3,6732.887093444445,303792
3793,3,3321.7052554074075,303793
3794,3,3490.191467037037,303794
3795,3,2554.96880262963,303795
3796,3,976.7585172518518,303796
3797,3,4749.774965,303797
3798,3,9120.499912037038,303798
3799,3,4500.5736827037035,303799
3800,3,2188.552595703704,303800
3801,3,3417.1236776666665,303801
3802,3,588.0396026851852,303802
3803,3,1609.2920392962963,303803
3804,3,716.9493910148148,303804
3805,3,1112.952719111111,303805
3806,3,2715.1971355555556,303806
3807,3,9268.850322111111,303807
3808,3,13274.614674074073,303808
3809,3,4873.862128703704,303809
3810,3,6322.132408925926,303810
3811,3,3763.3248994444443,303811
3812,3,421.7523819148148,303812
3813,3,657.4364000333334,303813
3814,3,1084.977319074074,303814
3815,3,741.8964193703704,303815
3816,3,4307.7984098148145,303816
3817,3,902.5945304296297,303817
3818,3,1618.089627925926,303818
3819,3,12358.086514074073,303819
3820,3,6668.920003555556,303820
3821,3,1380.2893546296295,303821
3822,3,1835.509789037037,303822
3823,3,33541.43854148148,303823
3824,3,25525.24925,303824
3825,3,17124.465172962962,303825
3826,3,15758.76873925926,303826
3827,3,13241.82915185185,303827
3828,3,9071.729305814815,303828
3829,3,7180.377107222222,303829
3830,3,4328.585530666667,303830
3831,3,1417.0686156296297,303831
3832,3,1243.3827254814814,303832
3833,3,2893.6226437037035,303833
3834,3,762.4939960814814,303834
3835,3,2356.274342,303835
3836,3,5028.908197851852,303836
3837,3,3734.7173734444445,303837
3838,3,13666.896377777777,303838
3839,3,15735.35605462963,303839
3840,3,15584.391511148147,303840
3841,3,13334.459817518518,303841
3842,3,25089.42500185185,303842
3843,3,13582.647410370371,303843
3844,3,11001.745831111111,303844
3845,3,11622.19652637037,303845
3846,3,11701.424841666667,303846
3847,3,11984.709363333333,303847
3848,3,12801.872241481482,303848
3849,3,10182.379299962962,303849
3850,3,7712.492344259259,303850
3851,3,4581.378943185186,303851
3852,3,740.9993123444444,303852
3853,3,2196.907119962963,303853
3854,3,2790.625229740741,303854
3855,3,6379.634962407407,303855
3856,3,3249.6297837037037,303856
3857,3,2905.133882740741,303857
3858,3,5009.208274703704,303858
3859,3,5392.815695703704,303859
3860,3,4315.360632185185,303860
3861,3,3599.1026194444444,303861
3862,3,2865.166947925926,303862
3863,3,636.4674412148148,303863
3864,3,2962.6096081111114,303864
3865,3,1409.204444037037,303865
3866,3,1886.8436304074073,303866
3867,3,918.9995435444445,303867
3868,3,4145.089142296296,303868
3869,3,6610.202447074074,303869
3870,3,10953.096570222222,303870
3871,3,10197.27218825926,303871
3872,3,6282.526017555556,303872
3873,3,4578.586619037037,303873
3874,3,5615.701676962963,303874
3875,3,3996.489571962963,303875
3876,3,4846.497915148148,303876
3877,3,3396.1762156296295,303877
3878,3,1564.4038123333332,303878
3879,3,926.2634050333334,303879
3880,3,3867.0652712962965,303880
3947,3,84.80024825296296,303947
3507,4,21540.197844166665,403507
3508,4,48040.329762738096,403508
3509,4,46046.201637261904,403509
3510,4,53613.91080333333,403510
3511,4,60418.92788869048,403511
3512,4,59735.07110940476,403512
3513,4,62759.55808202381,403513
3514,4,40650.50570666667,403514
3515,4,12579.363704261905,403515
3516,4,60649.45842321429,403516
3517,4,56531.71037892857,403517
3518,4,42751.023401547616,403518
3519,4,24833.509974523808,403519
3520,4,781.9321646,403520
3521,4,53755.3976627381,403521
3522,4,41564.75397988095,403522
3523,4,1579.7583711785715,403523
3524,4,17801.01222464286,403524
3525,4,35010.92605714286,403525
3526,4,13000.491905904762,403526
3527,4,56893.40122202381,403527
3528,4,11946.589891535714,403528
3529,4,16903.166934880952,403529
3530,4,6612.125638226191,403530
3531,4,2714.5443254166667,403531
3532,4,52999.469158690474,403532
3533,4,10036.720457345238,403533
3534,4,37315.23236583333,403534
3535,4,13254.374698095238,403535
3536,4,27281.267413809524,403536
3537,4,28106.529725714285,403537
3538,4,28579.958431666666,403538
3539,4,29476.40120654762,403539
3540,4,5102.977561142857,403540
3541,4,34836.44570857143,403541
3542,4,10888.825805202381,403542
3543,4,12356.523833928572,403543
3544,4,24973.14449547619,403544
3545,4,2187.185424452381,403545
3546,4,20211.461303238095,403546
3547,4,1426.2759934916667,403547
3548,4,2641.224514329762,403548
3549,4,3654.5174944357145,403549
3550,4,4044.749744772619,403550
3551,4,8196.158510238096,403551
3552,4,11300.623471080953,403552
3553,4,2276.978050536905,403553
3554,4,7884.0840629916665,403554
3555,4,3739.245474164286,403555
3556,4,2861.375440083333,403556
3557,4,1068.4212039330953,403557
3558,4,4115.833338283333,403558
3559,4,8619.36665537738,403559
3560,4,3878.845771302381,403560
3561,4,5017.890058714285,403561
3562,4,7987.119816761905,403562
3563,4,2132.533375809524,403563
3564,4,4363.343087523809,403564
3565,4,14148.113070964286,403565
3566,4,4911.364433035715,403566
3567,4,10724.061490404762,403567
3568,4,7421.6693675,403568
3569,4,5393.068371857143,403569
3570,4,225.36909631166668,403570
3571,4,664.017756245238,403571
3572,4,804.8828937095238,403572
3573,4,912.9226657988096,403573
3574,4,9022.13028977381,403574
3575,4,1103.2880775095239,403575
3576,4,1883.3459512,403576
3577,4,1631.5839809321428,403577
3578,4,2029.216336654762,403578
3579,4,2292.0090950273807,403579
3580,4,960.6011076904762,403580
3581,4,1333.2015281178572,403581
3582,4,3246.6014463166666,403582
3583,4,5581.081078440477,403583
3584,4,3004.0889754880955,403584
3585,4,1682.2284125119047,403585
3586,4,3397.8410048285714,403586
3587,4,1390.0417379738096,403587
3588,4,607.0987292690476,403588
3589,4,3430.517898857143,403589
3590,4,541.6762950785715,403590
3592,4,811.8451323619048,403592
3593,4,798.8906006166667,403593
3594,4,1891.4940018690477,403594
3595,4,2807.421356238095,403595
3596,4,634.9290010988095,403596
3597,4,1234.68193815,403597
3598,4,2050.9853694642857,403598
3599,4,1887.8385915488095,403599
3600,4,2143.0239704166665,403600
3601,4,2047.730226107143,403601
3602,4,5308.185808547619,403602
3603,4,1786.4122394690476,403603
3604,4,2058.888237690476,403604
3605,4,1689.7480765238095,403605
3606,4,2100.2052549285713,403606
3607,4,671.1616235130953,403607
3608,4,1513.5675536988094,403608
3609,4,804.5841041928571,403609
3610,4,1219.0061401464286,403610
3611,4,3541.0292814880954,403611
3612,4,1787.9311787738095,403612
3613,4,1078.7093534369048,403613
3614,4,2930.1251507380953,403614
3615,4,488.6369704490476,403615
3616,4,2772.774562738095,403616
3617,4,2576.5352121892856,403617
3618,4,2193.9453248916666,403618
3619,4,1193.2445910773808,403619
3620,4,861.5275123285714,403620
3621,4,1355.7877243785715,403621
3622,4,1780.4135501261906,403622
3623,4,8234.734031477381,403623
3624,4,2840.3125230214287,403624
3625,4,913.1472970261905,403625
3626,4,2343.805809014286,403626
3627,4,1691.6467501666666,403627
3628,4,754.3283596095238,403628
3629,4,4122.249716392857,403629
3630,4,3281.1734417261905,403630
3631,4,2406.8650619285713,403631
3632,4,2393.570177142857,403632
3633,4,2732.7955496785717,403633
3634,4,2121.163736654762,403634
3635,4,824.7547957214285,403635
3636,4,5234.311536761905,403636
3637,4,2780.021396738095,403637
3638,4,3061.1248549285715,403638
3639,4,5529.302493952381,403639
3640,4,794.725466872619,403640
3641,4,9407.804386440475,403641
3642,4,6026.954668690476,403642
3643,4,3915.183923845238,403643
3644,4,358.2511854095238,403644
3645,4,2335.4063667738096,403645
3646,4,2197.2429364011905,403646
3647,4,822.7050175011905,403647
3648,4,570.7281361690476,403648
3649,4,1609.8067671916667,403649
3650,4,5594.970002322619,403650
3651,4,3943.952260095238,403651
3652,4,864.88822098,403652
3653,4,7588.706876357143,403653
3654,4,6692.810891535714,403654
3655,4,5100.991149964286,403655
3656,4,1115.329350365476,403656
3657,4,2918.6036796190474,403657
3658,4,6143.473306119047,403658
3659,4,4352.545211185714,403659
3660,4,1507.1151853773808,403660
3661,4,1183.979714669762,403661
3662,4,215.73432315833332,403662
3663,4,21190.607950357142,403663
3664,4,21127.520806785713,403664
3665,4,10124.172577654763,403665
3666,4,5492.61392047619,403666
3667,4,6363.276109928572,403667
3668,4,1597.9893014357142,403668
3669,4,5921.189629722619,403669
3670,4,13487.486213392856,403670
3671,4,5289.581743792857,403671
3672,4,5397.626914166666,403672
3673,4,495.0097338654762,403673
3674,4,7677.7841625119045,403674
3675,4,2024.9596695476191,403675
3676,4,1323.0502735082143,403676
3677,4,4292.937267119048,403677
3678,4,2197.5176142857144,403678
3679,4,961.4695285595238,403679
3680,4,604.1290243845239,403680
3681,4,1399.7489349095238,403681
3682,4,1465.46719565,403682
3683,4,1002.6612283392857,403683
3684,4,588.5905824473809,403684
3685,4,5198.1020589523805,403685
3686,4,1870.2731544285714,403686
3687,4,3855.2100271785716,403687
3688,4,889.1302796559523,403688
3689,4,1028.4442159916666,403689
3690,4,422.4962402892857,403690
3691,4,701.9408190083334,403691
3692,4,1520.1823958833334,403692
3693,4,6398.557479690477,403693
3694,4,3013.3081964845237,403694
3695,4,580.162855272619,403695
3696,4,1713.0959781785714,403696
3697,4,3159.196044904762,403697
3698,4,3965.482948761905,403698
3699,4,3603.029247297619,403699
3700,4,1947.6174071190476,403700
3701,4,917.2007121428571,403701
3702,4,3532.3107422261905,403702
3703,4,2428.057982857143,403703
3704,4,1166.4757969869047,403704
3705,4,4262.754485452381,403705
3706,4,3199.0035357738097,403706
3707,4,1961.2653547738096,403707
3708,4,559.7680098440476,403708
3709,4,5607.153300857143,403709
3710,4,9072.760758404762,403710
3711,4,7913.9119358571425,403711
3712,4,8422.18421229762,403712
3713,4,320.6829557928572,403713
3714,4,11171.757124238095,403714
3715,4,3660.866837297619,403715
3716,4,3642.975885595238,403716
3717,4,3682.506816857143,403717
3718,4,610.4571456440476,403718
3719,4,4568.250022488095,403719
3720,4,662.00577745,403720
3721,4,2039.2727491190476,403721
3722,4,1958.6199317380951,403722
3723,4,979.1331806095238,403723
3724,4,609.3510228988096,403724
3725,4,1191.8832945380952,403725
3727,4,1485.3022493916667,403727
3728,4,994.4048496,403728
3729,4,889.2233854571429,403729
3730,4,2759.832048738095,403730
3731,4,3663.172495952381,403731
3733,4,1460.8323265892857,403733
3734,4,3032.1263517261905,403734
3735,4,1158.784319057143,403735
3736,4,5581.941540845238,403736
3737,4,30957.59491892857,403737
3738,4,27787.10829357143,403738
3739,4,23431.15731892857,403739
3740,4,7882.525559821429,403740
3741,4,4580.858662333333,403741
3742,4,9430.086310142857,403742
3743,4,1882.174622497619,403743
3744,4,7137.484331511905,403744
3745,4,5005.997261857143,403745
3746,4,1476.2223605583333,403746
3747,4,4672.885613964286,403747
3748,4,2357.034110142857,403748
3749,4,6095.370419142857,403749
3750,4,4453.83072302381,403750
3751,4,2469.5444888928573,403751
3752,4,4860.220604416667,403752
3753,4,10410.832028892857,403753
3754,4,9312.979530738095,403754
3755,4,3037.4645803214285,403755
3756,4,7608.395916345238,403756
3757,4,4963.517133857143,403757
3758,4,1016.0193812404762,403758
3759,4,1117.7612551011905,403759
3760,4,1855.9648432380952,403760
3761,4,1456.3514993285714,403761
3762,4,2066.517240142857,403762
3763,4,7343.871801976191,403763
3764,4,18272.156142630953,403764
3765,4,7540.835274202381,403765
3766,4,3952.114757488095,403766
3767,4,2411.8861404880954,403767
3768,4,3591.5560760714284,403768
3769,4,942.5162163595238,403769
3770,4,1730.0769021809524,403770
3771,4,1735.7740142380953,403771
3772,4,6447.497839880953,403772
3773,4,5494.931174285714,403773
3775,4,3081.757232202381,403775
3776,4,33810.06213380952,403776
3777,4,45569.5193277381,403777
3778,4,28745.829695,403778
3779,4,29808.265953214286,403779
3780,4,1973.6570558809524,403780
3781,4,3811.2392730714287,403781
3782,4,8444.942883892858,403782
3783,4,21480.777240714287,403783
3784,4,14860.949341785714,403784
3785,4,3248.5211219642856,403785
3786,4,6789.169772130952,403786
3787,4,3722.428989911905,403787
3788,4,1078.216504775,403788
3789,4,3682.0248017857143,403789
3790,4,2073.708575297619,403790
3791,4,3784.6004010238094,403791
3792,4,7320.4618855238095,403792
3793,4,3531.156524297619,403793
3794,4,4025.824162785714,403794
3795,4,2814.5936636785714,403795
3796,4,1127.2186338380952,403796
3797,4,5820.536273761904,403797
3798,4,9944.35267642857,403798
3799,4,4861.5659034880955,403799
3800,4,2452.8333982857143,403800
3801,4,3452.4582638928573,403801
3802,4,699.5920413380952,403802
3803,4,1789.3916131190476,403803
3804,4,966.5738566607143,403804
3805,4,1284.328894920238,403805
3806,4,2815.40450425,403806
3807,4,10063.52000475,403807
3808,4,16427.29826572619,403808
3809,4,6065.562487095238,403809
3810,4,7624.031590297619,403810
3811,4,4595.401757714286,403811
3812,4,478.7511455678571,403812
3813,4,761.9440580976191,403813
3814,4,1283.8927135702381,403814
3815,4,774.7956630833334,403815
3816,4,7388.801425964286,403816
3817,4,990.7514710404762,403817
3818,4,1748.854949357143,403818
3819,4,12292.748616857143,403819
3820,4,7257.4531801785715,403820
3821,4,1456.8320192142858,403821
3822,4,1933.4874625119048,403822
3823,4,32912.96982702381,403823
3824,4,25498.00849988095,403824
3825,4,17097.539195833335,403825
3826,4,15947.970835357142,403826
3827,4,14640.656541583334,403827
3828,4,10852.014801559524,403828
3829,4,10889.260626440477,403829
3830,4,5190.672276297619,403830
3831,4,2070.598146153571,403831
3832,4,1289.2681544642858,403832
3833,4,2900.016311214286,403833
3834,4,753.6767326452381,403834
3835,4,2235.308842130952,403835
3836,4,5253.727982440476,403836
3837,4,3926.4058790833333,403837
3838,4,11845.347873928571,403838
3839,4,13646.485758642857,403839
3840,4,13580.248940547619,403840
3841,4,11308.838520261905,403841
3842,4,21594.69110547619,403842
3843,4,13172.985885238095,403843
3844,4,10723.258439583333,403844
3845,4,12492.492874547619,403845
3846,4,12603.599045309524,403846
3847,4,11998.643650619048,403847
3848,4,13002.159046428571,403848
3849,4,10641.06873279762,403849
3850,4,8460.001947357143,403850
3851,4,5184.694572226191,403851
3852,4,813.467734725,403852
3853,4,2274.625912857143,403853
3854,4,2982.996707642857,403854
3855,4,6718.496337785714,403855
3856,4,3436.5894742976193,403856
3857,4,2668.5722947380955,403857
3858,4,4946.9623635,403858
3859,4,5440.117460773809,403859
3860,4,4200.170298166667,403860
3861,4,3880.219568809524,403861
3862,4,3092.5078813809523,403862
3863,4,627.6860961071428,403863
3864,4,3093.205971261905,403864
3865,4,1462.4050180238096,403865
3866,4,1810.7108416309525,403866
3867,4,916.1963830511904,403867
3868,4,4048.151875297619,403868
3869,4,6352.32904372619,403869
3870,4,10617.641817214286,403870
3871,4,10241.73213257143,403871
3872,4,6287.973550130952,403872
3873,4,4625.211143214286,403873
3874,4,5965.133169142857,403874
3875,4,4241.5329107976195,403875
3876,4,5038.359199535715,403876
3877,4,3579.196091904762,403877
3878,4,1532.294431559524,403878
3879,4,902.988006575,403879
3880,4,4021.235450904762,403880
3947,4,101.3560298597619,403947
3507,5,12818.137698542858,503507
3508,5,28967.35810957143,503508
3509,5,27623.11758142857,503509
3510,5,32294.758458142856,503510
3511,5,35743.947145428574,503511
3512,5,33754.61408471429,503512
3513,5,36075.608572714285,503513
3514,5,24915.368749142857,503514
3515,5,8931.034543385715,503515
3516,5,44185.623072857146,503516
3517,5,40793.23668957143,503517
3518,5,31761.249698285716,503518
3519,5,17320.931451714285,503519
3520,5,371.1497973242857,503520
3521,5,37732.003885142854,503521
3522,5,30749.432633142857,503522
3523,5,1113.7489345514286,503523
3524,5,12432.130574114286,503524
3525,5,25224.505150142857,503525
3526,5,9732.37618032857,503526
3527,5,44611.251190285715,503527
3528,5,8308.702329214286,503528
3529,5,13215.938539571429,503529
3530,5,4665.180085842857,503530
3531,5,2051.0652000857144,503531
3532,5,40709.05756842857,503532
3533,5,6897.4235193714285,503533
3534,5,25248.82923042857,503534
3535,5,9314.349074171429,503535
3536,5,18871.702696714285,503536
3537,5,18995.171772142858,503537
3538,5,19512.1799363,503538
3539,5,19875.462832885714,503539
3540,5,4125.110166442857,503540
3541,5,22845.088330042858,503541
3542,5,6976.705453571429,503542
3543,5,8234.022292537144,503543
3544,5,16736.23905597143,503544
3545,5,636.02455238,503545
3546,5,15343.175830828572,503546
3547,5,399.53760929142857,503547
3548,5,728.4760198328571,503548
3549,5,911.1966760885714,503549
3550,5,1628.19642077,503550
3551,5,2092.8288533857144,503551
3552,5,2825.81142741,503552
3553,5,498.97623640714284,503553
3554,5,1917.7700996328572,503554
3555,5,1581.3986803714286,503555
3556,5,1888.8132504571429,503556
3557,5,897.0615933400001,503557
3558,5,3372.3038244685713,503558
3559,5,7000.514102378572,503559
3560,5,3251.03990552,503560
3561,5,3403.220034657143,503561
3562,5,5490.982898042857,503562
3563,5,1417.95051783,503563
3564,5,3734.3213030142856,503564
3565,5,9640.096461842857,503565
3566,5,3381.8552807428573,503566
3567,5,7744.610210185714,503567
3568,5,5500.798152728571,503568
3569,5,4461.9563535285715,503569
3570,5,161.13239098028572,503570
3571,5,656.2672690071429,503571
3572,5,713.2541543014286,503572
3573,5,524.5329181097143,503573
3574,5,8405.26824762,503574
3575,5,964.1666240214286,503575
3576,5,1779.513879882857,503576
3577,5,1419.9691200571428,503577
3578,5,1767.7619505257144,503578
3579,5,1298.4329586328572,503579
3580,5,596.3734222757143,503580
3581,5,1055.69764779,503581
3582,5,1727.0760594642857,503582
3583,5,4498.765268107143,503583
3584,5,3032.5660904828574,503584
3585,5,1501.6436838142856,503585
3586,5,942.2670747457142,503586
3587,5,1159.97333583,503587
3588,5,416.39321481571426,503588
3589,5,2753.9880850285713,503589
3590,5,431.6258978385714,503590
3592,5,631.9489369971428,503592
3593,5,693.4400913442857,503593
3594,5,1391.0894928142857,503594
3595,5,2171.835478757143,503595
3596,5,384.2774550651429,503596
3597,5,1029.2828721214287,503597
3598,5,1450.4455685285714,503598
3599,5,1324.3532650657144,503599
3600,5,1662.1062347714285,503600
3601,5,1807.7853998857142,503601
3602,5,2796.9600216114286,503602
3603,5,994.1854895542857,503603
3604,5,1507.7661422828571,503604
3605,5,1365.2243926285714,503605
3606,5,1754.3387493085713,503606
3607,5,555.51757542,503607
3608,5,1009.9735898842857,503608
3609,5,592.9211647442858,503609
3610,5,1015.5678665085715,503610
3611,5,2977.525510442857,503611
3612,5,1289.5826102714286,503612
3613,5,754.8463044814285,503613
3614,5,2287.8908043142856,503614
3615,5,417.2589680747143,503615
3616,5,2281.37752062,503616
3617,5,2592.8554549457144,503617
3618,5,2131.9575980328573,503618
3619,5,839.5492306357143,503619
3620,5,749.3632177257143,503620
3621,5,1220.4505339342857,503621
3622,5,1405.276944502857,503622
3623,5,4173.564885981428,503623
3624,5,2410.710693002857,503624
3625,5,697.2978864971428,503625
3626,5,1127.1111000985713,503626
3627,5,1040.2904907242857,503627
3628,5,685.0840972328572,503628
3629,5,2775.8985643142855,503629
3630,5,3496.6362757428574,503630
3631,5,2283.9637004428573,503631
3632,5,1867.2169168857142,503632
3633,5,2141.4364279428573,503633
3634,5,1672.820218042857,503634
3635,5,673.45313516,503635
3636,5,5221.652202628571,503636
3637,5,2044.5239481157143,503637
3638,5,2670.1900671657145,503638
3639,5,3634.5081884142855,503639
3640,5,683.6916269442858,503640
3641,5,6090.812623021428,503641
3642,5,5230.506388742857,503642
3643,5,2589.982576785714,503643
3644,5,236.9593814,503644
3645,5,1636.2491654857142,503645
3646,5,1989.0802707185715,503646
3647,5,756.5181766485714,503647
3648,5,450.60834511714285,503648
3649,5,1531.59519936,503649
3650,5,5574.866064614285,503650
3651,5,3362.561218242857,503651
3652,5,457.9917061007143,503652
3653,5,5103.3194074428575,503653
3654,5,3656.4819027857143,503654
3655,5,4616.095399771429,503655
3656,5,949.0463709757142,503656
3657,5,2820.2330114571428,503657
3658,5,5704.207230084286,503658
3659,5,1969.3943363357143,503659
3660,5,1325.568570112,503660
3661,5,543.4034703624286,503661
3662,5,223.02306270357144,503662
3663,5,13644.734912285714,503663
3664,5,14104.902646285715,503664
3665,5,8754.461460342856,503665
3666,5,3881.1754404,503666
3667,5,2026.1711637942858,503667
3668,5,434.48025839714285,503668
3669,5,1521.665395437143,503669
3670,5,3234.8561349142856,503670
3671,5,1301.2935062185716,503671
3672,5,3800.379071457143,503672
3673,5,365.567875201,503673
3674,5,5732.227848885715,503674
3675,5,1809.6394982714285,503675
3676,5,454.93845071585713,503676
3677,5,3465.9592856314284,503677
3678,5,1670.0246098885714,503678
3679,5,790.43124027,503679
3680,5,490.2633490557143,503680
3681,5,1128.3697168785714,503681
3682,5,1144.85228271,503682
3683,5,792.8517443342857,503683
3684,5,530.0723939611429,503684
3685,5,3877.5124937285714,503685
3686,5,1649.8490818285713,503686
3687,5,3628.7149706857144,503687
3688,5,719.73434316,503688
3689,5,757.9240475471429,503689
3690,5,331.33459455571426,503690
3691,5,600.0223863128572,503691
3692,5,1115.670566382857,503692
3693,5,4063.3478052857145,503693
3694,5,2224.2931833142857,503694
3695,5,509.0687727514286,503695
3696,5,1318.532488357143,503696
3697,5,1986.2067327571428,503697
3698,5,2464.843983857143,503698
3699,5,2542.3495241428573,503699
3700,5,1698.9256817857142,503700
3701,5,698.7211530171429,503701
3702,5,2501.853738057143,503702
3703,5,2024.513333857143,503703
3704,5,626.9786584142857,503704
3705,5,3021.222500514286,503705
3706,5,2719.7258086142856,503706
3707,5,1630.5067894714286,503707
3708,5,498.6460091357143,503708
3709,5,5236.609496514286,503709
3710,5,7469.088142514286,503710
3711,5,6411.979850042857,503711
3712,5,7667.8886780428575,503712
3713,5,208.5898976442857,503713
3714,5,10883.779724857142,503714
3715,5,2864.9624507,503715
3716,5,3113.961970942857,503716
3717,5,3203.0986215142857,503717
3718,5,529.8833124228571,503718
3719,5,3267.4569238,503719
3720,5,495.67731994,503720
3721,5,1626.7826183,503721
3722,5,1617.4716862428572,503722
3723,5,854.95932114,503723
3724,5,482.9335778414286,503724
3725,5,1020.2681465785714,503725
3727,5,1390.4890720471428,503727
3728,5,913.7766098428572,503728
3729,5,849.8386054457143,503729
3730,5,2374.8595456857142,503730
3731,5,3413.8667284714284,503731
3733,5,1424.053377047143,503733
3734,5,2708.4606116857144,503734
3735,5,1124.8607451614287,503735
3736,5,5635.3828321142855,503736
3737,5,22957.74684742857,503737
3738,5,20066.166956714285,503738
3739,5,18721.173309714286,503739
3740,5,5839.680138785714,503740
3741,5,3824.9407567714284,503741
3742,5,8282.470349557143,503742
3743,5,1769.0053771228572,503743
3744,5,7234.8381664,503744
3745,5,4647.324471528572,503745
3746,5,1260.9763988742857,503746
3747,5,4042.494625257143,503747
3748,5,1997.1551831557142,503748
3749,5,4686.235006185714,503749
3750,5,4039.3789838142857,503750
3751,5,2136.3406575714284,503751
3752,5,3747.1148785857145,503752
3753,5,7754.638998557143,503753
3754,5,7149.699559342857,503754
3755,5,2221.395489885714,503755
3756,5,5762.378672485715,503756
3757,5,4432.4404443428575,503757
3758,5,698.3611284028572,503758
3759,5,858.1722015814286,503759
3760,5,1536.0468155757144,503760
3761,5,1275.894889992857,503761
3762,5,1982.6226927428572,503762
3763,5,7529.6803126714285,503763
3764,5,19586.747700614287,503764
3765,5,4047.7452183,503765
3766,5,3342.598682514286,503766
3767,5,1929.0854265714286,503767
3768,5,2959.4634135714286,503768
3769,5,784.4064078642857,503769
3770,5,1756.160335247143,503770
3771,5,1579.4722321428571,503771
3772,5,5280.160722828571,503772
3773,5,5032.544318357142,503773
3775,5,3126.454131957143,503775
3776,5,28423.373903571428,503776
3777,5,42990.81288185714,503777
3778,5,23393.963820142857,503778
3779,5,28008.080501714285,503779
3780,5,1602.3842794714285,503780
3781,5,3119.061913457143,503781
3782,5,6538.489847014286,503782
3783,5,17181.947529,503783
3784,5,11865.982175028572,503784
3785,5,2589.0266737285715,503785
3786,5,5449.5281331,503786
3787,5,2054.820308222857,503787
3788,5,978.2358152171429,503788
3789,5,2783.158184485714,503789
3790,5,1738.6392551714287,503790
3791,5,3296.4665083857144,503791
3792,5,6135.031922585714,503792
3793,5,2937.2440653285717,503793
3794,5,3179.2618128714284,503794
3795,5,2514.9730452,503795
3796,5,1124.2708694028572,503796
3797,5,5604.239566757143,503797
3798,5,9673.820176971429,503798
3799,5,4276.733165257143,503799
3800,5,1946.7547667714286,503800
3801,5,3317.2656784428573,503801
3802,5,630.2673645428572,503802
3803,5,1682.654792342857,503803
3804,5,655.89821181,503804
3805,5,943.4585727342857,503805
3806,5,2934.929277714286,503806
3807,5,9319.758749742858,503807
3808,5,15126.647276871428,503808
3809,5,5006.992078628571,503809
3810,5,5817.2028545,503810
3811,5,3570.744958085714,503811
3812,5,329.0416976557143,503812
3813,5,608.0974056157143,503813
3814,5,1031.4739879085714,503814
3815,5,724.3738978542857,503815
3816,5,3511.8532235142857,503816
3817,5,732.7943014871429,503817
3818,5,1679.7945583857143,503818
3819,5,11328.2161264,503819
3820,5,6459.718635214285,503820
3821,5,1518.659593747143,503821
3822,5,1973.3767512142858,503822
3823,5,30457.772905285714,503823
3824,5,26164.810928285715,503824
3825,5,15478.658193,503825
3826,5,14028.686427142857,503826
3827,5,13271.118070571429,503827
3828,5,8919.959998342856,503828
3829,5,5274.516708828572,503829
3830,5,4235.967185648571,503830
3831,5,1336.7138901442856,503831
3832,5,1008.4027763814286,503832
3833,5,2081.9421546514286,503833
3834,5,715.0538841614285,503834
3835,5,2053.9780891714286,503835
3836,5,4899.4531770428575,503836
3837,5,3994.2749454714285,503837
3838,5,7201.276624142857,503838
3839,5,8749.522852885715,503839
3840,5,8815.04209012857,503840
3841,5,7126.917344,503841
3842,5,13800.574544714285,503842
3843,5,10755.560508585715,503843
3844,5,9044.731330414286,503844
3845,5,7365.961630285714,503845
3846,5,8191.559892271429,503846
3847,5,10770.569639557143,503847
3848,5,12189.6421401,503848
3849,5,9607.1555201,503849
3850,5,7572.565568157143,503850
3851,5,4414.222068857143,503851
3852,5,704.81213471,503852
3853,5,2036.1617127085715,503853
3854,5,2841.4713379285713,503854
3855,5,6286.0098885285715,503855
3856,5,3385.7309067,503856
3857,5,2609.7511273285713,503857
3858,5,3917.0704683,503858
3859,5,3366.8525243,503859
3860,5,3409.3601115142856,503860
3861,5,3510.5415969714286,503861
3862,5,2910.1337573857145,503862
3863,5,571.8022008214285,503863
3864,5,3039.0456545,503864
3865,5,1389.86846567,503865
3866,5,1792.1218306157143,503866
3867,5,933.4117904142857,503867
3868,5,3775.7531045142855,503868
3869,5,4717.720338928571,503869
3870,5,8057.1604143,503870
3871,5,8389.631153285714,503871
3872,5,5025.614167685714,503872
3873,5,3733.0824117,503873
3874,5,5842.433374842857,503874
3875,5,4323.2009098,503875
3876,5,4730.019301528571,503876
3877,5,3652.5018679285713,503877
3878,5,1464.4102449142856,503878
3879,5,878.0420669314286,503879
3880,5,4044.7993682142856,503880
3947,5,81.957677402,503947
3507,6,14605.713567179488,603507
3508,6,34216.864652051285,603508
3509,6,33076.37863846154,603509
3510,6,38319.44087615384,603510
3511,6,42795.22289512821,603511
3512,6,40395.40675333334,603512
3513,6,43650.11644589744,603513
3514,6,29685.587454615386,603514
3515,6,9670.883884692308,603515
3516,6,49719.90319923077,603516
3517,6,44252.79904769231,603517
3518,6,34784.91626794872,603518
3519,6,19118.43641025641,603519
3520,6,527.3544881641026,603520
3521,6,42568.30689410256,603521
3522,6,34856.570095897434,603522
3523,6,1169.3318710974359,603523
3524,6,13191.175268205128,603524
3525,6,27836.43673974359,603525
3526,6,10494.708942897436,603526
3527,6,48073.03663461538,603527
3528,6,8869.398544179487,603528
3529,6,14086.184534615384,603529
3530,6,4882.0960433076925,603530
3531,6,2198.422242692308,603531
3532,6,43237.73333692308,603532
3533,6,7255.262985384616,603533
3534,6,26726.218515384615,603534
3535,6,9731.685565794873,603535
3536,6,20071.170532820513,603536
3537,6,19984.209846923077,603537
3538,6,20869.4821274359,603538
3539,6,20896.130033076923,603539
3540,6,4256.716510358974,603540
3541,6,28020.27394923077,603541
3542,6,7869.695052435897,603542
3543,6,9592.633239384615,603543
3544,6,19681.949624358975,603544
3545,6,1418.3784978358974,603545
3546,6,17875.946814564104,603546
3547,6,842.1193570461538,603547
3548,6,1679.7296941435898,603548
3549,6,2052.1363686871796,603549
3550,6,2951.6041848615387,603550
3551,6,4527.689159712821,603551
3552,6,6172.662181502564,603552
3553,6,1192.1755753692307,603553
3554,6,4353.577382441025,603554
3555,6,2883.1171050410258,603555
3556,6,2463.545508153846,603556
3557,6,1023.6130469461539,603557
3558,6,3925.287605051282,603558
3559,6,8023.078471564102,603559
3560,6,3693.4924768717947,603560
3561,6,4384.24966225641,603561
3562,6,7244.018380205128,603562
3563,6,1907.931210025641,603563
3564,6,4650.825762948718,603564
3565,6,12760.141579282052,603565
3566,6,4384.204163538461,603566
3567,6,9960.557462615385,603567
3568,6,8126.844970717949,603568
3569,6,5467.363876974359,603569
3570,6,282.2589046528205,603570
3571,6,761.3057999923077,603571
3572,6,978.6102560794872,603572
3573,6,1157.4863882207692,603573
3574,6,9158.981335,603574
3575,6,1194.4068659,603575
3576,6,2100.300782076923,603576
3577,6,1853.1137515528205,603577
3578,6,2075.8098800333332,603578
3579,6,2220.915893302564,603579
3580,6,791.573604848718,603580
3581,6,1405.1175662820513,603581
3582,6,3426.8144418717948,603582
3583,6,5311.250118294872,603583
3584,6,3482.446783794872,603584
3585,6,1861.9308231538462,603585
3586,6,1685.458239297436,603586
3587,6,1594.1208143076924,603587
3588,6,567.8764138615385,603588
3589,6,3577.9846911025643,603589
3590,6,543.8116403923077,603590
3592,6,898.8331315205128,603592
3593,6,733.6608241641026,603593
3594,6,1878.4016475384615,603594
3595,6,2840.168961076923,603595
3596,6,740.3166613446153,603596
3597,6,1415.942243897436,603597
3598,6,1994.270162897436,603598
3599,6,2065.970307979487,603599
3600,6,2105.6844955128204,603600
3601,6,2274.3970335897434,603601
3602,6,4111.60700374359,603602
3603,6,1442.8283524871795,603603
3604,6,1763.0729047435898,603604
3605,6,1688.3044686410256,603605
3606,6,2209.4938776153845,603606
3607,6,733.1703668358974,603607
3608,6,1313.4871777487178,603608
3609,6,838.5291344,603609
3610,6,1228.9730638974358,603610
3611,6,3552.887993641026,603611
3612,6,1749.7902878205127,603612
3613,6,1007.2013347769231,603613
3614,6,3031.5582863589743,603614
3615,6,638.9291169546153,603615
3616,6,2983.225304153846,603616
3617,6,2982.178361948718,603617
3618,6,2512.0290294615384,603618
3619,6,1235.016873797436,603619
3620,6,952.3616235358975,603620
3621,6,1453.2316242564102,603621
3622,6,1785.0079323333334,603622
3623,6,7952.375194410256,603623
3624,6,3546.1210246410255,603624
3625,6,935.2948072076923,603625
3626,6,2534.6921926205127,603626
3627,6,2133.359759948718,603627
3628,6,737.4231771794872,603628
3629,6,3876.7063025128205,603629
3630,6,3926.3053625128205,603630
3631,6,3002.9914555641026,603631
3632,6,2493.539346179487,603632
3633,6,2916.5169473333335,603633
3634,6,2310.1437371794873,603634
3635,6,736.5668538230769,603635
3636,6,5603.312810512821,603636
3637,6,2939.7475074102563,603637
3638,6,2973.357214128205,603638
3639,6,4653.153409256411,603639
3640,6,741.9798995794872,603640
3641,6,8549.935235,603641
3642,6,6555.091757589744,603642
3643,6,3734.445081871795,603643
3644,6,351.7276612692308,603644
3645,6,2374.507113153846,603645
3646,6,2603.9780776794873,603646
3647,6,934.1557220692308,603647
3648,6,640.9502742128205,603648
3649,6,1786.274353897436,603649
3650,6,6419.177187615384,603650
3651,6,4162.498565179487,603651
3652,6,1134.7021923005127,603652
3653,6,6958.092362051282,603653
3654,6,5257.304640641026,603654
3655,6,6047.300675384616,603655
3656,6,1539.6024740512821,603656
3657,6,3233.0297484615385,603657
3658,6,6146.164676128205,603658
3659,6,3390.2410905846154,603659
3660,6,1682.272540985641,603660
3661,6,759.0186154707692,603661
3662,6,231.14336195641025,603662
3663,6,16512.223601025642,603663
3664,6,16806.165264102565,603664
3665,6,9864.246131333333,603665
3666,6,4624.425622,603666
3667,6,3366.6316016153846,603667
3668,6,728.3002447769231,603668
3669,6,2720.749355974359,603669
3670,6,5654.083208128205,603670
3671,6,2337.307851420513,603671
3672,6,4891.5656191538465,603672
3673,6,434.3267947307692,603673
3674,6,7750.923684974359,603674
3675,6,2226.8841555128206,603675
3676,6,696.0086675548717,603676
3677,6,4612.73753525641,603677
3678,6,1988.4201461974358,603678
3679,6,1070.7307968923076,603679
3680,6,573.479700874359,603680
3681,6,1528.0731553333333,603681
3682,6,1607.8094952307692,603682
3683,6,932.3547184923077,603683
3684,6,621.1919332179488,603684
3685,6,4933.861556179487,603685
3686,6,1888.8403484871794,603686
3687,6,3899.147993717949,603687
3688,6,1019.0453997589743,603688
3689,6,1101.059140202564,603689
3690,6,458.1934980282051,603690
3691,6,725.3781518333333,603691
3692,6,1569.923440076923,603692
3693,6,5501.711858769231,603693
3694,6,2921.9928130923076,603694
3695,6,610.1875855102564,603695
3696,6,1834.615838051282,603696
3697,6,2430.882407153846,603697
3698,6,3452.1656235128207,603698
3699,6,3568.3503252051282,603699
3700,6,1980.739731,603700
3701,6,964.5594893358974,603701
3702,6,2682.652746102564,603702
3703,6,2547.557102769231,603703
3704,6,1027.0853928615384,603704
3705,6,4018.403100974359,603705
3706,6,3456.1645558461537,603706
3707,6,2122.992380897436,603707
3708,6,540.9633263641026,603708
3709,6,4539.1742073333335,603709
3710,6,6353.484716666667,603710
3711,6,5517.0680291538465,603711
3712,6,6216.759318769231,603712
3713,6,244.0725278871795,603713
3714,6,10507.206305615384,603714
3715,6,3415.8365595384616,603715
3716,6,3141.0892758205127,603716
3717,6,3337.839060358974,603717
3718,6,553.9221870025641,603718
3719,6,3389.594905666667,603719
3720,6,538.1372727051282,603720
3721,6,1949.5400475897436,603721
3722,6,1884.9327333846154,603722
3723,6,788.6011319384615,603723
3724,6,502.1395539923077,603724
3725,6,1060.8986032307691,603725
3727,6,1305.3784166410255,603727
3728,6,933.5094276820513,603728
3729,6,807.4903887564103,603729
3730,6,2077.9220634615385,603730
3731,6,3285.555951641026,603731
3733,6,1236.8928665128205,603733
3734,6,2588.0313464871797,603734
3735,6,994.5044998128205,603735
3736,6,4794.026496923077,603736
3737,6,19919.574175384616,603737
3738,6,17855.37959025641,603738
3739,6,16011.730831538462,603739
3740,6,5207.101248025641,603740
3741,6,3354.1568268461538,603741
3742,6,7378.002969871794,603742
3743,6,2044.965253974359,603743
3744,6,8469.643854333333,603744
3745,6,5249.181082846154,603745
3746,6,1501.7770815641024,603746
3747,6,4713.642078794872,603747
3748,6,1876.4850982307692,603748
3749,6,4807.92304074359,603749
3750,6,4322.277042666667,603750
3751,6,2068.3070805384614,603751
3752,6,3561.763421051282,603752
3753,6,7783.400759076923,603753
3754,6,7691.332146282051,603754
3755,6,2583.7093234871795,603755
3756,6,7312.863982615385,603756
3757,6,5048.380291666666,603757
3758,6,1089.9191537333334,603758
3759,6,1247.0054055897435,603759
3760,6,1765.837494051282,603760
3761,6,1299.7834302307692,603761
3762,6,1950.0392574358975,603762
3763,6,6773.461095820513,603763
3764,6,17515.050372564103,603764
3765,6,4162.749192897436,603765
3766,6,3753.311923717949,603766
3767,6,1879.2162684358975,603767
3768,6,2920.749804051282,603768
3769,6,821.1658129666666,603769
3770,6,1765.0331015128204,603770
3771,6,1493.8636836153846,603771
3772,6,5059.039583307693,603772
3773,6,4458.748468974359,603773
3775,6,3013.0764731025643,603775
3776,6,24350.167746923078,603776
3777,6,41189.71578410256,603777
3778,6,20274.57906948718,603778
3779,6,26838.64996128205,603779
3780,6,1429.2652167692308,603780
3781,6,2739.5797241025643,603781
3782,6,5792.337587025641,603782
3783,6,15066.528907435897,603783
3784,6,10194.78016351282,603784
3785,6,2642.4294466410256,603785
3786,6,5764.154256128205,603786
3787,6,2581.6678870153846,603787
3788,6,993.9375320384615,603788
3789,6,3457.671963076923,603789
3790,6,1821.3294697692309,603790
3791,6,3310.107818102564,603791
3792,6,6035.044750076923,603792
3793,6,3071.7789215641023,603793
3794,6,3243.7768805128203,603794
3795,6,2463.6002197435896,603795
3796,6,875.388433374359,603796
3797,6,4611.893481794872,603797
3798,6,10573.109673461538,603798
3799,6,3737.29677974359,603799
3800,6,2104.6500334358975,603800
3801,6,3566.9102426153845,603801
3802,6,627.8585017666667,603802
3803,6,1637.5598867948718,603803
3804,6,790.0046141923077,603804
3805,6,1159.157145674359,603805
3806,6,2651.9356426410254,603806
3807,6,8751.695119205127,603807
3808,6,13803.535535128205,603808
3809,6,4698.776907871795,603809
3810,6,5540.890525051282,603810
3811,6,3779.2497613589744,603811
3812,6,404.79684164102565,603812
3813,6,687.0471831205128,603813
3814,6,1169.1143433846155,603814
3815,6,715.6832626333334,603815
3816,6,4037.566657948718,603816
3817,6,962.1151477,603817
3818,6,1616.91958,603818
3819,6,10297.566444846154,603819
3820,6,5937.372534923077,603820
3821,6,1424.3134992307691,603821
3822,6,1693.4552695051282,603822
3823,6,28777.31648076923,603823
3824,6,26307.903243846155,603824
3825,6,13883.40453128205,603825
3826,6,11780.210804615384,603826
3827,6,11621.135958794872,603827
3828,6,8462.37074074359,603828
3829,6,7529.328968102564,603829
3830,6,4312.076554948718,603830
3831,6,1571.6610704358975,603831
3832,6,1125.0601161538461,603832
3833,6,2312.5848456666668,603833
3834,6,741.5443541846154,603834
3835,6,2122.7411093846154,603835
3836,6,4479.467261076923,603836
3837,6,3419.316006205128,603837
3838,6,7812.017852717949,603838
3839,6,9408.742676948717,603839
3840,6,9504.344694615385,603840
3841,6,7944.6204577692315,603841
3842,6,15059.790552564102,603842
3843,6,9695.006585897436,603843
3844,6,8782.656457153846,603844
3845,6,7300.337925,603845
3846,6,8181.666182384615,603846
3847,6,9744.651654025642,603847
3848,6,10754.080454128205,603848
3849,6,8450.196146128204,603849
3850,6,6876.55374925641,603850
3851,6,4124.70478474359,603851
3852,6,719.3897761358975,603852
3853,6,2241.9234209230767,603853
3854,6,2428.9710470769232,603854
3855,6,5739.4494706666665,603855
3856,6,2936.223621717949,603856
3857,6,2624.4630606666665,603857
3858,6,3371.1070482564105,603858
3859,6,3706.716621282051,603859
3860,6,3240.9666501538463,603860
3861,6,3275.913986102564,603861
3862,6,2625.952428692308,603862
3863,6,613.5602703282051,603863
3864,6,2922.046334820513,603864
3865,6,1317.9155473897436,603865
3866,6,1834.333336051282,603866
3867,6,841.0625064179487,603867
3868,6,3601.9771523076924,603868
3869,6,4594.075413333333,603869
3870,6,7633.7460013076925,603870
3871,6,7638.6821394871795,603871
3872,6,4395.611967435897,603872
3873,6,3155.8057499230767,603873
3874,6,5122.819689410257,603874
3875,6,3616.133398794872,603875
3876,6,4142.602356,603876
3877,6,2997.8877716666666,603877
3878,6,1452.5629125897435,603878
3879,6,868.9639212794872,603879
3880,6,3494.1507447435897,603880
3947,6,90.28272084794872,603947
