WP4,campaign,value,pu
633,1,3641.8397626910114,100633
634,1,1063.841314291975,100634
635,1,93562.64410077441,100635
636,1,94053.56792141858,100636
637,1,93334.92487247613,100637
638,1,37153.24868422116,100638
639,1,65206.21727606686,100639
640,1,66270.73010267095,100640
641,1,1793.4935751172102,100641
642,1,47821.09069000228,100642
643,1,50171.49719030916,100643
644,1,12612.554541582485,100644
645,1,75109.62599325979,100645
646,1,30361.79968837609,100646
647,1,143698.59998582667,100647
648,1,20484.602537366147,100648
649,1,16151.442342386861,100649
650,1,25282.206484369566,100650
651,1,40586.83323416632,100651
652,1,64415.64325855398,100652
653,1,9365.753208247048,100653
654,1,24488.79989368557,100654
655,1,45287.43781078042,100655
656,1,1537.5424698383542,100656
657,1,53708.12158337129,100657
658,1,7457.783220439691,100658
659,1,7183.254100735086,100659
660,1,11960.74816694121,100660
661,1,29330.657738942005,100661
662,1,23621.485578610555,100662
663,1,12448.031418808876,100663
664,1,8864.557250260179,100664
665,1,6267.996434175792,100665
666,1,49722.05280200487,100666
667,1,5772.982288202154,100667
668,1,5153.561078061505,100668
669,1,5821.662077615643,100669
670,1,43418.48804832375,100670
671,1,12314.109454836247,100671
672,1,4827.726920808302,100672
673,1,39814.75732682468,100673
674,1,22156.15411219142,100674
675,1,22075.46083177021,100675
676,1,39400.41471077036,100676
677,1,18271.002395709853,100677
678,1,18263.57585398665,100678
679,1,26190.47653059825,100679
680,1,5316.394121881563,100680
681,1,18925.448184437373,100681
682,1,6372.236366105811,100682
683,1,65863.53270623845,100683
684,1,4031.570116435297,100684
685,1,16962.007333631875,100685
686,1,14844.145976079568,100686
687,1,7815.780079365855,100687
688,1,25606.976852596086,100688
689,1,8944.157605222606,100689
690,1,25381.83407505471,100690
691,1,5561.905951921488,100691
692,1,2109.1170800085933,100692
693,1,356.6850094221896,100693
694,1,3158.85349786689,100694
695,1,1501.1093088298394,100695
696,1,759.8240685528251,100696
697,1,646.1001272616883,100697
698,1,2514.2231510305232,100698
699,1,1525.2521947197774,100699
700,1,4903.741519417484,100700
701,1,499.0847365948107,100701
702,1,5171.12168206218,100702
703,1,2491.458014611691,100703
704,1,556.5369498961751,100704
705,1,986.2090882154291,100705
706,1,12484.00300736664,100706
707,1,3428.5299275498537,100707
708,1,15243.806876007615,100708
709,1,1757.4137773934183,100709
710,1,1717.652450995607,100710
711,1,6527.941933728909,100711
712,1,1613.5724737469263,100712
713,1,1730.4197954370684,100713
714,1,1099.570551171214,100714
715,1,8030.832224871763,100715
717,1,6925.56425773931,100717
718,1,258.8766744133642,100718
719,1,787.8665516105025,100719
720,1,687.3023768059439,100720
721,1,879.9636434976891,100721
722,1,10148.911289074078,100722
723,1,10465.913894817748,100723
724,1,4275.612787700827,100724
726,1,4257.682156048346,100726
727,1,2395.9244295032354,100727
728,1,13930.595217097669,100728
729,1,1499.282103006736,100729
730,1,33344.37404462989,100730
731,1,8047.046463546571,100731
732,1,7254.623676039068,100732
733,1,4846.915283403576,100733
734,1,810.6602404937331,100734
735,1,7528.134914718495,100735
736,1,864.1414928256836,100736
737,1,9255.814855693514,100737
738,1,5099.673393687903,100738
739,1,828.4802270932764,100739
740,1,1545.8973190444906,100740
741,1,1241.6779637916197,100741
742,1,3906.2152887688217,100742
743,1,2354.2987444137343,100743
744,1,8236.1087703291,100744
745,1,3490.192181144999,100745
746,1,615.7721822952633,100746
748,1,1965.9522330330578,100748
749,1,4563.62420555748,100749
750,1,630.7195676546096,100750
751,1,663.7284582893616,100751
752,1,3031.7978314044794,100752
753,1,727.7139146563438,100753
754,1,7155.954270283288,100754
756,1,6663.57700133477,100756
757,1,4203.376487785247,100757
758,1,388.0308389327029,100758
759,1,282.1610848635077,100759
760,1,809.8259500061013,100760
761,1,2752.2877672108707,100761
762,1,1327.2843748977093,100762
763,1,1539.4205206682211,100763
764,1,7113.951453929086,100764
765,1,5701.9126296528575,100765
766,1,3338.7330870640417,100766
767,1,235.4050867852291,100767
768,1,2057.026035995439,100768
769,1,1551.7830894983301,100769
771,1,1242.741247066217,100771
772,1,2536.1120025424184,100772
773,1,2117.7455794209777,100773
774,1,685.1579213103419,100774
775,1,2781.4002783271662,100775
776,1,4357.003755342377,100776
777,1,3045.8571916697642,100777
778,1,282.4340095456095,100778
779,1,790.4875334520624,100779
780,1,3421.0415696460195,100780
781,1,364.46751618106737,100781
782,1,2820.2385547345616,100782
783,1,4654.396736867345,100783
784,1,1692.1958827143387,100784
785,1,277.60726399590385,100785
786,1,5519.538711809866,100786
787,1,904.603754511564,100787
788,1,657.2237149935323,100788
789,1,2140.640542269567,100789
790,1,946.1150518197076,100790
791,1,726.3338338090682,100791
793,1,992.6659272061253,100793
806,1,1433.4221442681132,100806
807,1,7264.719985765687,100807
808,1,8227.049738773334,100808
809,1,20752.141271710996,100809
810,1,22669.8202518288,100810
811,1,2764.0151746162237,100811
812,1,10779.745091240038,100812
813,1,5362.747945295479,100813
814,1,5721.444789500356,100814
815,1,5099.439678919001,100815
816,1,231.10339111824769,100816
817,1,852.1312910930862,100817
818,1,467.0412937796261,100818
819,1,2317.558177731406,100819
820,1,11562.53018180431,100820
821,1,5416.3129376868865,100821
822,1,986.9930379390927,100822
823,1,301.0958477918969,100823
824,1,426.670262302504,100824
825,1,1139.3200157806243,100825
827,1,852.9179701116508,100827
828,1,2834.63688085757,100828
829,1,949.483036762797,100829
830,1,13051.760608967888,100830
831,1,18478.334856867557,100831
854,1,1017.4976834770446,100854
855,1,4069.793127071839,100855
856,1,1458.7209627598995,100856
857,1,494.571321488001,100857
860,1,5185.926032174012,100860
861,1,1356.325837170772,100861
862,1,717.2660192022346,100862
863,1,1828.4442113478028,100863
864,1,5718.082118703888,100864
865,1,1238.3269718596341,100865
866,1,1696.814096248419,100866
870,1,616.1394188292963,100870
871,1,3714.6254307822824,100871
872,1,2697.1249734604544,100872
873,1,1955.0402246670415,100873
876,1,6365.189978499045,100876
879,1,6029.147612513204,100879
880,1,4043.581184249445,100880
881,1,2874.198912231991,100881
882,1,4025.355752616291,100882
883,1,5285.7736408114115,100883
884,1,2542.627980149831,100884
885,1,15546.68789977878,100885
886,1,15598.979836186798,100886
887,1,10052.093163777077,100887
888,1,2368.5397646816677,100888
889,1,404.5286689019453,100889
890,1,1133.817816025093,100890
891,1,5858.135069074126,100891
892,1,8153.266697645166,100892
893,1,1474.8574578678918,100893
894,1,428.57578565925155,100894
895,1,1484.7821667991539,100895
896,1,792.7133666125582,100896
897,1,700.1435450942728,100897
898,1,3439.561298822032,100898
899,1,643.9564734947621,100899
900,1,4466.9567870588235,100900
901,1,810.0406748545536,100901
902,1,9699.902172539529,100902
903,1,806.0158838480386,100903
904,1,886.4145064936099,100904
905,1,960.393908086736,100905
906,1,473.53382429074384,100906
907,1,384.28505923665347,100907
908,1,362.46068056847304,100908
909,1,3412.5895165464317,100909
910,1,410.46724695881414,100910
911,1,747.4008139472733,100911
912,1,1375.2313454272087,100912
914,1,3019.147888714859,100914
915,1,807.4221746021632,100915
916,1,903.9757970355973,100916
917,1,1603.1513341010027,100917
918,1,1644.83332407914,100918
919,1,828.816300018219,100919
920,1,759.9656036150101,100920
922,1,504.72550562763416,100922
925,1,7947.623949084882,100925
926,1,10740.391231331258,100926
927,1,8858.835343748195,100927
928,1,12255.155876562021,100928
929,1,3495.270138223251,100929
930,1,7524.948056598374,100930
931,1,1398.888317769896,100931
932,1,109.362174851856,100932
933,1,2583.608913854271,100933
934,1,233.72488101005447,100934
935,1,956.840362432291,100935
937,1,4903.622462426616,100937
938,1,4647.07561412694,100938
939,1,851.7411966704018,100939
940,1,1009.7238736759717,100940
941,1,5601.430418557868,100941
942,1,2923.983964482005,100942
943,1,664.8021124601071,100943
944,1,3635.2934425039753,100944
945,1,2051.8790547800063,100945
946,1,3783.219784064184,100946
947,1,7946.401158933742,100947
948,1,2087.956575421928,100948
949,1,5986.418610568016,100949
950,1,580.4043024872784,100950
951,1,264.2308474257897,100951
952,1,2316.61635899858,100952
953,1,1781.983235181385,100953
954,1,1679.0916087991127,100954
955,1,3114.081807786279,100955
956,1,2080.468143194824,100956
957,1,863.387039724838,100957
958,1,2836.6377172787847,100958
959,1,789.0453479760159,100959
960,1,456.44272553308804,100960
961,1,664.6093923715935,100961
963,1,1931.6653863132615,100963
964,1,6387.418161146794,100964
965,1,453.24831924681564,100965
966,1,1107.6556502388735,100966
967,1,344.2632844391499,100967
968,1,775.5130298343195,100968
969,1,2005.3026566806534,100969
970,1,2578.4203292412703,100970
971,1,1960.4127635100078,100971
972,1,258.7365192706672,100972
973,1,3507.6460238986847,100973
974,1,1875.9125722345043,100974
975,1,2409.5148709453442,100975
976,1,3715.8626912528475,100976
977,1,2236.689887800001,100977
978,1,3124.597493396263,100978
979,1,414.7238339911873,100979
980,1,464.85819977558765,100980
981,1,298.4429136219694,100981
982,1,3388.0637956153846,100982
983,1,674.9836747113768,100983
984,1,736.8507869310396,100984
985,1,3393.404183614984,100985
986,1,4478.467377813226,100986
987,1,1002.4614093136242,100987
988,1,2727.5337979067594,100988
989,1,1945.586346837954,100989
990,1,171.1754717901599,100990
991,1,1687.7609251930794,100991
992,1,6131.630961150353,100992
993,1,3083.2952699162042,100993
994,1,1248.7222308262749,100994
995,1,838.3641564440231,100995
996,1,215.33992752247684,100996
997,1,726.8862412295568,100997
998,1,70402.08033732616,100998
999,1,64771.302127847484,100999
1000,1,53986.82433888854,101000
1001,1,17067.81697011869,101001
1002,1,46871.953060917265,101002
1003,1,29872.876060258455,101003
1004,1,13967.175734311722,101004
1005,1,20168.330617264797,101005
1006,1,4158.654257732662,101006
1007,1,17342.129760645912,101007
1008,1,12027.261429772938,101008
1009,1,21520.882143619707,101009
1010,1,11133.531794211825,101010
1011,1,22273.294026190862,101011
1012,1,15295.40185873068,101012
1013,1,12858.68412262888,101013
1014,1,8597.94592151968,101014
1015,1,18875.001121431305,101015
1016,1,3016.3317096256164,101016
1017,1,5520.6193710258485,101017
1018,1,1930.8693766240408,101018
1019,1,7993.423048536485,101019
1020,1,1325.6251472950437,101020
1021,1,5670.11604357532,101021
1022,1,1021.1592123884775,101022
1023,1,3077.2063334502527,101023
1024,1,1994.5511099735422,101024
1026,1,4607.898245811806,101026
1027,1,3437.4691778109836,101027
1028,1,2741.1466239467804,101028
1029,1,815.6781283194163,101029
1030,1,1083.0577162777329,101030
1031,1,3982.1302494994716,101031
1032,1,893.8036556599816,101032
1034,1,188.39372058218623,101034
1035,1,1894.05284412685,101035
1036,1,5084.678927867919,101036
1037,1,952.9842157788541,101037
1038,1,129.87203739218361,101038
1039,1,3069.338574253519,101039
1040,1,1349.8244772565008,101040
1041,1,2005.2781621312288,101041
1042,1,3904.333406138302,101042
1043,1,2526.2415114686078,101043
1044,1,3066.5162714041558,101044
1045,1,17259.668072380147,101045
1046,1,15913.876193487082,101046
1047,1,8709.413550357518,101047
1048,1,195.1848479824178,101048
1049,1,5579.222598098879,101049
1050,1,6935.378027748738,101050
1051,1,4017.6427638852774,101051
1052,1,3066.501712378903,101052
1053,1,892.0512296209514,101053
1054,1,3034.7260783366414,101054
1055,1,1474.0919137653907,101055
1056,1,2606.2914186478265,101056
1057,1,1632.199275870684,101057
1058,1,2864.6882712177735,101058
1059,1,1807.593230575097,101059
1060,1,3422.3043424114762,101060
1061,1,7356.405069841808,101061
1063,1,2825.677370413925,101063
1064,1,5290.692917159347,101064
1065,1,9000.120117579025,101065
1066,1,4395.353028419257,101066
1067,1,5061.9024932098055,101067
1068,1,1911.3650230641183,101068
1069,1,5180.088974112288,101069
1070,1,10647.667899364737,101070
1071,1,5592.387223388735,101071
1072,1,2547.623572736923,101072
1073,1,1659.625413700566,101073
1074,1,2345.974518463125,101074
1075,1,946.9354478547783,101075
1076,1,7699.677924681755,101076
1077,1,2435.537499285861,101077
1078,1,609.9926401826324,101078
1079,1,393.7540264323195,101079
1080,1,684.8654608571445,101080
1081,1,4015.198562014884,101081
1082,1,13149.644112465774,101082
1083,1,4181.050553134158,101083
1084,1,1976.6406628720913,101084
1085,1,1648.9336865688467,101085
1086,1,836.5602550675017,101086
1087,1,2509.7085737819607,101087
1088,1,514.4143419341802,101088
1089,1,1257.7104745765268,101089
1090,1,2093.289494466692,101090
1091,1,932.4433064738093,101091
1092,1,498.1105404596785,101092
1093,1,702.8429846827049,101093
1094,1,2578.473110285561,101094
1095,1,527.556198345367,101095
1096,1,1717.2296619754761,101096
1097,1,562.6665852501302,101097
1098,1,224.91932563871165,101098
1099,1,1373.9979125590078,101099
1100,1,786.0466207173658,101100
1101,1,857.3640638708883,101101
1102,1,901.3296178260015,101102
1103,1,2153.2654352475847,101103
1104,1,2855.482150601167,101104
1105,1,1286.8086236161162,101105
1106,1,476.6364749110257,101106
1107,1,1092.5181361729715,101107
1108,1,2229.756847822591,101108
1109,1,524.4549888774984,101109
1110,1,279.3916974209178,101110
1111,1,2074.159665967061,101111
1112,1,598.9274032400575,101112
1113,1,7509.856011606817,101113
1114,1,491.4376043614763,101114
1115,1,4679.7237132435175,101115
1116,1,6843.312467416572,101116
1117,1,6287.155794524414,101117
1118,1,5682.176729798553,101118
1119,1,2037.6980918831273,101119
1120,1,2687.158088197682,101120
1121,1,1915.2348638888402,101121
1122,1,752.6260115346528,101122
1123,1,4329.25006247398,101123
1124,1,2048.1042754194177,101124
1125,1,2389.5735490853317,101125
1126,1,1742.4954420439435,101126
1127,1,1037.2515448371432,101127
1128,1,3368.459903018042,101128
1129,1,1607.288169237442,101129
1130,1,582.3028163057144,101130
1131,1,3248.651639446102,101131
1132,1,7676.0770833144215,101132
1133,1,7213.17265654326,101133
1134,1,5935.471040254539,101134
1135,1,3565.26828524369,101135
1136,1,16771.727838134906,101136
1137,1,9684.250492014042,101137
1138,1,5592.672304586386,101138
1139,1,10901.471612956455,101139
1140,1,2201.007266899731,101140
1141,1,10635.57859856622,101141
1142,1,4150.625139542594,101142
1143,1,1216.96919740459,101143
1144,1,701.8190747616397,101144
1145,1,2797.595999757188,101145
1146,1,817.8217719920328,101146
1147,1,117.90833067975606,101147
1148,1,891.4860527016511,101148
1149,1,1636.0058847853177,101149
1150,1,403.45532601076286,101150
1151,1,472.8883580599678,101151
1152,1,693.4471681043241,101152
1153,1,5079.767160980981,101153
1154,1,427.3980095872,101154
1155,1,556.37437741387,101155
1156,1,525.7724891898516,101156
1157,1,3764.3526320215055,101157
1158,1,924.0044298246261,101158
1159,1,510.47358770038034,101159
1160,1,220.12668249041025,101160
1161,1,2420.019519693432,101161
1162,1,3872.1021036535203,101162
1163,1,3699.7197077767332,101163
1164,1,9092.943053498182,101164
1165,1,7010.314980840114,101165
1166,1,5094.312136725774,101166
1167,1,1470.5775554936997,101167
1168,1,411.48032975534915,101168
633,2,4165.5609317417375,200633
634,2,1198.259732495656,200634
635,2,98067.15159288941,200635
636,2,101266.3806407328,200636
637,2,106318.19641355655,200637
638,2,42450.46660793617,200638
639,2,74737.78302885668,200639
640,2,76614.41066954265,200640
641,2,2172.3202094736557,200641
642,2,54609.05082730267,200642
643,2,57335.87822287241,200643
644,2,14762.917586810803,200644
645,2,87024.96784711271,200645
646,2,35310.27952506617,200646
647,2,166976.90462008253,200647
648,2,24018.73914782283,200648
649,2,18299.18251215372,200649
650,2,29598.356551161138,200650
651,2,47391.83458112102,200651
652,2,73111.48718898068,200652
653,2,10882.604386698193,200653
654,2,28137.825147734497,200654
655,2,53252.05404591425,200655
656,2,1709.5420520518003,200656
657,2,60044.79744221376,200657
658,2,8327.99045247805,200658
659,2,8232.489097082118,200659
660,2,13607.456138922793,200660
661,2,32732.08662080342,200661
662,2,26506.31494526523,200662
663,2,13015.051578010534,200663
664,2,9836.965124276763,200664
665,2,6494.0550415928565,200665
666,2,54512.73135313163,200666
667,2,6330.883523273446,200667
668,2,5331.775390339549,200668
669,2,6321.113985054199,200669
670,2,47082.44257071489,200670
671,2,13394.986501577821,200671
672,2,5085.497589097912,200672
673,2,39643.65371772733,200673
674,2,23361.95133051514,200674
675,2,20639.180413707993,200675
676,2,38931.9232496935,200676
677,2,17661.74278669483,200677
678,2,16065.31260473638,200678
679,2,24510.963954594976,200679
680,2,4911.644733910525,200680
681,2,16715.606187561956,200681
682,2,5651.44218426367,200682
683,2,63807.40973354035,200683
684,2,3720.2672160483094,200684
685,2,18062.604041093044,200685
686,2,14732.81428802066,200686
687,2,7661.021319594437,200687
688,2,22837.20887213631,200688
689,2,7971.131349704784,200689
690,2,22985.20483571657,200690
691,2,5854.745484495927,200691
692,2,930.6187370608426,200692
693,2,354.5823357769277,200693
694,2,3231.2963646751864,200694
695,2,1474.9543537973434,200695
696,2,601.0479034372748,200696
697,2,376.8266686699511,200697
698,2,764.2803064263486,200698
699,2,1537.8334955540208,200699
700,2,4916.451393412182,200700
701,2,470.58479951049424,200701
702,2,4294.49202596956,200702
703,2,2451.7633035696144,200703
704,2,571.6456272859673,200704
705,2,989.1905409963044,200705
706,2,12089.189353952139,200706
707,2,2863.074900105063,200707
708,2,13549.236373075606,200708
709,2,1545.446147431041,200709
710,2,1494.309247648817,200710
711,2,6889.679164191288,200711
712,2,1448.34173212557,200712
713,2,1684.1674713510258,200713
714,2,1097.2256275430973,200714
715,2,8181.541941859388,200715
717,2,6186.065921782206,200717
718,2,216.32767505622806,200718
719,2,681.1437280793001,200719
720,2,597.5594123642545,200720
721,2,968.414470658925,200721
722,2,10919.674262325863,200722
723,2,10557.16361388641,200723
724,2,4535.078502628512,200724
726,2,4470.912132623561,200726
727,2,2460.0310097245506,200727
728,2,14424.266517476277,200728
729,2,1535.6971339775475,200729
730,2,32733.67050483389,200730
731,2,7509.186352579449,200731
732,2,9346.14187854881,200732
733,2,6466.913036842225,200733
734,2,921.8687626383512,200734
735,2,7213.404379305324,200735
736,2,836.1940631247289,200736
737,2,9225.590998298174,200737
738,2,5323.4070439413845,200738
739,2,751.930021696879,200739
740,2,1333.5649158419897,200740
741,2,1294.067580736949,200741
742,2,3846.0774625710264,200742
743,2,2463.9601561420636,200743
744,2,9030.930973564262,200744
745,2,3488.87709933596,200745
746,2,630.7444323698331,200746
748,2,1850.9227295224246,200748
749,2,5217.333770334894,200749
750,2,578.8406707875077,200750
751,2,614.7491652704188,200751
752,2,3174.761728555833,200752
753,2,655.6655749472184,200753
754,2,7838.720272074546,200754
756,2,7791.230425033199,200756
757,2,4970.452302556544,200757
758,2,360.8367857980332,200758
759,2,298.5520203846513,200759
760,2,879.5182433677104,200760
761,2,3165.437276078053,200761
762,2,1200.229858030368,200762
763,2,1777.2799287127086,200763
764,2,7409.773575716231,200764
765,2,5831.536895325374,200765
766,2,3907.0614249703617,200766
767,2,218.99705277760242,200767
768,2,1777.3786703250041,200768
769,2,1436.7374114632094,200769
771,2,1511.227254861758,200771
772,2,3031.365263285118,200772
773,2,2250.868092150701,200773
774,2,621.099900078061,200774
775,2,2535.4388361568263,200775
776,2,4570.676445741116,200776
777,2,3188.373990787936,200777
778,2,304.6641714182593,200778
779,2,805.4733149898206,200779
780,2,3423.702753984572,200780
781,2,403.1873615615733,200781
782,2,2842.841175472952,200782
783,2,4745.3057884527025,200783
784,2,1833.960534003284,200784
785,2,256.13716536048145,200785
786,2,5626.822117813352,200786
787,2,916.2423553727608,200787
788,2,694.402690619939,200788
789,2,2206.665543185307,200789
790,2,943.6365040131359,200790
791,2,705.66845020648,200791
793,2,941.7430260950072,200793
806,2,1374.436214539876,200806
807,2,7831.540085266646,200807
808,2,8902.427762617433,200808
809,2,21037.399126271797,200809
810,2,21537.21149619746,200810
811,2,2670.7798676154384,200811
812,2,10206.649548963072,200812
813,2,4845.5715035506755,200813
814,2,1902.6885819635347,200814
815,2,1664.9287933428525,200815
816,2,64.54765861231127,200816
817,2,636.9159245283729,200817
818,2,400.15971622400014,200818
819,2,2258.413316986053,200819
820,2,10437.860828509176,200820
821,2,5299.2720107306795,200821
822,2,1056.739716379433,200822
823,2,286.13877242535955,200823
824,2,425.37217911929594,200824
825,2,1238.4462143214366,200825
827,2,860.0275787324961,200827
828,2,3063.109301641249,200828
829,2,1106.3233642402956,200829
830,2,14576.169525524416,200830
831,2,20228.803405211558,200831
854,2,987.1692846691188,200854
855,2,5434.183694009378,200855
856,2,1569.7431696348835,200856
857,2,497.58094752138555,200857
860,2,5839.209829191289,200860
861,2,1358.701660949258,200861
862,2,788.0404431640887,200862
863,2,1701.381185737913,200863
864,2,7784.096897886706,200864
865,2,1418.230480100074,200865
866,2,1746.6487946080838,200866
870,2,691.9855482507306,200870
871,2,4066.835228334194,200871
872,2,2967.5231786635504,200872
873,2,2070.6873141820984,200873
876,2,6307.965006349109,200876
879,2,6138.372135320362,200879
880,2,3662.986130942316,200880
881,2,1111.0306165429106,200881
882,2,4415.824000279674,200882
883,2,5710.847761531815,200883
884,2,2697.9391840013727,200884
885,2,16800.110090614915,200885
886,2,16116.274087325746,200886
887,2,9979.288958447767,200887
888,2,2286.474158595952,200888
889,2,356.58084422110545,200889
890,2,997.2563867474896,200890
891,2,5052.6661613977585,200891
892,2,6548.233530230437,200892
893,2,1497.2584193423186,200893
894,2,422.5802528351295,200894
895,2,1300.194505552831,200895
896,2,757.2596548830813,200896
897,2,632.0610541874319,200897
898,2,2931.662063731282,200898
899,2,620.1002226569758,200899
900,2,4646.002622804305,200900
901,2,805.0212867457046,200901
902,2,9205.354433030203,200902
903,2,857.7003246919888,200903
904,2,843.7211000060672,200904
905,2,914.0690871460175,200905
906,2,401.8093414681389,200906
907,2,411.21308771370485,200907
908,2,369.1101330629567,200908
909,2,3893.7821848756194,200909
910,2,428.1553090392852,200910
911,2,759.7022302024452,200911
912,2,1466.258512580198,200912
914,2,3499.208428505241,200914
915,2,891.1515922859535,200915
916,2,903.8011918249109,200916
917,2,1564.7849605566419,200917
918,2,1651.9690823509493,200918
919,2,866.2199091302022,200919
920,2,795.0742590561151,200920
922,2,477.23204186591437,200922
925,2,8469.36502550693,200925
926,2,11107.966059457249,200926
927,2,9296.903083018877,200927
928,2,11152.283516744783,200928
929,2,3012.5899587629124,200929
930,2,2913.2913955658246,200930
931,2,1485.03142209776,200931
932,2,122.49168812321855,200932
933,2,2654.1631268975725,200933
934,2,210.20909262354985,200934
935,2,881.5450273965947,200935
937,2,5462.614419649631,200937
938,2,4955.142077561,200938
939,2,880.886334186865,200939
940,2,950.4400804250005,200940
941,2,5591.777323190477,200941
942,2,2907.22387336595,200942
943,2,610.1963255594819,200943
944,2,3372.6833799527094,200944
945,2,1794.1641890904932,200945
946,2,3517.9653758821455,200946
947,2,6937.306790483407,200947
948,2,1834.8352094100187,200948
949,2,3684.442170126978,200949
950,2,461.4554135273278,200950
951,2,294.28339790428555,200951
952,2,1987.6980440400544,200952
953,2,1775.1369749456214,200953
954,2,1222.2079722180297,200954
955,2,2908.9650751662384,200955
956,2,1943.6237738002735,200956
957,2,822.7027771018503,200957
958,2,2714.223752480338,200958
959,2,699.559904702052,200959
960,2,470.53676980534203,200960
961,2,594.255870480211,200961
963,2,1807.395721415284,200963
964,2,6666.895568537931,200964
965,2,433.71403136347624,200965
966,2,1211.5363470555096,200966
967,2,405.6408898984588,200967
968,2,820.1099800652293,200968
969,2,1903.0129966166153,200969
970,2,2325.858758895152,200970
971,2,2159.179243272066,200971
972,2,208.3998173602473,200972
973,2,3245.474323123373,200973
974,2,1627.3353955102032,200974
975,2,2684.508658535064,200975
976,2,3750.1075839205782,200976
977,2,2187.7665078847485,200977
978,2,3334.3517804292946,200978
979,2,423.5134485987456,200979
980,2,487.90919814398507,200980
981,2,327.58357627560093,200981
982,2,3446.2844529113218,200982
983,2,737.0566617314134,200983
984,2,797.9613152974248,200984
985,2,3450.9996457341877,200985
986,2,3521.112311336955,200986
987,2,831.4761777167048,200987
988,2,2916.7736889667713,200988
989,2,2040.885168237782,200989
990,2,187.2463734497533,200990
991,2,1741.4307679123033,200991
992,2,6558.878703161762,200992
993,2,2809.7641006255417,200993
994,2,1325.1499725206904,200994
995,2,913.9949474835888,200995
996,2,233.72304860084046,200996
997,2,734.7488101445999,200997
998,2,74163.91198629136,200998
999,2,72186.42776211876,200999
1000,2,63373.86463208149,201000
1001,2,18499.489551362418,201001
1002,2,53038.89314230378,201002
1003,2,33671.923659502216,201003
1004,2,15796.30762576923,201004
1005,2,22663.314336692867,201005
1006,2,4698.968950955081,201006
1007,2,18836.02832940567,201007
1008,2,13012.720020738045,201008
1009,2,22423.859461725802,201009
1010,2,12718.629646831232,201010
1011,2,24754.012056620682,201011
1012,2,13283.879192927425,201012
1013,2,13663.325355109802,201013
1014,2,9110.332272980679,201014
1015,2,21189.903460459263,201015
1016,2,3175.881726223607,201016
1017,2,6049.6255856902035,201017
1018,2,2017.8760186903785,201018
1019,2,8492.159288638031,201019
1020,2,776.6964851138246,201020
1021,2,3689.407366146383,201021
1022,2,552.8269715541833,201022
1023,2,3194.430654832722,201023
1024,2,2207.678832253591,201024
1026,2,3198.873436911533,201026
1027,2,2015.4160977271556,201027
1028,2,2605.883911848764,201028
1029,2,905.5661704266115,201029
1030,2,592.1317052579079,201030
1031,2,1843.2862117321195,201031
1032,2,386.95406711680863,201032
1034,2,184.6900578439802,201034
1035,2,917.7572710569302,201035
1036,2,4959.879199870257,201036
1037,2,974.6779603762819,201037
1038,2,126.30281515241191,201038
1039,2,3006.686309091228,201039
1040,2,1417.3330817445126,201040
1041,2,2032.4381771293015,201041
1042,2,4049.530320511276,201042
1043,2,2668.7382137989734,201043
1044,2,2876.8679879285028,201044
1045,2,19362.454843410473,201045
1046,2,17543.98759653326,201046
1047,2,7479.160892883354,201047
1048,2,130.14032557189688,201048
1049,2,4692.764547816589,201049
1050,2,6196.081955241605,201050
1051,2,2863.005437190142,201051
1052,2,3545.9891670356924,201052
1053,2,892.8968626316298,201053
1054,2,2575.256513222434,201054
1055,2,1311.730794519339,201055
1056,2,2727.705760399266,201056
1057,2,1675.1884117782222,201057
1058,2,3145.3775331092297,201058
1059,2,2181.560151930034,201059
1060,2,1473.69465576054,201060
1061,2,8357.831337291114,201061
1063,2,3175.0744247549856,201063
1064,2,5838.580053666253,201064
1065,2,9774.517400817464,201065
1066,2,4718.103991564325,201066
1067,2,4940.645913339917,201067
1068,2,1945.135515484342,201068
1069,2,2155.5544602922155,201069
1070,2,10827.350215052064,201070
1071,2,3074.497515079379,201071
1072,2,2925.6023492284744,201072
1073,2,1506.13652230907,201073
1074,2,2607.6751634789816,201074
1075,2,1096.5716830996955,201075
1076,2,8294.18747370193,201076
1077,2,2451.0212851725937,201077
1078,2,640.2525780567711,201078
1079,2,432.28619679844337,201079
1080,2,353.84438020207233,201080
1081,2,4273.629193813864,201081
1082,2,11893.036960637457,201082
1083,2,4375.524663915419,201083
1084,2,2078.008051746556,201084
1085,2,1776.491009689761,201085
1086,2,875.9542451251052,201086
1087,2,2770.296909575825,201087
1088,2,539.4098242181085,201088
1089,2,1304.431538032999,201089
1090,2,2112.492591887342,201090
1091,2,960.3526584988238,201091
1092,2,509.3943531604701,201092
1093,2,744.0147400805038,201093
1094,2,2694.344278361073,201094
1095,2,376.80016104205055,201095
1096,2,1638.1492389816563,201096
1097,2,587.2082238268941,201097
1098,2,228.82168293734966,201098
1099,2,1262.6585414935894,201099
1100,2,738.3119485418621,201100
1101,2,803.7615210874591,201101
1102,2,835.5053970025023,201102
1103,2,2206.6511826467863,201103
1104,2,2864.6308667303642,201104
1105,2,1232.152737332735,201105
1106,2,444.12144000413423,201106
1107,2,1110.319257587559,201107
1108,2,2452.7312247909695,201108
1109,2,592.104876449001,201109
1110,2,317.1842920446697,201110
1111,2,2150.126183393012,201111
1112,2,689.2385860700755,201112
1113,2,8766.170755596868,201113
1114,2,666.8208241598162,201114
1115,2,5366.199723584403,201115
1116,2,5774.426460078248,201116
1117,2,4338.711577296715,201117
1118,2,3537.710043781179,201118
1119,2,2099.4981324417754,201119
1120,2,2921.9482942124314,201120
1121,2,1776.3257048779574,201121
1122,2,364.5517566206649,201122
1123,2,4569.8762012931775,201123
1124,2,2038.2956214151063,201124
1125,2,2431.7771870409365,201125
1126,2,1125.77345628031,201126
1127,2,711.2714055560256,201127
1128,2,3423.938280856928,201128
1129,2,1398.1034750144975,201129
1130,2,624.9367277301509,201130
1131,2,3603.511591484378,201131
1132,2,8202.990914077796,201132
1133,2,8102.202161881029,201133
1134,2,6530.081439741818,201134
1135,2,3514.123837938564,201135
1136,2,16441.664021983568,201136
1137,2,9540.932421720849,201137
1138,2,5396.02751638255,201138
1139,2,10314.467277994281,201139
1140,2,2037.393707216804,201140
1141,2,9877.099261051622,201141
1142,2,3838.8309923568877,201142
1143,2,1241.113352548837,201143
1144,2,718.0662179274534,201144
1145,2,2496.7259629689993,201145
1146,2,715.740838669423,201146
1147,2,99.39188432282573,201147
1148,2,841.0713280374699,201148
1149,2,1703.9191955379306,201149
1150,2,393.47170291870657,201150
1151,2,419.2620241649605,201151
1152,2,658.2732064224869,201152
1153,2,5461.6967442683745,201153
1154,2,461.14153306804127,201154
1155,2,589.7265895905061,201155
1156,2,567.387708699733,201156
1157,2,4080.25389418085,201157
1158,2,984.4975158910983,201158
1159,2,555.3142484071958,201159
1160,2,243.85701065158867,201160
1161,2,2595.1915253123366,201161
1162,2,3996.471481692234,201162
1163,2,3732.2552885776195,201163
1164,2,8989.613423289224,201164
1165,2,6807.916047871734,201165
1166,2,3149.002960164681,201166
1167,2,1416.5766415902012,201167
1168,2,423.5367635908621,201168
633,3,4733.17966648822,300633
634,3,1347.6255245841282,300634
635,3,97753.75775102866,300635
636,3,101317.48728302411,300636
637,3,106292.03796963324,300637
638,3,43312.28355824636,300638
639,3,75574.43511267129,300639
640,3,76683.32586071627,300640
641,3,2977.570911994828,300641
642,3,51407.489166912725,300642
643,3,53246.64775558135,300643
644,3,14377.13140816924,300644
645,3,79692.82581397714,300645
646,3,32319.21700383568,300646
647,3,153455.9609614945,300647
648,3,23340.0961243321,300648
649,3,16705.32168026921,300649
650,3,27835.948662619794,300650
651,3,44484.7242274603,300651
652,3,65707.20136150133,300652
653,3,10138.169912588484,300653
654,3,26210.39963429086,300654
655,3,49571.16679862326,300655
656,3,1632.3108390606342,300656
657,3,53426.84690956928,300657
658,3,7783.653884741974,300658
659,3,7670.718609679497,300659
660,3,12688.985743024494,300660
661,3,30809.979344194508,300661
662,3,24868.470756821433,300662
663,3,11764.534948585304,300663
664,3,9167.42490693397,300664
665,3,6115.759002375053,300665
666,3,52245.26969174127,300666
667,3,5962.559319572956,300667
668,3,4982.915890815184,300668
669,3,6060.4329201249775,300669
670,3,45007.18344190512,300670
671,3,13018.981021603608,300671
672,3,5074.428678188536,300672
673,3,38456.63263402452,300673
674,3,23655.162855361963,300674
675,3,21162.124379018536,300675
676,3,42663.414872771944,300676
677,3,19809.431939748967,300677
678,3,18042.52005862177,300678
679,3,29078.475024183892,300679
680,3,5863.312502693015,300680
681,3,19343.57394093924,300681
682,3,6515.264372576646,300682
683,3,77281.23994786115,300683
684,3,4325.4930488586015,300684
685,3,20486.75028503271,300685
686,3,16909.82753892341,300686
687,3,8668.609715952454,300687
688,3,24111.290094119802,300688
689,3,9074.584859255616,300689
690,3,24299.30474613118,300690
691,3,5195.153324316277,300691
692,3,1383.0196451084903,300692
693,3,335.0630123106836,300693
694,3,2454.7281982079926,300694
695,3,906.9388304197778,300695
696,3,424.324498378344,300696
697,3,330.3939932337014,300697
698,3,857.3313266360434,300698
699,3,1230.9652424330618,300699
700,3,2880.1140329873137,300700
701,3,402.5718882274792,300701
702,3,4246.78007733146,300702
703,3,2558.297775272828,300703
704,3,404.8740696088621,300704
705,3,1071.1473164891174,300705
706,3,13588.09358358718,300706
707,3,2833.2232941493103,300707
708,3,14837.163222057297,300708
709,3,1509.5090697064966,300709
710,3,1253.2045991191262,300710
711,3,4040.207032088009,300711
712,3,976.4745448357612,300712
713,3,1272.7066070531423,300713
714,3,951.547883192375,300714
715,3,6312.267251380068,300715
717,3,4920.89480578937,300717
718,3,125.77396261506289,300718
719,3,471.2811305560759,300719
720,3,741.3282984192621,300720
721,3,1042.4151587341735,300721
722,3,13500.852247267168,300722
723,3,11716.842033028865,300723
724,3,5470.233207909968,300724
726,3,5255.474535216482,300726
727,3,2892.080724833933,300727
728,3,16948.96666394384,300728
729,3,1752.8347969465897,300729
730,3,37678.80612447982,300730
731,3,8331.761396726542,300731
732,3,9459.035702521442,300732
733,3,4548.749683475616,300733
734,3,754.8812217533203,300734
735,3,8024.735895868457,300735
736,3,937.2007520297425,300736
737,3,9505.37203241265,300737
738,3,5304.995113599734,300738
739,3,739.8061291576188,300739
740,3,1267.6196974607672,300740
741,3,1163.7427695640777,300741
742,3,4531.405746514957,300742
743,3,2752.541288935348,300743
744,3,8361.874659266869,300744
745,3,3169.2982181693583,300745
746,3,591.006478271129,300746
748,3,1667.4599275486717,300748
749,3,4788.805925696679,300749
750,3,587.3202801797839,300750
751,3,631.5590420513483,300751
752,3,3027.595979335637,300752
753,3,1134.7768805213727,300753
754,3,7526.578382853854,300754
756,3,5904.790814316838,300756
757,3,2988.4023536694467,300757
758,3,364.8237437513978,300758
759,3,350.9898602525009,300759
760,3,1015.5685055855906,300760
761,3,3144.6492296040924,300761
762,3,1198.19563574087,300762
763,3,1733.013558057496,300763
764,3,7865.23127328044,300764
765,3,6886.071289818833,300765
766,3,4337.481381453314,300766
767,3,193.1276179395948,300767
768,3,1088.5833272761834,300768
769,3,877.2405603350725,300769
771,3,1562.1432595443566,300771
772,3,3035.669587067112,300772
773,3,1752.2750217907064,300773
774,3,560.4985573990544,300774
775,3,2901.250512156828,300775
776,3,6963.715973073614,300776
777,3,3672.539853954109,300777
778,3,685.4590215344733,300778
779,3,1428.258141186582,300779
780,3,4869.365973365825,300780
781,3,484.8823471122517,300781
782,3,5743.619480367707,300782
783,3,6241.205827010628,300783
784,3,2637.67257425693,300784
785,3,386.3210632287553,300785
786,3,5727.979059236579,300786
787,3,902.9841750485189,300787
788,3,650.9943474309932,300788
789,3,2352.1395563364645,300789
790,3,1017.3332181642352,300790
791,3,672.5921775695736,300791
793,3,1212.5942652793792,300793
806,3,1791.4228816288062,300806
807,3,7905.871841875882,300807
808,3,8987.093297638994,300808
809,3,23161.438866100798,300809
810,3,23659.75149211219,300810
811,3,3022.5196396450137,300811
812,3,11247.199196450245,300812
813,3,5006.866690359985,300813
814,3,4111.192920938754,300814
815,3,3534.5272212282307,300815
816,3,136.2409823398405,300816
817,3,490.4979648692523,300817
818,3,283.8641286140217,300818
819,3,1721.9323839541164,300819
820,3,11147.086803324422,300820
821,3,3638.074016095198,300821
822,3,1133.105047840702,300822
823,3,375.05428385078636,300823
824,3,574.6092382119501,300824
825,3,1329.4914234182152,300825
827,3,776.2056139277414,300827
828,3,4200.895775053722,300828
829,3,1247.233446807863,300829
830,3,14013.219282602813,300830
831,3,20431.77407918657,300831
854,3,1307.5930066792007,300854
855,3,5762.053129481369,300855
856,3,1645.425239025054,300856
857,3,489.6339886008245,300857
860,3,9415.139807162914,300860
861,3,1936.8708638918847,300861
862,3,1126.3206726608687,300862
863,3,1821.8272776879494,300863
864,3,8893.749601006548,300864
865,3,1500.4959283709345,300865
866,3,2204.4727843365195,300866
870,3,675.8784570961773,300870
871,3,5699.749211843404,300871
872,3,3493.9516028619337,300872
873,3,2461.3122314708226,300873
876,3,6988.919195198424,300876
879,3,6481.911713405522,300879
880,3,3582.064027355182,300880
881,3,2364.3391113921707,300881
882,3,4837.555452563961,300882
883,3,5765.753694040032,300883
884,3,3316.2046277210975,300884
885,3,20099.34848137818,300885
886,3,18346.746519576274,300886
887,3,11392.429900659658,300887
888,3,2576.3072321693826,300888
889,3,390.9421939498785,300889
890,3,1063.0295836551115,300890
891,3,5470.84842716927,300891
892,3,6447.342494727546,300892
893,3,1492.4430898991313,300893
894,3,407.42744700444683,300894
895,3,1989.6135161765328,300895
896,3,687.3819615972772,300896
897,3,562.5277386908658,300897
898,3,2913.2368312969547,300898
899,3,567.347997026245,300899
900,3,4630.181307006995,300900
901,3,854.2545848770523,300901
902,3,9423.607968141494,300902
903,3,1079.3505120964824,300903
904,3,932.2944796757524,300904
905,3,915.3933882759267,300905
906,3,416.0826162598497,300906
907,3,387.2707755549498,300907
908,3,345.4906199206704,300908
909,3,3655.6715949313843,300909
910,3,380.2686012181581,300910
911,3,664.9229275162496,300911
912,3,1405.6103101793062,300912
914,3,3308.385090272298,300914
915,3,866.5582563076848,300915
916,3,1071.979416050057,300916
917,3,1803.918196086329,300917
918,3,1890.6853435186267,300918
919,3,1401.8376812779627,300919
920,3,1090.0509773673764,300920
922,3,476.962876947372,300922
925,3,10369.914562210157,300925
926,3,11593.434909522026,300926
927,3,9768.155427358599,300927
928,3,17800.782097641026,300928
929,3,4924.715757350767,300929
930,3,6050.164673769196,300930
931,3,1489.5909886992158,300931
932,3,117.75404166440592,300932
933,3,2121.6255369488613,300933
934,3,189.08337792869366,300934
935,3,797.8459453937131,300935
937,3,4199.957758902883,300937
938,3,6634.4328408578385,300938
939,3,1294.8114442450455,300939
940,3,1220.9166016918075,300940
941,3,6200.589929445352,300941
942,3,3044.1790493881253,300942
943,3,611.387101816222,300943
944,3,3423.0410955693,300944
945,3,2006.363538200004,300945
946,3,3860.069789801361,300946
947,3,7868.8934824751495,300947
948,3,2587.9678956995567,300948
949,3,7172.271934016702,300949
950,3,681.943845282806,300950
951,3,380.37318586458383,300951
952,3,1604.5245613749412,300952
953,3,1717.4632776291317,300953
954,3,2222.489800729798,300954
955,3,2564.386403186443,300955
956,3,950.4115936303795,300956
957,3,402.83723445349926,300957
958,3,2092.371254975266,300958
959,3,674.4883028500706,300959
960,3,457.5483707080018,300960
961,3,383.7896898047356,300961
963,3,1775.492232016055,300963
964,3,6412.830049331062,300964
965,3,396.74358958062373,300965
966,3,1058.9483295236796,300966
967,3,390.5371361651757,300967
968,3,814.9118736223206,300968
969,3,1988.0125700653007,300969
970,3,2506.2416258446983,300970
971,3,2405.996824754583,300971
972,3,260.0755982298629,300972
973,3,3181.3751794100185,300973
974,3,1646.9621180549166,300974
975,3,2642.40742954099,300975
976,3,3494.205001194583,300976
977,3,2153.155233105429,300977
978,3,3185.081634917626,300978
979,3,381.09341040725786,300979
980,3,491.0762396132722,300980
981,3,306.2231091302249,300981
982,3,4798.099992654337,300982
983,3,650.7628351538708,300983
984,3,735.3509384546173,300984
985,3,2888.412571371249,300985
986,3,6125.316158149838,300986
987,3,1231.2363455197212,300987
988,3,4188.659352710627,300988
989,3,2910.308372089453,300989
990,3,187.62644995988703,300990
991,3,1899.015761722005,300991
992,3,6150.8881773576895,300992
993,3,3341.1229916783195,300993
994,3,1271.2046284258295,300994
995,3,905.4346689800234,300995
996,3,219.41882605455626,300996
997,3,655.842965941054,300997
998,3,77336.81355072423,300998
999,3,75491.37981861937,300999
1000,3,70261.67344189528,301000
1001,3,25866.043359474475,301001
1002,3,61000.90170528278,301002
1003,3,38842.93369543635,301003
1004,3,18572.078355318514,301004
1005,3,27355.39464991224,301005
1006,3,5561.027809009676,301006
1007,3,22846.17921680294,301007
1008,3,15938.73585732583,301008
1009,3,24808.531490825608,301009
1010,3,15274.317975188864,301010
1011,3,30260.680741902564,301011
1012,3,32480.153779553184,301012
1013,3,15422.660507750976,301013
1014,3,10127.085369374105,301014
1015,3,23054.221617162057,301015
1016,3,3159.4243582797985,301016
1017,3,6748.142615423562,301017
1018,3,2212.7794169728695,301018
1019,3,9105.398196658034,301019
1020,3,2007.4270539060797,301020
1021,3,10331.625676490366,301021
1022,3,1693.8248806831057,301022
1023,3,3744.326532050166,301023
1024,3,2256.93081728272,301024
1026,3,8279.517083348583,301026
1027,3,6188.700929172227,301027
1028,3,2501.821855542069,301028
1029,3,871.6201440764615,301029
1030,3,1380.0700011723673,301030
1031,3,3281.237520790167,301031
1032,3,644.5035302919728,301032
1034,3,335.5193150907239,301034
1035,3,2239.6638335634307,301035
1036,3,10929.472010480944,301036
1037,3,1201.2373343845131,301037
1038,3,142.8588322300308,301038
1039,3,5199.568083126148,301039
1040,3,1434.9862720454366,301040
1041,3,3115.935786871544,301041
1042,3,4599.258247137414,301042
1043,3,3416.8283279892667,301043
1044,3,3754.584937202989,301044
1045,3,22139.1030195933,301045
1046,3,19998.139828989122,301046
1047,3,21831.822612049724,301047
1048,3,428.79510080776953,301048
1049,3,7753.124177984301,301049
1050,3,10553.647314898,301050
1051,3,5256.852981765878,301051
1052,3,2630.3382418698434,301052
1053,3,872.7672190183653,301053
1054,3,2506.611869722631,301054
1055,3,2588.325689234536,301055
1056,3,4051.0953362566506,301056
1057,3,2508.9376086038055,301057
1058,3,3248.1225531014384,301058
1059,3,2180.020529326763,301059
1060,3,3436.194582374623,301060
1061,3,8477.625470408928,301061
1063,3,2810.7561945662937,301063
1064,3,6628.533910387591,301064
1065,3,10999.583733008381,301065
1066,3,5321.825260832899,301066
1067,3,4794.408826258272,301067
1068,3,1933.4682326496263,301068
1069,3,5215.593089028173,301069
1070,3,10449.223091873053,301070
1071,3,8099.743488649038,301071
1072,3,4060.4234728555102,301072
1073,3,2957.1900697416136,301073
1074,3,2581.8330737697142,301074
1075,3,1247.2238167938642,301075
1076,3,9968.34261715026,301076
1077,3,3271.1927963608796,301077
1078,3,737.1662719972214,301078
1079,3,398.2737967137183,301079
1080,3,883.4036960258902,301080
1081,3,5931.334348337559,301081
1082,3,12075.886245886699,301082
1083,3,4482.950182942306,301083
1084,3,2147.3454699229956,301084
1085,3,1724.5665210338254,301085
1086,3,829.5054232238564,301086
1087,3,2681.9878084140682,301087
1088,3,486.79657887758964,301088
1089,3,1285.8546407690033,301089
1090,3,2210.6469961075004,301090
1091,3,959.5695860140371,301091
1092,3,475.42663108800883,301092
1093,3,1311.560601186139,301093
1094,3,4432.946700955388,301094
1095,3,850.8989078886035,301095
1096,3,3883.5534242368894,301096
1097,3,721.3303205408923,301097
1098,3,255.20576271537217,301098
1099,3,1522.367502059438,301099
1100,3,729.0650828499646,301100
1101,3,767.7895194310943,301101
1102,3,844.4017041920622,301102
1103,3,2883.6561244602863,301103
1104,3,2789.5063752360984,301104
1105,3,1233.4256998892408,301105
1106,3,433.2850210104693,301106
1107,3,1054.0034250072924,301107
1108,3,5004.457838607293,301108
1109,3,936.5049997754942,301109
1110,3,477.23092542908574,301110
1111,3,3575.5297373350754,301111
1112,3,673.2035289433211,301112
1113,3,9852.684583129507,301113
1114,3,968.4476695011847,301114
1115,3,6050.928637078042,301115
1116,3,13210.44739649083,301116
1117,3,13317.788962794952,301117
1118,3,10474.177236032521,301118
1119,3,2256.716125315871,301119
1120,3,2891.7452880513583,301120
1121,3,2860.4172807642417,301121
1122,3,769.4607612315228,301122
1123,3,9428.370639960887,301123
1124,3,2098.6071271771175,301124
1125,3,3628.596333362877,301125
1126,3,2983.5691960914564,301126
1127,3,1925.189805916846,301127
1128,3,3416.199861844904,301128
1129,3,2929.45388063494,301129
1130,3,586.951479577893,301130
1131,3,3498.8518268291946,301131
1132,3,7979.218671428384,301132
1133,3,8938.59963394578,301133
1134,3,7172.045180183704,301134
1135,3,3469.0377590742346,301135
1136,3,16094.00408768738,301136
1137,3,9798.896208179209,301137
1138,3,5237.912428008272,301138
1139,3,9803.17661884666,301139
1140,3,1886.932296126093,301140
1141,3,9157.256037091174,301141
1142,3,3923.382990908944,301142
1143,3,1276.344076126994,301143
1144,3,728.9525005364419,301144
1145,3,2673.7660818486142,301145
1146,3,766.9020615627716,301146
1147,3,108.86447705779966,301147
1148,3,819.7737995567797,301148
1149,3,1709.0205781262127,301149
1150,3,358.34279095617967,301150
1151,3,410.93341532542803,301151
1152,3,601.3863348260462,301152
1153,3,5434.330571051009,301153
1154,3,438.1280818817131,301154
1155,3,549.204866137886,301155
1156,3,546.8525787789657,301156
1157,3,3941.3819996325396,301157
1158,3,964.1667410010439,301158
1159,3,542.910985985835,301159
1160,3,239.2506739197048,301160
1161,3,2538.4845099582094,301161
1162,3,3862.741602402642,301162
1163,3,3478.1138526052505,301163
1164,3,8031.303696600356,301164
1165,3,5964.845529750107,301165
1166,3,6806.309889547169,301166
1167,3,1311.5984144167553,301167
1168,3,402.2560435148438,301168
633,4,4337.326273915629,400633
634,4,1221.5375773506853,400634
635,4,81955.29300288018,400635
636,4,84878.38423431804,400636
637,4,87594.6596944598,400637
638,4,36446.6309329876,400638
639,4,62948.88024120055,400639
640,4,62821.65578809794,400640
641,4,2746.4238294003144,400641
642,4,39613.07081105163,400642
643,4,39850.41624961868,400643
644,4,11394.258084572883,400644
645,4,58434.14533087939,400645
646,4,24046.102411855212,400646
647,4,113682.8993631013,400647
648,4,18559.796844320666,400648
649,4,13277.065752467706,400649
650,4,22750.27316993386,400650
651,4,36472.43243902579,400651
652,4,52331.470043149806,400652
653,4,8408.741200531798,400653
654,4,21708.074087296034,400654
655,4,41633.9799074229,400655
656,4,1450.2711225357073,400656
657,4,44096.504014362195,400657
658,4,6809.417142346794,400658
659,4,6764.698250844094,400659
660,4,11272.163713491173,400660
661,4,27137.508065980062,400661
662,4,22314.480326436344,400662
663,4,10109.875737812643,400663
664,4,8287.837766955872,400664
665,4,5258.9850716911715,400665
666,4,48449.515121573844,400666
667,4,5508.233598087024,400667
668,4,4420.775437759788,400668
669,4,5630.279265171413,400669
670,4,42302.184075669946,400670
671,4,12380.98784223392,400671
672,4,4884.704433414341,400672
673,4,35048.28928998387,400673
674,4,22539.95115836186,400674
675,4,18633.86347057913,400675
676,4,40340.065011434635,400676
677,4,18274.911202076557,400677
678,4,16080.980899031,400678
679,4,27619.305161889803,400679
680,4,5564.39130445475,400680
681,4,17411.232772967283,400681
682,4,5774.408443571341,400682
683,4,74280.28173321241,400683
684,4,3890.170085449418,400684
685,4,19002.593669898488,400685
686,4,15513.912088338377,400686
687,4,7988.01746777528,400687
688,4,24600.47080104557,400688
689,4,8552.080758958034,400689
690,4,23754.6747645024,400690
691,4,6250.198896417654,400691
692,4,1701.9006083194836,400692
693,4,369.57962348378607,400693
694,4,3145.434069244029,400694
695,4,1349.4395899091776,400695
696,4,656.0822233631194,400696
697,4,561.4223552616677,400697
698,4,1434.9780601123887,400698
699,4,1457.3354107283812,400699
700,4,3889.2882525884047,400700
701,4,377.2112335499153,400701
702,4,4062.650249802623,400702
703,4,2303.420566447978,400703
704,4,571.5357155846303,400704
705,4,1323.3138785242875,400705
706,4,12357.228802920014,400706
707,4,4432.014860848601,400707
708,4,13674.619951509367,400708
709,4,1854.6352264822394,400709
710,4,1625.7463429827478,400710
711,4,5895.614708781959,400711
712,4,1152.9691161605242,400712
713,4,1336.5359604521814,400713
714,4,1083.5415048935758,400714
715,4,6342.28044437406,400715
717,4,7963.345586018315,400717
718,4,191.84784266650738,400718
719,4,744.8159459059355,400719
720,4,1054.5667170878662,400720
721,4,1462.1641756022555,400721
722,4,12947.066447510952,400722
723,4,10000.820647398099,400723
724,4,5204.831023686583,400724
726,4,5020.781268895583,400726
727,4,2770.097060997646,400727
728,4,16243.647180106555,400728
729,4,1686.2062080267467,400729
730,4,37179.85826612427,400730
731,4,11272.079340507196,400731
732,4,10586.178820080497,400732
733,4,5340.282691126186,400733
734,4,790.4910402626507,400734
735,4,7701.976525792779,400735
736,4,917.9573522036634,400736
737,4,9244.323193514487,400737
738,4,4661.1311085560355,400738
739,4,787.4347421731566,400739
740,4,1574.361566871631,400740
741,4,1473.9200125609966,400741
742,4,4261.708470291086,400742
743,4,3080.5449498649537,400743
744,4,4870.20963028088,400744
745,4,2960.096921054856,400745
746,4,462.1256119781296,400746
748,4,2000.504434697182,400748
749,4,5359.690052930088,400749
750,4,335.38767732317126,400750
751,4,784.199866693998,400751
752,4,1682.2701399569066,400752
753,4,1581.8290885483875,400753
754,4,6541.357032254354,400754
756,4,6886.70302110675,400756
757,4,3801.469056665911,400757
758,4,410.6857070659655,400758
759,4,433.90611530294626,400759
760,4,1144.1974560160756,400760
761,4,3710.0290283916875,400761
762,4,1040.7842800067997,400762
763,4,2080.00899140755,400763
764,4,6306.9350680916095,400764
765,4,7584.963615848324,400765
766,4,6114.26624341806,400766
767,4,232.14596696052624,400767
768,4,1389.643553143045,400768
769,4,1113.3539615542657,400769
771,4,1765.4800998365497,400771
772,4,3058.697623619623,400772
773,4,1819.5294767192102,400773
774,4,359.853295277136,400774
775,4,3243.2685477611863,400775
776,4,5252.383833033576,400776
777,4,3904.0063368369265,400777
778,4,902.1346086733084,400778
779,4,1238.923950871363,400779
780,4,3868.106743525794,400780
781,4,600.1015302058333,400781
782,4,3738.98682757951,400782
783,4,7044.163832180924,400783
784,4,2792.123577634423,400784
785,4,367.3073993838012,400785
786,4,5817.949980571621,400786
787,4,794.0375199418534,400787
788,4,557.9858736224513,400788
789,4,2288.108288734679,400789
790,4,972.7925411368894,400790
791,4,649.5688054314622,400791
793,4,1274.700797033592,400793
806,4,1624.9254347965589,400806
807,4,7074.508628923185,400807
808,4,8001.422043770766,400808
809,4,20389.98778275396,400809
810,4,20938.191763630235,400810
811,4,2644.9957793398735,400811
812,4,10420.174342696218,400812
813,4,7273.228185790529,400813
814,4,5439.670960268048,400814
815,4,4405.271626845495,400815
816,4,172.50972483566494,400816
817,4,599.3343536840197,400817
818,4,330.1956927921753,400818
819,4,1722.588729923884,400819
820,4,10558.61167420506,400820
821,4,4368.906700928495,400821
822,4,897.1469057932906,400822
823,4,397.9145726926903,400823
824,4,618.0063526866527,400824
825,4,1276.3311211890273,400825
827,4,602.8182591225408,400827
828,4,5031.981766403617,400828
829,4,1377.0034705689538,400829
830,4,12729.862860604415,400830
831,4,18715.568592847223,400831
854,4,1245.7193175319953,400854
855,4,6370.4678187733225,400855
856,4,2869.226922602865,400856
857,4,581.6460770793454,400857
860,4,9813.649969152862,400860
861,4,1936.9257984783612,400861
862,4,1465.6382610140058,400862
863,4,1636.176048331094,400863
864,4,8548.257991770062,400864
865,4,1498.0034765724765,400865
866,4,2312.7382143047193,400866
870,4,705.6767442646538,400870
871,4,5042.112910932143,400871
872,4,3152.0868572708255,400872
873,4,1795.435821851923,400873
876,4,7464.71926007506,400876
879,4,6952.115084568256,400879
880,4,3629.178657194208,400880
881,4,2457.039517059608,400881
882,4,4994.909593970481,400882
883,4,5640.842289896735,400883
884,4,3346.1795339092605,400884
885,4,19809.869532893783,400885
886,4,17495.24592023487,400886
887,4,10630.961193795096,400887
888,4,2453.1364727165255,400888
889,4,373.1806289861428,400889
890,4,1025.2691507545373,400890
891,4,5800.820174589267,400891
892,4,6878.123176321108,400892
893,4,2247.7686923736164,400893
894,4,560.1419535945734,400894
895,4,2594.4098848161175,400895
896,4,665.94518726251,400896
897,4,530.3908081151249,400897
898,4,2972.289307659898,400898
899,4,519.4770234882623,400899
900,4,4459.304878286728,400900
901,4,843.759787326525,400901
902,4,9314.190404386987,400902
903,4,982.4618531756508,400903
904,4,890.0085450230971,400904
905,4,1375.276135346073,400905
906,4,524.6991981859753,400906
907,4,391.92680087946513,400907
908,4,351.6907769234591,400908
909,4,3729.7693559550567,400909
910,4,387.2262548434352,400910
911,4,666.6620466156957,400911
912,4,1496.5361462232015,400912
914,4,3054.1719659529977,400914
915,4,893.914607755884,400915
916,4,1194.2150847663336,400916
917,4,2033.336760323514,400917
918,4,2106.393693141684,400918
919,4,1241.9412511979406,400919
920,4,1017.0947983614782,400920
922,4,743.4357265991282,400922
925,4,10236.383821965173,400925
926,4,10894.57115623206,400926
927,4,9209.21958170617,400927
928,4,17106.9824846092,400928
929,4,4930.195118589839,400929
930,4,8687.363152522154,400930
931,4,1836.1410860160154,400931
932,4,130.62742311035805,400932
933,4,2248.006731270316,400933
934,4,203.1492999480661,400934
935,4,720.54048376104,400935
937,4,4528.270730530685,400937
938,4,6127.337332071435,400938
939,4,1180.479074689741,400939
940,4,1507.579763792763,400940
941,4,6020.482867019116,400941
942,4,3226.1065123306603,400942
943,4,543.7530987775949,400943
944,4,3246.840518720263,400944
945,4,2232.0271140170084,400945
946,4,3712.358289130533,400946
947,4,8535.372765201713,400947
948,4,2866.764898706184,400948
949,4,10703.508726691858,400949
950,4,820.881391575953,400950
951,4,368.1363613830382,400951
952,4,1877.5620241101853,400952
953,4,1770.6108330134196,400953
954,4,2921.0260739841488,400954
955,4,3388.3662463924843,400955
956,4,869.1843195923777,400956
957,4,406.1143320830918,400957
958,4,2418.722345040511,400958
959,4,634.7578936489858,400959
960,4,477.86537583425917,400960
961,4,246.02385583333233,400961
963,4,1918.6912559327195,400963
964,4,6476.457921482736,400964
965,4,416.99275706546734,400965
966,4,1057.674238655316,400966
967,4,389.6940428722511,400967
968,4,762.551996546882,400968
969,4,1936.6086771420314,400969
970,4,2633.518168249277,400970
971,4,2330.385737533547,400971
972,4,226.2520323718732,400972
973,4,2714.1352280399433,400973
974,4,1353.3214070755496,400974
975,4,2079.1383971983014,400975
976,4,1405.5363829352593,400976
977,4,2323.956253747654,400977
978,4,3238.8564581530354,400978
979,4,377.51017714753857,400979
980,4,472.10838982641064,400980
981,4,294.0366123276298,400981
982,4,3443.309887425193,400982
983,4,600.5281268613292,400983
984,4,702.7215676554974,400984
985,4,2427.5998799920408,400985
986,4,6395.761218468593,400986
987,4,1366.5694611915753,400987
988,4,3596.577057245701,400988
989,4,2844.5539297693995,400989
990,4,179.4292429270946,400990
991,4,1891.1178111397182,400991
992,4,5813.920716385024,400992
993,4,3521.8580730991757,400993
994,4,1298.084499835966,400994
995,4,912.9084735260361,400995
996,4,208.26129424574435,400996
997,4,614.0077634188048,400997
998,4,75320.43320512262,400998
999,4,73591.25249475594,400999
1000,4,68388.66112008964,401000
1001,4,28500.703048924865,401001
1002,4,60757.4498377799,401002
1003,4,38721.60998847966,401003
1004,4,18764.771810345315,401004
1005,4,27946.62774524738,401005
1006,4,5587.765332573218,401006
1007,4,23613.841192716907,401007
1008,4,16536.841537832806,401008
1009,4,24505.789180981228,401009
1010,4,15452.637405597987,401010
1011,4,31256.09944354347,401011
1012,4,30198.419159304958,401012
1013,4,15294.324291781832,401013
1014,4,10175.303576052964,401014
1015,4,22875.312345300605,401015
1016,4,3044.7353010162888,401016
1017,4,6659.758041553649,401017
1018,4,2127.9538207970772,401018
1019,4,8755.17314223197,401019
1020,4,1913.969057779676,401020
1021,4,10559.102159784548,401021
1022,4,2059.071110932114,401022
1023,4,5393.545819351089,401023
1024,4,2053.92064082825,401024
1026,4,7650.071409558122,401026
1027,4,6425.821767963927,401027
1028,4,2781.700122105721,401028
1029,4,815.9543206705472,401029
1030,4,1327.758515997581,401030
1031,4,3275.3030983251256,401031
1032,4,761.0673827839737,401032
1034,4,333.9829287633507,401034
1035,4,2145.64579156867,401035
1036,4,9973.718477286568,401036
1037,4,1278.7520193312005,401037
1038,4,137.51347285058247,401038
1039,4,4871.955575725348,401039
1040,4,1552.58351047662,401040
1041,4,3236.187572385132,401041
1042,4,4846.493622194975,401042
1043,4,4073.435074838543,401043
1044,4,3936.578878390465,401044
1045,4,22398.306236798948,401045
1046,4,20127.07836296954,401046
1047,4,22006.667763352514,401047
1048,4,515.3488038820373,401048
1049,4,7555.133559977325,401049
1050,4,14528.319165089391,401050
1051,4,6950.429507866206,401051
1052,4,2718.510005846784,401052
1053,4,786.9248286071206,401053
1054,4,2451.168252211797,401054
1055,4,3646.844381678977,401055
1056,4,5199.9320752111025,401056
1057,4,3409.9283927271335,401057
1058,4,3243.4684418130705,401058
1059,4,1672.9418732611814,401059
1060,4,3204.500991762475,401060
1061,4,9834.302326087009,401061
1063,4,2495.8412002955024,401063
1064,4,6417.783093619349,401064
1065,4,10631.928963982717,401065
1066,4,5105.8287998190035,401066
1067,4,4401.385614120441,401067
1068,4,1800.1113486929792,401068
1069,4,5044.966590387371,401069
1070,4,10140.769314422172,401070
1071,4,10321.56701075036,401071
1072,4,5704.773996508016,401072
1073,4,3356.6053900360635,401073
1074,4,2535.0398804118977,401074
1075,4,1178.8393724141815,401075
1076,4,9884.477020935674,401076
1077,4,4274.7125207433655,401077
1078,4,806.2402970612823,401078
1079,4,405.03076719123226,401079
1080,4,835.0706429319026,401080
1081,4,7115.03819664084,401081
1082,4,12280.947197663325,401082
1083,4,4624.802857432329,401083
1084,4,2046.380519856425,401084
1085,4,1777.6319877132487,401085
1086,4,843.7436972669873,401086
1087,4,2781.99364009441,401087
1088,4,498.9221175213219,401088
1089,4,1322.6071827789883,401089
1090,4,2498.8331163039184,401090
1091,4,986.2835345751226,401091
1092,4,494.76887942282735,401092
1093,4,1176.9578844399323,401093
1094,4,4075.9490991823636,401094
1095,4,809.4077787727562,401095
1096,4,3610.06824686756,401096
1097,4,994.1035359803192,401097
1098,4,336.1062769276082,401098
1099,4,1691.3282198522068,401099
1100,4,890.343011846374,401100
1101,4,782.3151467633742,401101
1102,4,1046.4285675350575,401102
1103,4,2520.4144850471794,401103
1104,4,3683.952557140059,401104
1105,4,1427.2239253810992,401105
1106,4,478.6291925459839,401106
1107,4,1104.102801020169,401107
1108,4,4883.243144764739,401108
1109,4,868.3513746695256,401109
1110,4,452.03459814337,401110
1111,4,3475.2629586625603,401111
1112,4,629.9863655641299,401112
1113,4,9406.376598634708,401113
1114,4,976.1942692665915,401114
1115,4,5761.542576513142,401115
1116,4,13901.050244181335,401116
1117,4,13904.080754071545,401117
1118,4,10864.684638952755,401118
1119,4,2450.183275684058,401119
1120,4,3118.1782510666753,401120
1121,4,2672.141762065162,401121
1122,4,785.5136997560571,401122
1123,4,9396.133797207634,401123
1124,4,2395.716105632862,401124
1125,4,3445.6490178588765,401125
1126,4,3030.5171407502003,401126
1127,4,2041.9288093093403,401127
1128,4,3883.224555182705,401128
1129,4,2981.417499253966,401129
1130,4,572.4576878053027,401130
1131,4,3706.5427542044526,401131
1132,4,7430.936016953417,401132
1133,4,8393.116838403681,401133
1134,4,6703.916301631511,401134
1135,4,3131.381302483513,401135
1136,4,14407.180810061582,401136
1137,4,9192.866175761565,401137
1138,4,4746.9992830289875,401138
1139,4,8849.878988005641,401139
1140,4,1719.0395655621335,401140
1141,4,8494.163226715265,401141
1142,4,4233.053773190594,401142
1143,4,1325.7996037009293,401143
1144,4,733.4696080031426,401144
1145,4,2864.5914383329523,401145
1146,4,714.9385188869383,401146
1147,4,113.06573890616762,401147
1148,4,732.1218353677184,401148
1149,4,1731.581976663697,401149
1150,4,377.84710764732,401150
1151,4,413.56277447251534,401151
1152,4,597.3944999906997,401152
1153,4,5902.992561134505,401153
1154,4,397.5341447226879,401154
1155,4,531.2083084204179,401155
1156,4,567.6920074785394,401156
1157,4,4243.247658433724,401157
1158,4,948.7772185421064,401158
1159,4,498.6591669363073,401159
1160,4,220.95871437688916,401160
1161,4,2643.1887948758667,401161
1162,4,3696.536122681114,401162
1163,4,3292.7047801135204,401163
1164,4,7588.900449600616,401164
1165,4,5993.444042555656,401165
1166,4,6327.852751595114,401166
1167,4,1624.099354130438,401167
1168,4,359.85650049579965,401168
633,5,3616.2896537573915,500633
634,5,1028.855631224416,500634
635,5,73628.08558939182,500635
636,5,76807.641453439,500636
637,5,76782.41438704291,500637
638,5,31115.222491831533,500638
639,5,53611.263940314144,500639
640,5,53808.5819111913,500640
641,5,1586.5847283501541,500641
642,5,36566.529121595995,500642
643,5,37680.1750043744,500643
644,5,10141.993571829275,500644
645,5,57053.77536963839,500645
646,5,23400.859856334322,500646
647,5,109885.7947662548,500647
648,5,16757.318216027383,500648
649,5,12768.207117288324,500649
650,5,20332.834719894425,500650
651,5,32235.6544281261,500651
652,5,50186.74821709947,500652
653,5,7472.83529250928,500653
654,5,19462.759779500495,500654
655,5,36709.759186289484,500655
656,5,1190.3106859453292,500656
657,5,38445.30657743562,500657
658,5,5779.259802094128,500658
659,5,5545.835126089938,500659
660,5,9447.173396596949,500660
661,5,22959.1127525951,500661
662,5,18426.407630903683,500662
663,5,8940.256456438097,500663
664,5,6761.634697902281,500664
665,5,4626.684203087861,500665
666,5,39810.24290785858,500666
667,5,4111.8872172087085,500667
668,5,3791.3141551388603,500668
669,5,4549.406780735928,500669
670,5,34637.32857385615,500670
671,5,9905.331574196241,500671
672,5,3872.8012613037627,500672
673,5,28653.215320816777,500673
674,5,17358.094026925195,500674
675,5,15217.409467728492,500675
676,5,30471.201587585372,500676
677,5,13741.025816435971,500677
678,5,12727.170904515851,500678
679,5,20371.7040362418,500679
680,5,4082.2904244585425,500680
681,5,13437.905973576107,500681
682,5,4522.67277412904,500682
683,5,53778.916258372155,500683
684,5,3010.4603348014825,500684
685,5,13536.725048991535,500685
686,5,10761.37474931569,500686
687,5,5782.531417504107,500687
688,5,17955.849992664436,500688
689,5,6519.099058767264,500689
690,5,19181.38288312717,500690
691,5,4470.239126101564,500691
692,5,743.0682944641286,500692
693,5,250.26001610105368,500693
694,5,1793.7406345870745,500694
695,5,604.6769077148838,500695
696,5,325.78072509690486,500696
697,5,234.86437983824368,500697
698,5,571.5370152007903,500698
699,5,943.439927007804,500699
700,5,3062.650500404949,500700
701,5,203.47624126635694,500701
702,5,3067.08090638952,500702
703,5,2058.4185958367525,500703
704,5,331.82295254042566,500704
705,5,493.4229923149212,500705
706,5,9306.060557638242,500706
707,5,2719.5572239170806,500707
708,5,10537.940531774018,500708
709,5,969.9618902553218,500709
710,5,565.7785378351815,500710
711,5,3196.044951712928,500711
712,5,736.9871003164614,500712
713,5,985.842892569525,500713
714,5,780.0869319903749,500714
715,5,5705.189567893238,500715
717,5,2835.7101576920863,500717
718,5,93.03057222998775,500718
719,5,369.7939356350326,500719
720,5,345.0953259841544,500720
721,5,511.6537473322649,500721
722,5,8528.198756593885,500722
723,5,7666.632426438171,500723
724,5,3475.4743497779846,500724
726,5,3507.596626651202,500726
727,5,1896.2779923682006,500727
728,5,11083.793188720236,500728
729,5,1186.9775985257525,500729
730,5,26120.82220187902,500730
731,5,6937.3514182362405,500731
732,5,7397.814895024265,500732
733,5,4677.7788983127,500733
734,5,355.3088346110908,500734
735,5,5298.1750494648495,500735
736,5,617.4055066962816,500736
737,5,6756.707636233577,500737
738,5,3658.757271668062,500738
739,5,558.4097829689645,500739
740,5,802.3082958644895,500740
741,5,609.8870525619989,500741
742,5,2359.9231223631286,500742
743,5,1542.4319350820117,500743
744,5,2451.058732114508,500744
745,5,1714.2913049788021,500745
746,5,329.7827353517071,500746
748,5,805.196399386824,500748
749,5,2133.175547291059,500749
750,5,105.04407793417934,500750
751,5,295.162678937797,500751
752,5,1336.8020461384385,500752
753,5,497.0114036853294,500753
754,5,4911.380910583706,500754
756,5,2573.390857970966,500756
757,5,1675.9324004370014,500757
758,5,167.22841414668807,500758
759,5,169.7133031158057,500759
760,5,515.1667840823922,500760
761,5,1702.5066343966785,500761
762,5,411.01605247451204,500762
763,5,784.3759832759616,500763
764,5,4908.722055106865,500764
765,5,3845.8005316992403,500765
766,5,2131.3569386471636,500766
767,5,97.5029478873786,500767
768,5,651.4273979849703,500768
769,5,513.2388630670345,500769
771,5,844.6905119751564,500771
772,5,1764.3009627966967,500772
773,5,899.048725526941,500773
774,5,189.1486768861546,500774
775,5,1366.7813068952437,500775
776,5,3855.687525327141,500776
777,5,1354.2924792672611,500777
778,5,275.8902433679364,500778
779,5,674.8925653464164,500779
780,5,2765.3959740570435,500780
781,5,199.72239928575925,500781
782,5,2269.8034840444134,500782
783,5,4641.894794620623,500783
784,5,1722.1889894103144,500784
785,5,226.6458426417954,500785
786,5,4914.310044451615,500786
787,5,678.9836694951329,500787
788,5,496.9020257253019,500788
789,5,1271.0443133327979,500789
790,5,826.9304402549643,500790
791,5,547.7229249031461,500791
793,5,683.4013642945687,500793
806,5,663.1961779176715,500806
807,5,5752.977045451661,500807
808,5,6611.589488010265,500808
809,5,16712.772279078017,500809
810,5,16799.079708525616,500810
811,5,2055.062906514208,500811
812,5,8153.000471712479,500812
813,5,5034.064107238301,500813
814,5,2473.4809491183987,500814
815,5,2119.133941059494,500815
816,5,85.85092041242231,500816
817,5,229.6344496191666,500817
818,5,175.17683587458257,500818
819,5,1459.542659725305,500819
820,5,9053.710661871211,500820
821,5,2633.4747055723215,500821
822,5,863.3373553148514,500822
823,5,172.03364608484762,500823
824,5,282.0653651140652,500824
825,5,763.0454889358264,500825
827,5,610.3531578289363,500827
828,5,1659.2254488637666,500828
829,5,509.6051466326741,500829
830,5,10236.046895742076,500830
831,5,14896.674283314751,500831
854,5,562.9692456308354,500854
855,5,2397.91139211719,500855
856,5,922.5215342101156,500856
857,5,208.5964414401657,500857
860,5,4489.500417333309,500860
861,5,975.2753954720401,500861
862,5,419.39937243248846,500862
863,5,757.0202794770364,500863
864,5,4446.469569231232,500864
865,5,857.9441672650662,500865
866,5,947.3872070019834,500866
870,5,577.4371399977124,500870
871,5,3109.5014200758233,500871
872,5,2240.776926801604,500872
873,5,1679.0964216467926,500873
876,5,5571.12880659387,500876
879,5,5359.3555524029525,500879
880,5,3075.1219560713666,500880
881,5,899.1530778326724,500881
882,5,3556.135443653596,500882
883,5,4893.414093340107,500883
884,5,2363.3845475087674,500884
885,5,14022.589476935294,500885
886,5,13300.833355121435,500886
887,5,8064.883698719855,500887
888,5,1831.2571355275768,500888
889,5,282.1656308524326,500889
890,5,781.2829320635803,500890
891,5,3861.4635737610474,500891
892,5,5188.114681175866,500892
893,5,1273.3805191663657,500893
894,5,339.86604539479816,500894
895,5,971.0998127607081,500895
896,5,577.3530538238177,500896
897,5,456.6274813901621,500897
898,5,2344.9849910680223,500898
899,5,440.6614337213579,500899
900,5,3439.9509478122823,500900
901,5,614.5034672159036,500901
902,5,6916.333965699506,500902
903,5,512.0469223791134,500903
904,5,619.3372203117877,500904
905,5,618.7700967621334,500905
906,5,253.98048727716122,500906
907,5,374.6592863941087,500907
908,5,350.2023420404493,500908
909,5,3526.767879461746,500909
910,5,384.5665402930562,500910
911,5,539.4580455376279,500911
912,5,1391.849654237042,500912
914,5,2332.372557774021,500914
915,5,739.6693286599225,500915
916,5,781.8145210078595,500916
917,5,1360.532142990811,500917
918,5,1451.2796009863673,500918
919,5,485.8346787055392,500919
920,5,460.24232631090626,500920
922,5,313.8401032212529,500922
925,5,6429.167725697606,500925
926,5,8532.141549834669,500926
927,5,7308.454272223675,500927
928,5,10823.217281188337,500928
929,5,2951.8427849564446,500929
930,5,3003.3911535201146,500930
931,5,1094.8776197680606,500931
932,5,94.07212131895164,500932
933,5,1830.3758112875166,500933
934,5,106.01821838741084,500934
935,5,440.96587050957993,500935
937,5,3830.4108591369127,500937
938,5,3852.5583574785423,500938
939,5,528.2852981790109,500939
940,5,465.74554756685626,500940
941,5,5320.156026930707,500941
942,5,2971.088865080153,500942
943,5,443.7983185652774,500943
944,5,1664.0483309442563,500944
945,5,1541.8782087553607,500945
946,5,2727.7480113697357,500946
947,5,6227.551139558351,500947
948,5,1083.27802441638,500948
949,5,2951.7879330991072,500949
950,5,279.82847224132075,500950
951,5,185.01805285780807,500951
952,5,591.7338405710832,500952
953,5,1196.9326724613918,500953
954,5,796.0410456705489,500954
955,5,769.8028128169852,500955
956,5,1092.3269466097986,500956
957,5,384.4493782596556,500957
958,5,790.1712026445305,500958
959,5,401.24984234020235,500959
960,5,417.06852766741775,500960
961,5,275.08261431304396,500961
963,5,1464.3028074204017,500963
964,5,5608.458471027565,500964
965,5,395.69574031769645,500965
966,5,917.7141337125801,500966
967,5,348.22258288421835,500967
968,5,602.7891239069269,500968
969,5,1398.6353235354625,500969
970,5,1743.1831088120946,500970
971,5,1288.4711333168977,500971
972,5,134.73562359280265,500972
973,5,1777.3585990672518,500973
974,5,957.6887007084978,500974
975,5,905.1680837444983,500975
976,5,1429.1997083740655,500976
977,5,1733.3104205204077,500977
978,5,2455.736521955457,500978
979,5,270.7940818111308,500979
980,5,361.3012673839577,500980
981,5,281.4977434654222,500981
982,5,2631.707529981802,500982
983,5,573.9208712673833,500983
984,5,656.8562456337534,500984
985,5,2330.051667198589,500985
986,5,3973.368236206278,500986
987,5,844.7147468919951,500987
988,5,2231.571212672731,500988
989,5,1488.8900238111614,500989
990,5,124.60402776973997,500990
991,5,1311.5129942975634,500991
992,5,4072.9374002527247,500992
993,5,1480.2950767411096,500993
994,5,1091.3615808781453,500994
995,5,776.7805467486857,500995
996,5,181.487651067561,500996
997,5,562.162566274606,500997
998,5,67742.55323263124,500998
999,5,65293.22416298553,500999
1000,5,55837.12796346951,501000
1001,5,19449.257152933864,501001
1002,5,47617.078924827765,501002
1003,5,30592.359786511934,501003
1004,5,14558.99943805896,501004
1005,5,21124.356977584608,501005
1006,5,4278.592212885101,501006
1007,5,18113.46187702609,501007
1008,5,12499.082013584572,501008
1009,5,20551.104192686224,501009
1010,5,11552.736793057518,501010
1011,5,23323.16582158122,501011
1012,5,12005.900887948328,501012
1013,5,12666.744720641022,501013
1014,5,8426.499465898873,501014
1015,5,18499.31912283945,501015
1016,5,2691.3925033492133,501016
1017,5,5206.643369118691,501017
1018,5,1728.6444762570036,501018
1019,5,7250.659274074744,501019
1020,5,739.755081014997,501020
1021,5,3689.158581944946,501021
1022,5,579.2595598049772,501022
1023,5,2386.079747083713,501023
1024,5,1727.793126155569,501024
1026,5,2414.6534034898314,501026
1027,5,1961.9173227096362,501027
1028,5,2318.2152194154137,501028
1029,5,752.8176536637659,501029
1030,5,661.3202587561058,501030
1031,5,1338.0147320171739,501031
1032,5,290.5223012010872,501032
1034,5,139.68698669190866,501034
1035,5,966.1573061213236,501035
1036,5,4058.9307766676,501036
1037,5,785.5431925607606,501037
1038,5,109.40605201774505,501038
1039,5,2470.1099676101044,501039
1040,5,1344.0502909345073,501040
1041,5,1632.1576785363652,501041
1042,5,3131.909357392056,501042
1043,5,2063.7633706940996,501043
1044,5,2289.8466292984895,501044
1045,5,16741.70906127069,501045
1046,5,14968.996912731824,501046
1047,5,6965.91518736322,501047
1048,5,115.179484982164,501048
1049,5,4816.0068862677645,501049
1050,5,5632.510115130026,501050
1051,5,2053.707662831447,501051
1052,5,2221.2438245171425,501052
1053,5,684.3630294755669,501053
1054,5,2233.72043910258,501054
1055,5,709.8998960943054,501055
1056,5,1556.5358139414461,501056
1057,5,1025.957743216128,501057
1058,5,2966.0181268862484,501058
1059,5,1482.0541492456346,501059
1060,5,1299.8844088605472,501060
1061,5,6313.9962499983385,501061
1063,5,2831.4823158395334,501063
1064,5,4968.813366495721,501064
1065,5,8320.243010313709,501065
1066,5,3932.3510310313977,501066
1067,5,4153.041639502388,501067
1068,5,1594.982618952075,501068
1069,5,2459.79186226163,501069
1070,5,8667.56530386397,501070
1071,5,3389.193075712924,501071
1072,5,1613.7648324906302,501072
1073,5,1172.2207120761316,501073
1074,5,2243.749884404525,501074
1075,5,927.5717736873091,501075
1076,5,4658.98881637424,501076
1077,5,1718.2215630194753,501077
1078,5,367.7368136364558,501078
1079,5,382.61121089412825,501079
1080,5,331.5993862597637,501080
1081,5,4504.8725459426805,501081
1082,5,11256.091805405711,501082
1083,5,4126.1276173809865,501083
1084,5,1741.3025120321395,501084
1085,5,1590.4667159985233,501085
1086,5,737.2934662789264,501086
1087,5,2419.32733805501,501087
1088,5,455.333542135316,501088
1089,5,1053.5573902741748,501089
1090,5,2059.7477486369316,501090
1091,5,788.4476757096347,501091
1092,5,451.22547344206964,501092
1093,5,664.6709223978312,501093
1094,5,1868.1521224971984,501094
1095,5,317.02086800611227,501095
1096,5,1659.7613376805095,501096
1097,5,592.5449197582655,501097
1098,5,225.8136640646926,501098
1099,5,1281.466431948154,501099
1100,5,675.243952755167,501100
1101,5,675.2491563912039,501101
1102,5,883.7963132885401,501102
1103,5,2039.8023578738046,501103
1104,5,2748.2015892429654,501104
1105,5,1196.0866690356788,501105
1106,5,391.40920995210223,501106
1107,5,988.5791299932611,501107
1108,5,2716.0364522426758,501108
1109,5,477.27724748100366,501109
1110,5,255.25242123454342,501110
1111,5,1460.3453515923939,501111
1112,5,570.1252399291533,501112
1113,5,6693.216504502588,501113
1114,5,542.6819058390591,501114
1115,5,4229.884756679642,501115
1116,5,5947.455131529559,501116
1117,5,5002.576595636067,501117
1118,5,4094.6598376145384,501118
1119,5,2071.1081202858627,501119
1120,5,2947.2340937456256,501120
1121,5,1132.2727877409486,501121
1122,5,344.49789991741886,501122
1123,5,4754.897877741758,501123
1124,5,1744.1623035659559,501124
1125,5,1890.0744751243137,501125
1126,5,1169.1992942973347,501126
1127,5,832.0520236065245,501127
1128,5,3206.536016392896,501128
1129,5,1524.9323242383657,501129
1130,5,532.9021838015924,501130
1131,5,3205.754683733453,501131
1132,5,6376.771503922314,501132
1133,5,6445.47560237429,501133
1134,5,5258.886734560027,501134
1135,5,2875.034142997287,501135
1136,5,13210.060519593097,501136
1137,5,8029.61642697537,501137
1138,5,4453.942411734779,501138
1139,5,8562.786834611627,501139
1140,5,1678.7403220636959,501140
1141,5,8225.981600093635,501141
1142,5,3547.78170008187,501142
1143,5,1114.2029241690088,501143
1144,5,613.127644623506,501144
1145,5,2329.282817549892,501145
1146,5,495.35013197275777,501146
1147,5,77.61115335016443,501147
1148,5,614.5861741612716,501148
1149,5,1556.5694919832567,501149
1150,5,326.6109480382088,501150
1151,5,337.41693021717504,501151
1152,5,499.88665129221425,501152
1153,5,5024.07447097619,501153
1154,5,349.3965666826757,501154
1155,5,467.40179849466085,501155
1156,5,491.86182122602173,501156
1157,5,3642.968865515806,501157
1158,5,767.8918651518608,501158
1159,5,429.8141781669561,501159
1160,5,195.48217696655428,501160
1161,5,2051.7112430267025,501161
1162,5,3061.9950017981646,501162
1163,5,2792.0470785393395,501163
1164,5,6580.457040194177,501164
1165,5,5116.705971537944,501165
1166,5,3883.772116801546,501166
1167,5,1000.6433313970515,501167
1168,5,315.1220461671185,501168
633,6,3618.2551587114244,600633
634,6,1046.8620132042877,600634
635,6,90424.34780813991,600635
636,6,92937.21930989294,600636
637,6,92134.28494885199,600637
638,6,36542.46161549822,600638
639,6,63354.31838042168,600639
640,6,64380.54753740954,600640
641,6,1478.2295168033127,600641
642,6,47529.93473453379,600642
643,6,50055.512604122596,600643
644,6,12547.761503544605,600644
645,6,78038.26550934433,600645
646,6,31152.811495338054,600646
647,6,146270.81646912367,600647
648,6,20613.84744015351,600648
649,6,16403.845109980284,600649
650,6,25217.393810276884,600650
651,6,39710.515555584774,600651
652,6,64441.596908664025,600652
653,6,9180.075817424524,600653
654,6,23981.335029864742,600654
655,6,45419.63464383244,600655
656,6,1474.1614242753017,600656
657,6,52582.85467756851,600657
658,6,7149.4111797745845,600658
659,6,7061.538021624361,600659
660,6,11650.580281642722,600660
661,6,28471.108519675134,600661
662,6,22524.83330425294,600662
663,6,11726.531373191,600663
664,6,8291.544651591084,600664
665,6,6053.684434329539,600665
666,6,47966.01693868088,600666
667,6,4983.192996725805,600667
668,6,4873.9710562068285,600668
669,6,5397.501750260736,600669
670,6,40138.977021745064,600670
671,6,11090.356392893687,600671
672,6,4552.879008957269,600672
673,6,35537.95014844877,600673
674,6,19999.731791287097,600674
675,6,19748.91827453119,600675
676,6,36846.577958695896,600676
677,6,16823.253175301583,600677
678,6,16638.21189236533,600678
679,6,24422.261526862098,600679
680,6,4876.516964402856,600680
681,6,17297.025670014067,600681
682,6,5815.852623384709,600682
683,6,62942.549781844966,600683
684,6,3843.9321920504267,600684
685,6,15999.171908267706,600685
686,6,13090.740063179646,600686
687,6,7078.908450262035,600687
688,6,21069.091800221722,600688
689,6,7446.512739535602,600689
690,6,22564.341266627154,600690
691,6,5809.637439887287,600691
692,6,1958.501132533536,600692
693,6,353.8337918698712,600693
694,6,3139.435034530808,600694
695,6,1472.8325262011083,600695
696,6,812.2327133903927,600696
697,6,684.0142758323198,600697
698,6,1849.1557904811718,600698
699,6,1521.385073564529,600699
700,6,4756.120713100233,600700
701,6,467.51985270311854,600701
702,6,4590.679987945935,600702
703,6,2294.8882905585283,600703
704,6,554.4995962636065,600704
705,6,876.7997391071856,600705
706,6,10922.130992288716,600706
707,6,3159.859801185169,600707
708,6,12803.44336369803,600708
709,6,1591.2825293253227,600709
710,6,1441.6694653020181,600710
711,6,6436.113259494325,600711
712,6,1532.8464660460352,600712
713,6,1677.0261062744567,600713
714,6,1083.2884156189398,600714
715,6,7942.949541587699,600715
717,6,7289.730602071333,600717
718,6,210.60043200649716,600718
719,6,959.7239255157564,600719
720,6,705.3954180904591,600720
721,6,924.4783084329586,600721
722,6,9860.59484994263,600722
723,6,9912.653023344332,600723
724,6,4084.2469087548434,600724
726,6,4104.39190223431,600726
727,6,2204.6509565806105,600727
728,6,13212.720897585847,600728
729,6,1430.757349223783,600729
730,6,30763.690154183252,600730
731,6,7775.227837815771,600731
732,6,9100.258028642182,600732
733,6,6088.77156174395,600733
734,6,957.8729528492236,600734
735,6,6656.819320680644,600735
736,6,753.6001558498064,600736
737,6,8877.464712777384,600737
738,6,4902.523965772365,600738
739,6,755.8945881569558,600739
740,6,1395.37740210364,600740
741,6,1309.5911668262102,600741
742,6,3829.7320505941216,600742
743,6,2375.9499897897394,600743
744,6,8600.262625171346,600744
745,6,3496.9205114569063,600745
746,6,626.267026372927,600746
748,6,1918.9402524016914,600748
749,6,5079.836985196875,600749
750,6,612.8262514349756,600750
751,6,647.1190116409638,600751
752,6,3102.6487806816235,600752
753,6,723.5437656180748,600753
754,6,7506.276691894901,600754
756,6,7145.336916249618,600756
757,6,4570.674242309385,600757
758,6,367.8040602196304,600758
759,6,278.360896719048,600759
760,6,880.5476028904887,600760
761,6,3096.2471505757007,600761
762,6,1265.0599749904422,600762
763,6,1641.0331554047436,600763
764,6,6683.688682395595,600764
765,6,6121.016386134228,600765
766,6,3700.8531456955016,600766
767,6,229.53916534443155,600767
768,6,1947.8005679486876,600768
769,6,1522.8496690071468,600769
771,6,1449.5923433805913,600771
772,6,2933.252403316844,600772
773,6,2233.24278096665,600773
774,6,651.0149983249562,600774
775,6,2220.6541737707735,600775
776,6,4514.074186995334,600776
777,6,3024.399338650608,600777
778,6,297.1253355899861,600778
779,6,801.633854448516,600779
780,6,3406.3159036519273,600780
781,6,331.2747970552199,600781
782,6,2824.318003301732,600782
783,6,5026.124340004762,600783
784,6,1868.9979614495983,600784
785,6,233.8761383600085,600785
786,6,5872.638039537828,600786
787,6,818.9351941705974,600787
788,6,611.9331583443322,600788
789,6,2188.158711920969,600789
790,6,1022.2881119627647,600790
791,6,763.7996989402043,600791
793,6,962.7049283850321,600793
806,6,1327.9225311774921,600806
807,6,6980.8553328038715,600807
808,6,7912.182968422819,600808
809,6,20371.350311377057,600809
810,6,19843.425135662368,600810
811,6,2329.9536187057784,600811
812,6,9090.31629211394,600812
813,6,5147.982682707565,600813
814,6,5640.366433554801,600814
815,6,5068.15469580916,600815
816,6,230.82087063416995,600816
817,6,706.5228840154767,600817
818,6,422.38654596755725,600818
819,6,2277.218429594067,600819
820,6,10208.551610709857,600820
821,6,5482.281698541035,600821
822,6,969.9345353373155,600822
823,6,291.8486952554497,600823
824,6,316.1928038820867,600824
825,6,831.0668836225674,600825
827,6,774.2805021063239,600827
828,6,2925.89714555794,600828
829,6,930.442841762554,600829
830,6,12179.97330421225,600830
831,6,17476.576109295875,600831
854,6,1000.5003656768146,600854
855,6,4684.999875951829,600855
856,6,1501.0228030048816,600856
857,6,519.0692016359618,600857
860,6,5504.051399375316,600860
861,6,1330.9481607523387,600861
862,6,656.8267387316531,600862
863,6,1661.2174960839632,600863
864,6,6538.151391200304,600864
865,6,1261.717278200825,600865
866,6,1651.9119172880467,600866
870,6,634.518394803354,600870
871,6,3878.3105562523683,600871
872,6,2826.5516444623618,600872
873,6,2009.2101098000644,600873
876,6,5728.456291013631,600876
879,6,5956.427780439262,600879
880,6,3531.8821909997023,600880
881,6,2809.6446571490355,600881
882,6,4233.561687801047,600882
883,6,5926.527806726458,600883
884,6,2396.3592968514904,600884
885,6,14811.44990835729,600885
886,6,14901.397534570522,600886
887,6,9560.780083382151,600887
888,6,2116.1429416881906,600888
889,6,333.317338717346,600889
890,6,950.1240496209186,600890
891,6,5243.210631060587,600891
892,6,6552.925649011582,600892
893,6,1490.9825005345976,600893
894,6,419.76595892078427,600894
895,6,1460.5866844492425,600895
896,6,771.637209339003,600896
897,6,638.9798469927894,600897
898,6,2912.6781606178674,600898
899,6,624.5686724516264,600899
900,6,4283.920405719036,600900
901,6,785.5737500864587,600901
902,6,9079.602559645145,600902
903,6,840.4481989406637,600903
904,6,834.8873360089237,600904
905,6,951.5021207439546,600905
906,6,453.20008309574996,600906
907,6,394.47487244674954,600907
908,6,367.95555365663745,600908
909,6,3632.3358836884368,600909
910,6,412.78680887803705,600910
911,6,719.0790970254886,600911
912,6,1369.0930403889536,600912
914,6,3124.384189011368,600914
915,6,814.7149748452831,600915
916,6,853.4741467810246,600916
917,6,1513.6338840587075,600917
918,6,1678.3517456655115,600918
919,6,855.5496556366039,600919
920,6,780.1426905817601,600920
922,6,500.43971888611026,600922
925,6,6758.8289443119365,600925
926,6,9580.085341323822,600926
927,6,8121.990680667933,600927
928,6,11678.487444691642,600928
929,6,3266.983306511431,600929
930,6,6695.294500360216,600930
931,6,1430.79568590869,600931
932,6,115.43772009062316,600932
933,6,2629.832475468446,600933
934,6,219.1404594350906,600934
935,6,908.0424342831624,600935
937,6,5131.144406817614,600937
938,6,4778.331328049944,600938
939,6,699.1761451394217,600939
940,6,1012.5304423156816,600940
941,6,5726.047292440669,600941
942,6,3164.440452698435,600942
943,6,655.3732381007451,600943
944,6,3102.079716706441,600944
945,6,1950.2398245200984,600945
946,6,3347.0283442849654,600946
947,6,7648.017398649136,600947
948,6,1958.2613176222808,600948
949,6,5190.28452189543,600949
950,6,483.1869735469486,600950
951,6,301.6959346122192,600951
952,6,2241.9689995035374,600952
953,6,1722.8760966253667,600953
954,6,1333.8603588522365,600954
955,6,2646.0857038369904,600955
956,6,2016.6180724150402,600956
957,6,847.3000622874292,600957
958,6,2697.2358030781675,600958
959,6,780.0006035936748,600959
960,6,433.8367151835672,600960
961,6,639.3521492490823,600961
963,6,1727.1302093552956,600963
964,6,7043.780096699098,600964
965,6,431.67130672757617,600965
966,6,1140.6608586518744,600966
967,6,367.79605642134237,600967
968,6,779.5320584279386,600968
969,6,1746.8526174961332,600969
970,6,2305.10424230561,600970
971,6,2007.5816651564164,600971
972,6,244.72882282959432,600972
973,6,3430.2349023718425,600973
974,6,1834.1211444526587,600974
975,6,2525.548908542407,600975
976,6,3746.2260938004642,600976
977,6,1984.753539031651,600977
978,6,3081.5927083252177,600978
979,6,365.4831212024263,600979
980,6,447.7441024324833,600980
981,6,300.7432377160082,600981
982,6,3377.4995313788736,600982
983,6,678.6792174634542,600983
984,6,728.0160836842504,600984
985,6,3001.3335348201385,600985
986,6,4435.5550779329105,600986
987,6,1089.6230025525945,600987
988,6,2698.8100574321843,600988
989,6,1919.0106135257552,600989
990,6,172.00961663339802,600990
991,6,1722.2313011330764,600991
992,6,6314.827899672918,600992
993,6,3014.638317537833,600993
994,6,1207.4197475417457,600994
995,6,840.0341674739933,600995
996,6,208.39628808871566,600996
997,6,668.2845154709368,600997
998,6,70896.92439725604,600998
999,6,65649.10386439858,600999
1000,6,53723.52871514662,601000
1001,6,14655.339366720518,601001
1002,6,46054.73492888011,601002
1003,6,30023.523449178418,601003
1004,6,13923.063544670482,601004
1005,6,19985.45614353852,601005
1006,6,4099.987088835002,601006
1007,6,17404.44643953695,601007
1008,6,11963.658927675478,601008
1009,6,21621.77467455025,601009
1010,6,11016.640720455178,601010
1011,6,22209.977549798925,601011
1012,6,14060.470531656874,601012
1013,6,12979.516453015176,601013
1014,6,8642.229945383908,601014
1015,6,19724.767877710467,601015
1016,6,3045.1460499913537,601016
1017,6,5487.781137175337,601017
1018,6,1880.4193679232872,601018
1019,6,7827.2388352855505,601019
1020,6,1180.3532805973098,601020
1021,6,4941.225856852507,601021
1022,6,882.0009661030276,601022
1023,6,2747.45554614857,601023
1024,6,2106.847357772854,601024
1026,6,3687.546097097429,601026
1027,6,2810.743498446341,601027
1028,6,2723.939499198929,601028
1029,6,885.8723167795193,601029
1030,6,1288.1470588394482,601030
1031,6,3636.9506677626287,601031
1032,6,818.296164003507,601032
1034,6,226.38899698424254,601034
1035,6,1823.7142150803077,601035
1036,6,4382.3150219052,601036
1037,6,900.813386818193,601037
1038,6,116.54492681040665,601038
1039,6,2866.5529779779617,601039
1040,6,1397.2739771714562,601040
1041,6,1763.67175123958,601041
1042,6,3906.3572296180387,601042
1043,6,2444.702316796172,601043
1044,6,2978.3071673622167,601044
1045,6,17242.356275196937,601045
1046,6,15707.262386049144,601046
1047,6,7838.8749742403725,601047
1048,6,182.02988383166212,601048
1049,6,5217.782732908878,601049
1050,6,6197.413919290355,601050
1051,6,3404.8460205191273,601051
1052,6,3086.972446152593,601052
1053,6,888.9025475787028,601053
1054,6,2549.8622768047094,601054
1055,6,1197.8000654687646,601055
1056,6,2389.8050657673257,601056
1057,6,1492.003885556658,601057
1058,6,3035.276164551671,601058
1059,6,2178.207364669806,601059
1060,6,3320.7940599500666,601060
1061,6,7653.482549918003,601061
1063,6,2986.7880042374027,601063
1064,6,5276.413117101893,601064
1065,6,8982.795611541178,601065
1066,6,4334.4006217773585,601066
1067,6,4984.838057421811,601067
1068,6,1869.6043123285174,601068
1069,6,4758.629198177291,601069
1070,6,10702.467933488326,601070
1071,6,5735.639491396668,601071
1072,6,2470.61467727079,601072
1073,6,1551.4902986257198,601073
1074,6,2558.7281435964514,601074
1075,6,966.4778944515758,601075
1076,6,7066.480605685873,601076
1077,6,2445.062069505233,601077
1078,6,468.479368522071,601078
1079,6,405.6339189013132,601079
1080,6,676.0106167821837,601080
1081,6,3929.55001576315,601081
1082,6,13830.916609650085,601082
1083,6,4783.80911746727,601083
1084,6,2138.4090926385056,601084
1085,6,1672.1205682732632,601085
1086,6,820.4277714468172,601086
1087,6,2580.2493119625146,601087
1088,6,521.9872018776605,601088
1089,6,1226.3025317148567,601089
1090,6,2121.5030653850745,601090
1091,6,903.7317729534376,601091
1092,6,506.55273168535035,601092
1093,6,699.3498393471908,601093
1094,6,2325.108424302027,601094
1095,6,386.8279436561856,601095
1096,6,1565.0091977239854,601096
1097,6,545.6447942164336,601097
1098,6,221.44249957562096,601098
1099,6,1357.0230175842398,601099
1100,6,784.0891752358335,601100
1101,6,821.3926394211941,601101
1102,6,895.2362549715793,601102
1103,6,2122.011896847876,601103
1104,6,2852.126196388628,601104
1105,6,1276.3755287832694,601105
1106,6,453.9118415574451,601106
1107,6,1071.2467626217508,601107
1108,6,1973.0706126097978,601108
1109,6,579.4938916096752,601109
1110,6,310.47002657851453,601110
1111,6,2039.5395996567172,601111
1112,6,600.584541488599,601112
1113,6,6933.71755553134,601113
1114,6,427.5454707315953,601114
1115,6,4351.653741966297,601115
1116,6,5830.807442137152,601116
1117,6,5503.706225926898,601117
1118,6,5157.169420675898,601118
1119,6,2143.8881652824452,601119
1120,6,2893.8740847351837,601120
1121,6,1659.3275620793208,601121
1122,6,654.4553971372362,601122
1123,6,4346.431017757191,601123
1124,6,1987.2496503471316,601124
1125,6,2367.526015652356,601125
1126,6,1505.2967963044232,601126
1127,6,895.3684141602606,601127
1128,6,3213.4203617149788,601128
1129,6,1472.7873697186767,601129
1130,6,575.9480571255245,601130
1131,6,3192.496418591857,601131
1132,6,7594.408309476159,601132
1133,6,7088.166107204197,601133
1134,6,5793.750993923349,601134
1135,6,3397.585510570776,601135
1136,6,15798.699747137389,601136
1137,6,9193.800721430398,601137
1138,6,5359.290031179153,601138
1139,6,10501.617924013393,601139
1140,6,2094.7416108698512,601140
1141,6,10288.956148192317,601141
1142,6,4038.3982849767917,601142
1143,6,1218.8774609313475,601143
1144,6,698.9325005525558,601144
1145,6,2728.851088913222,601145
1146,6,805.8930226654294,601146
1147,6,117.4288787223252,601147
1148,6,884.6591256194354,601148
1149,6,1721.6404589717345,601149
1150,6,403.26596952782876,601150
1151,6,463.9740078195972,601151
1152,6,695.7540920865731,601152
1153,6,5164.078022004037,601153
1154,6,408.9501005983562,601154
1155,6,552.2610206152414,601155
1156,6,495.6887802185055,601156
1157,6,3689.718133178533,601157
1158,6,927.2523885298938,601158
1159,6,504.80283989031267,601159
1160,6,219.2248180323113,601160
1161,6,2351.0000980472014,601161
1162,6,3224.9704382102786,601162
1163,6,3104.867937591395,601163
1164,6,7562.107675232745,601164
1165,6,6138.33472939287,601165
1166,6,4966.84075822695,601166
1167,6,1349.594298748211,601167
1168,6,388.9076233928458,601168
