WP4,campaign,value,value_sd,pu
7227,1,3451.411332918198,44.239661094612416,107227
7228,1,14209.073125924388,352.9660406205158,107228
7229,1,3245.60451306891,46.77606525495913,107229
7230,1,29327.414968490666,548.0591105058778,107230
7231,1,18890.745293420143,501.7192746282776,107231
7232,1,16708.29642011785,355.62238489661996,107232
7233,1,22675.021016329152,1223.2976095634904,107233
7234,1,22308.396683621657,1139.6530251512052,107234
7235,1,22521.532355925858,1273.0026895303763,107235
7236,1,23371.780799125663,1499.6564265387585,107236
7237,1,22393.662855432918,1325.3726430229472,107237
7238,1,22607.871686308117,1437.1434242563573,107238
7239,1,7836.5079396803,323.72336649232216,107239
7240,1,4176.531997559326,269.6239647496598,107240
7241,1,7525.594688992618,323.76844941719617,107241
7242,1,8965.179563953117,417.14237474009826,107242
7243,1,22193.18756868838,1009.8978812919906,107243
7244,1,11110.985124418281,532.4563302553682,107244
7245,1,12024.0623953229,632.2517141967558,107245
7246,1,12309.769902762964,668.2193094908924,107246
7247,1,7723.452735340732,427.6645189244339,107247
7248,1,17422.062740934107,1026.7571365599501,107248
7249,1,7386.025607739382,521.4395635060229,107249
7250,1,3336.8005345910724,251.54965182053658,107250
7251,1,1421.513167904499,109.06498064758412,107251
7252,1,1017.0319815774375,76.48094514783685,107252
7253,1,13042.173958217598,1001.2767141074897,107253
7254,1,6909.1620713621,453.5188232515446,107254
7255,1,3960.5107608161693,303.91010697991595,107255
7256,1,4585.772800463378,265.11918946085353,107256
7257,1,517.8395093868046,33.811200078151785,107257
7258,1,1349.1069916382285,117.96719488100908,107258
7259,1,3749.7029838677263,179.46235804005826,107259
7260,1,2833.2457137286174,192.7086619443476,107260
7261,1,2353.335310210327,185.83098439601093,107261
7262,1,2370.6301440085454,218.1390962506163,107262
7263,1,2938.0858087195625,386.7172698299632,107263
7264,1,1352.6800097286673,115.51883269221787,107264
7265,1,1113.6433683431019,62.99568220391192,107265
7266,1,1948.202463066107,127.63487687257657,107266
7267,1,1022.6877684877754,46.55680205943416,107267
7268,1,2522.733524607212,98.323510795165,107268
7269,1,1916.8038468015097,102.3548233081235,107269
7270,1,6119.036264718374,745.7412619276954,107270
7271,1,5305.265425366565,418.7508877436618,107271
7272,1,4013.2985560817033,370.19743145647516,107272
7273,1,3693.283294279066,304.37006689591186,107273
7274,1,1458.368993822226,183.13293314092965,107274
7275,1,1384.0322984330965,122.27475097320479,107275
7276,1,1647.4308245394611,109.53312679669177,107276
7277,1,1138.6236351200007,73.8353780285099,107277
7278,1,3232.067956875424,174.77108012154204,107278
7279,1,1463.5890706378216,112.3876508345819,107279
7280,1,13066.04336766041,977.2737361356412,107280
7281,1,12074.73963523274,958.1258893892306,107281
7282,1,1297.2281974178431,120.00063338882632,107282
7283,1,2574.2260518323546,220.63161439138815,107283
7284,1,2325.3913128354834,110.13434654452684,107284
7285,1,1639.252422334999,101.4782283400868,107285
7286,1,1096.8085843107924,107.39318199024824,107286
7287,1,1931.3417423561968,135.70137270814917,107287
7288,1,1592.7387551385011,127.5591998320775,107288
7289,1,866.1070127345192,64.78460774562467,107289
7290,1,1509.487933310529,143.3814642206524,107290
7291,1,840.1357503022027,49.588988030813866,107291
7292,1,5326.111062202324,257.89049211565964,107292
7293,1,2463.055119051703,222.44937616483512,107293
7294,1,1098.1507818138846,170.7910760553103,107294
7295,1,902.2989368743287,90.224821272445,107295
7296,1,2786.678483847519,330.95259113565857,107296
7297,1,724.9804522182776,72.72805933487709,107297
7298,1,905.7795780938471,46.03265225424453,107298
7299,1,1311.2589157660336,214.76264826105802,107299
7300,1,2229.915815251857,228.25017890593304,107300
7301,1,10838.379679739817,603.1307784385128,107301
7302,1,7181.263840219916,425.2144874904635,107302
7303,1,8277.343819947107,440.99931144870453,107303
7304,1,7676.941419662985,458.39907056927063,107304
7305,1,5715.804770203324,241.7316418482207,107305
7306,1,2549.994190052799,205.17810666211855,107306
7307,1,1448.489579099274,153.62108440959304,107307
7308,1,1631.6580177755552,177.3015072323903,107308
7309,1,1171.4438499216749,95.6960590380536,107309
7310,1,4519.717358865355,337.46407335021917,107310
7311,1,3197.1750593717065,288.3143799554612,107311
7312,1,2632.608395304217,67.41212101584848,107312
7313,1,2219.8674291801008,93.862975614653,107313
7314,1,7150.981969579869,577.3875899473176,107314
7315,1,420.0651173906368,38.88324840195689,107315
7316,1,2172.2528500799863,228.236825654932,107316
7317,1,1632.317969112992,121.32394704652806,107317
7318,1,2068.2369939640985,267.2308477586847,107318
7319,1,2011.2737247371797,156.12400483298094,107319
7320,1,3448.723035687474,320.231808311934,107320
7321,1,1479.338554920245,154.45166119164315,107321
7322,1,1054.1818274211491,45.4307718103777,107322
7323,1,10667.294613079648,445.5815776229204,107323
7324,1,10069.735215777418,421.05897957199596,107324
7325,1,10095.812820694111,586.3528238276722,107325
7326,1,2710.218800869381,156.07051030739902,107326
7327,1,5953.635353923983,365.07683228748255,107327
7328,1,6096.278484123837,346.13833393394555,107328
7329,1,6153.956059500134,517.3729433744542,107329
7330,1,4112.198254308374,351.77260762829184,107330
7331,1,4360.251507653719,264.63585804318325,107331
7332,1,2789.5264277704823,230.02068229067154,107332
7333,1,2569.8246182847297,198.2873226590858,107333
7334,1,1865.9321269048487,127.58951292845009,107334
7335,1,3878.7071403114096,291.8747086341468,107335
7336,1,3827.3945830021157,441.34884764038685,107336
7337,1,811.7868615180436,59.739678268437004,107337
7338,1,3534.4947916085875,219.65877971181985,107338
7339,1,3663.0392633983174,460.2575979546433,107339
7340,1,2765.430678960151,388.02000152499716,107340
7341,1,2619.4988323260686,209.7876431641717,107341
7342,1,208.9251343010914,12.378925361456762,107342
7343,1,14039.395534177975,820.5342268523823,107343
7344,1,719.22019659468,40.252989894661845,107344
7345,1,6144.9690048456005,311.59750973902294,107345
7346,1,812.5721599950206,44.94591017094011,107346
7347,1,1423.067745065779,76.19238206755024,107347
7348,1,4421.848021025387,310.14441441439635,107348
7349,1,1251.9098683645414,25.888444205500193,107349
7350,1,3432.555031656482,380.10766019754107,107350
7351,1,1733.4849014078648,163.91759826227806,107351
7352,1,3455.295739733777,303.82540258560243,107352
7353,1,1268.9374265537397,112.75221611993516,107353
7354,1,3123.8989648175266,256.7318127781462,107354
7355,1,2979.8839729714437,252.69987211835596,107355
7356,1,3711.0369897935543,450.396899354202,107356
7357,1,2704.5461178527253,207.22458647181247,107357
7358,1,2013.568599545604,204.83701009120236,107358
7359,1,1357.0546415556428,113.76105377460061,107359
7401,1,29.438526717939663,1.8495555486336335,107401
7227,2,3935.10274990363,1065.8497288510664,207227
7228,2,16364.769085599568,4526.426871853949,207228
7229,2,3714.6388391535074,981.2005871169795,207229
7230,2,34224.567674537975,8601.362368392167,207230
7231,2,22136.9313134896,5431.161497852815,207231
7232,2,19575.489874774114,4853.380134102418,207232
7233,2,27458.472848580615,7061.297221342467,207233
7234,2,25154.582307353965,6438.096115330739,207234
7235,2,25894.352385083628,6835.732721380749,207235
7236,2,27392.406733116324,7365.760330396818,207236
7237,2,26466.465031466283,7135.295052990215,207237
7238,2,26608.407830250828,7452.601406311615,207238
7239,2,9194.431500037255,2574.663145010723,207239
7240,2,5158.235790478501,1763.527901902534,207240
7241,2,8842.819778505893,2451.904858960549,207241
7242,2,10485.695851224702,2968.967699023806,207242
7243,2,26015.785949920468,7223.388651335043,207243
7244,2,13036.622655898058,3652.893603486178,207244
7245,2,14078.07350494637,4109.2462793276045,207245
7246,2,14236.030514280297,4092.963119636281,207246
7247,2,7524.077903244548,1273.3961121592904,207247
7248,2,16784.102362993915,2673.2596909289823,207248
7249,2,7023.43188610305,792.0509774890821,207249
7250,2,3151.444744354967,341.4367918893803,207250
7251,2,1327.2765993444727,136.36794360644421,207251
7252,2,937.695680930181,91.38041782977832,207252
7253,2,12011.546355755629,1317.883004918669,207253
7254,2,6329.850687335911,575.545015775714,207254
7255,2,3652.5946694040717,330.62139488508416,207255
7256,2,3952.013438405579,343.4184647062939,207256
7257,2,485.5189931510102,38.037039315598875,207257
7258,2,1325.430065948849,120.90215324465255,207258
7259,2,3223.8413352814023,208.01601070680368,207259
7260,2,2557.977484783675,160.06853266492135,207260
7261,2,2164.1412833471863,153.83224760113043,207261
7262,2,2119.5538364573886,206.92307051832168,207262
7263,2,2589.5443294004635,332.16683557018325,207263
7264,2,1180.9048840188416,101.55704164962117,207264
7265,2,997.2982460263024,80.75841439779232,207265
7266,2,1710.80870057306,132.57645334169277,207266
7267,2,865.8908791003325,48.18495636950335,207267
7268,2,2062.5031715253144,132.88936326246554,207268
7269,2,1691.4396091174472,140.97869902944902,207269
7270,2,5523.10734645558,544.5161197770258,207270
7271,2,4584.660124294269,410.31889816474745,207271
7272,2,3786.419578459187,253.6504970047254,207272
7273,2,3619.509714064358,235.78046605744564,207273
7274,2,1413.9051917029328,143.00583465254243,207274
7275,2,1228.9714895409795,83.61583434285157,207275
7276,2,1460.8469117811144,114.12308748171668,207276
7277,2,1042.092710185434,65.34911620885362,207277
7278,2,2660.3698372341155,221.3454908665654,207278
7279,2,1335.7681170161138,116.0777214982167,207279
7280,2,13760.328523371538,2464.4875229162576,207280
7281,2,10823.899595168486,733.4574715477269,207281
7282,2,1194.222429295442,120.37057390864841,207282
7283,2,2339.9548846664666,220.53204814891077,207283
7284,2,2000.8068537493214,127.51472006736068,207284
7285,2,1484.383523941872,96.90129512168294,207285
7286,2,973.7012821865031,90.77642420581311,207286
7287,2,1588.7389636581804,112.06508749660189,207287
7288,2,1316.7721375683782,104.12685319523933,207288
7289,2,721.5765075419059,55.53526401650647,207289
7290,2,1262.3695825711864,157.80465877950735,207290
7291,2,737.1707561984274,42.60887025682995,207291
7292,2,5115.194892270577,950.8241928894026,207292
7293,2,2154.202637717894,259.8464995782038,207293
7294,2,984.2133935889468,178.02208578530755,207294
7295,2,890.6263916313958,100.85364709549118,207295
7296,2,2946.8693970578106,576.205929155901,207296
7297,2,802.1234119394277,90.88476400356159,207297
7298,2,843.5724871810534,102.53747245203277,207298
7299,2,1514.058710034405,383.8117963553981,207299
7300,2,2460.1090443334024,469.1097416507592,207300
7301,2,12357.55335277474,2928.4560120025885,207301
7302,2,7622.235607966914,1791.8865142862421,207302
7303,2,8688.980062466631,2208.521714512296,207303
7304,2,8057.136778896071,2024.0727213267733,207304
7305,2,5532.949672380595,1301.2452965140083,207305
7306,2,2783.6756027301885,567.3235494662067,207306
7307,2,1653.417366983412,409.5369172494639,207307
7308,2,1781.589730158717,363.6679894888585,207308
7309,2,1125.130376888682,197.88560181027705,207309
7310,2,4850.08674071251,697.5113070633927,207310
7311,2,3088.3834947738515,349.150376530624,207311
7312,2,2514.8763431667976,469.73459027403084,207312
7313,2,1937.754063954987,144.57420173898456,207313
7314,2,6969.951268579884,1432.0141823681952,207314
7315,2,446.12220135689324,84.24546948254016,207315
7316,2,2312.1059388509125,364.8037525161389,207316
7317,2,1815.2947028824185,400.34758386269317,207317
7318,2,2372.641997714994,480.86777072952736,207318
7319,2,2212.4872556318614,386.73282473323377,207319
7320,2,4064.054547343194,892.0288890362617,207320
7321,2,1641.4968280144662,385.15944079361896,207321
7322,2,1147.6515144629113,255.2176320012407,207322
7323,2,11620.917553227826,2641.4907363979855,207323
7324,2,11007.69758535843,2383.9907521757455,207324
7325,2,10919.559503686616,2272.5454798638757,207325
7326,2,2929.9380199301722,599.4526458034529,207326
7327,2,6358.32049562704,1266.6515169377847,207327
7328,2,6506.746235994287,1276.97110844589,207328
7329,2,6111.451861413725,1132.358431407147,207329
7330,2,4190.147926470435,830.1710813841441,207330
7331,2,4362.750040645895,573.8446516252403,207331
7332,2,3156.1265849208444,766.666658957922,207332
7333,2,2886.5615575469164,757.140152669401,207333
7334,2,2123.305594323715,521.4436743775746,207334
7335,2,4001.7815995571677,757.322320080325,207335
7336,2,3960.1573143198025,1035.097482952959,207336
7337,2,903.8192475960972,208.57025718511872,207337
7338,2,3567.3738541997072,711.9914363691449,207338
7339,2,4153.5239383450635,1099.1192332332892,207339
7340,2,3127.6170160018996,799.6069211848084,207340
7341,2,2717.5200737747714,259.968287050375,207341
7342,2,236.0422530066648,51.01925895643921,207342
7343,2,15195.12898270091,3443.995402660449,207343
7344,2,779.7411507650434,183.51603117033338,207344
7345,2,6594.559854686869,1602.7239736703443,207345
7346,2,886.3143381691373,198.86018584285034,207346
7347,2,1591.2541643438094,387.3015511740721,207347
7348,2,4921.5388851012385,1061.0701129834545,207348
7349,2,1302.6902914730904,276.86609976505815,207349
7350,2,3911.268017283029,885.3621134880764,207350
7351,2,2033.7297157282167,440.1620252594974,207351
7352,2,3730.4470607547955,752.3331720807549,207352
7353,2,1394.8758921539666,243.89641828832444,207353
7354,2,3451.7237572396625,791.5175490435902,207354
7355,2,3312.0791406073026,760.6799571402889,207355
7356,2,4112.764623005213,1044.1761249686158,207356
7357,2,2952.0790177990048,710.2571501238973,207357
7358,2,2129.8751472266986,367.6002372918397,207358
7359,2,1502.8714711494886,344.601067483889,207359
7401,2,27.528485397455334,1.9371230054596513,207401
7227,3,7663.02001867293,413.766302372641,307227
7228,3,35770.99452140797,5376.723773787596,307228
7229,3,7224.16509692524,602.1198287987175,307229
7230,3,65020.82637299363,8102.607448560805,307230
7231,3,40737.903199514156,4736.280907167326,307231
7232,3,37580.37473223372,4540.429296504833,307232
7233,3,50644.986971684884,3992.469514303235,307233
7234,3,49162.417306080424,4138.008116586637,307234
7235,3,50509.0722832114,3846.6134745244995,307235
7236,3,52370.16025972196,3200.097700574777,307236
7237,3,50740.33647120406,2861.9052258474057,307237
7238,3,52523.28186752777,2762.286825075424,307238
7239,3,17115.320110720175,846.6050530711697,307239
7240,3,16715.24959499701,3951.1185162595057,307240
7241,3,16240.863585009156,702.5858392859841,307241
7242,3,19483.538964902593,665.1424300150383,307242
7243,3,48295.93869684693,1526.9391812563822,307243
7244,3,24536.99664155451,607.5161582035815,307244
7245,3,26875.569163086664,583.334757187456,307245
7246,3,27255.080584911997,610.3142274478834,307246
7247,3,16567.45577493644,359.7394186518305,307247
7248,3,35311.80458716799,685.8166920808396,307248
7249,3,13626.731238419596,346.66565632585053,307249
7250,3,5904.640838247055,142.6416749314509,307250
7251,3,2502.067689571159,59.64901837840684,307251
7252,3,1755.3161032206729,36.3752609778446,307252
7253,3,22768.470810269944,360.64378020341854,307253
7254,3,9887.310397481828,1310.2883174699596,307254
7255,3,5583.849448729063,894.6851043096523,307255
7256,3,6330.698707991764,945.9130715298157,307256
7257,3,573.5496856054448,89.9489202888978,307257
7258,3,1735.850165687459,204.8332915263556,307258
7259,3,4782.459493395534,744.900237855589,307259
7260,3,2917.2160095558347,462.6313499036224,307260
7261,3,2530.2647899753097,308.8432659269809,307261
7262,3,4409.853441245839,180.3266823617973,307262
7263,3,3455.14846495261,343.89167886376106,307263
7264,3,1473.2362274735824,187.73002091845785,307264
7265,3,1739.6429085034624,156.82979683578094,307265
7266,3,2836.5333196339916,241.35306242711653,307266
7267,3,1403.2994165184643,65.72987539822402,307267
7268,3,4676.277465408563,383.77597617120944,307268
7269,3,2459.73411851006,142.80332728966872,307269
7270,3,9684.961036965513,1025.4385042586998,307270
7271,3,7785.764583621748,381.8688924846904,307271
7272,3,6134.300926158432,584.6739388431885,307272
7273,3,5024.330298911813,589.1029717877974,307273
7274,3,1621.6915201058746,287.54072512247234,307274
7275,3,1519.3014257598838,189.01550561798177,307275
7276,3,2182.990786525189,171.11795926808213,307276
7277,3,1470.3917258635745,98.22046221856039,307277
7278,3,5518.076852641779,602.9211802255393,307278
7279,3,2745.3882071733333,261.45804370736766,307279
7280,3,21192.460071011872,395.1120046294026,307280
7281,3,17176.059490010128,433.55315687588615,307281
7282,3,1861.7902260281994,30.67984768069182,307282
7283,3,3932.5551785073235,58.09594429107807,307283
7284,3,4282.9431808411,221.83451503168197,307284
7285,3,2189.898895446977,145.87419403243288,307285
7286,3,1186.3514290702442,87.2864595032651,307286
7287,3,2683.107308688924,97.43728918257807,307287
7288,3,1726.2490594582096,166.19145554670584,307288
7289,3,842.0433513902527,88.381984847855,307289
7290,3,1760.5770424824775,136.88962334063316,307290
7291,3,937.7485780186961,60.581259677793234,307291
7292,3,9733.26506119807,753.989573299427,307292
7293,3,3821.685289791209,617.7524574365957,307293
7294,3,2831.795112117692,227.7988187543455,307294
7295,3,1692.454316297831,414.39502635353773,307295
7296,3,7561.4853646392,1078.1112313843898,307296
7297,3,1947.601025688799,663.665051036877,307297
7298,3,1382.3402989401995,272.08317905121856,307298
7299,3,4998.670468755447,1209.1796638920787,307299
7300,3,6795.999527618348,2746.9599257685927,307300
7301,3,22617.71547499837,1810.6295213554092,307301
7302,3,14503.41012227353,1619.8575723393708,307302
7303,3,16950.52398203678,1871.1145417073844,307303
7304,3,15563.249818103175,1644.260092005297,307304
7305,3,10427.03245003998,213.54863875222753,307305
7306,3,7184.418763069812,2224.4579274189277,307306
7307,3,4858.576739785666,1713.8591147818474,307307
7308,3,4149.923021047359,1165.9254402460963,307308
7309,3,2125.163788869303,360.07533055569354,307309
7310,3,11273.77470950763,3001.3066497979225,307310
7311,3,6187.35583652913,1276.294159290184,307311
7312,3,4922.9652136444265,364.1219162853548,307312
7313,3,3052.783334099021,186.77784737202865,307313
7314,3,12339.731819514478,783.8798750150521,307314
7315,3,864.0696447225924,275.4634341154998,307315
7316,3,4422.624665280528,1567.976844869582,307316
7317,3,5931.843061694047,1637.594910685579,307317
7318,3,8038.437632906571,2578.8448590343137,307318
7319,3,5957.258469029176,2142.449411589456,307319
7320,3,12818.665562237704,4390.477855594428,307320
7321,3,4871.91995815218,1228.5327821156263,307321
7322,3,2735.842862016803,628.803523257491,307322
7323,3,27468.51642397068,6533.751243732019,307323
7324,3,25394.843630706033,5949.4768485313725,307324
7325,3,20837.372751938645,3261.5563717762784,307325
7326,3,5510.179224611445,859.1719201374664,307326
7327,3,11366.661056594028,1173.908881336742,307327
7328,3,12013.021845780411,2077.900510125675,307328
7329,3,10331.120142092488,1440.6432026045895,307329
7330,3,8098.454836218899,2063.9511758223416,307330
7331,3,6726.193304982444,1510.3072704844076,307331
7332,3,9511.812449371799,2050.5505517304687,307332
7333,3,8530.127951863778,2145.7385045250862,307333
7334,3,6384.265122628243,1632.939336528331,307334
7335,3,7849.241467503014,1771.0043807735185,307335
7336,3,10111.882181246747,3447.8183785054334,307336
7337,3,2603.0942434444023,638.2186249782404,307337
7338,3,7363.321133180208,511.59537556161706,307338
7339,3,13152.17981360411,3435.3782813784333,307339
7340,3,9760.73583978353,2480.0610347840516,307340
7341,3,5450.675764951711,1827.502202498972,307341
7342,3,736.088981948209,199.1083582943029,307342
7343,3,39121.78937992244,11273.540039078216,307343
7344,3,1460.2528113428264,18.548948983778008,307344
7345,3,12516.572228712088,197.65109957529336,307345
7346,3,2122.1333034701483,595.1030564450567,307346
7347,3,4176.510000832811,1317.9229758837214,307347
7348,3,11985.299743545416,3614.653661318596,307348
7349,3,2672.17004524945,140.4157702716839,307349
7350,3,11896.696142471132,4340.061982012559,307350
7351,3,7008.703267110671,2701.437337431541,307351
7352,3,11074.019365370457,3363.664694165187,307352
7353,3,4231.12845105097,1485.5116100386022,307353
7354,3,10186.96917163148,2497.011707423462,307354
7355,3,10822.091756856373,3406.289743268462,307355
7356,3,10761.313272120211,3621.2883749368657,307356
7357,3,9353.65665091681,2968.760048598196,307357
7358,3,4985.574717365802,1893.749311785458,307358
7359,3,4536.095785721267,1184.5557967559562,307359
7401,3,36.226732284439265,0.5774731590397911,307401
7227,4,7394.674701388068,496.0595123534351,407227
7228,4,36813.120597020104,6741.286009028128,407228
7229,4,7159.8790734509075,842.5673718708856,407229
7230,4,65858.82919709581,11440.187600311569,407230
7231,4,40988.003240004386,6806.631551190968,407231
7232,4,38813.12554451478,6938.066116105952,407232
7233,4,52931.25512629474,6922.584223670266,407233
7234,4,52183.93463778033,6954.346994708139,407234
7235,4,53158.72243665306,6424.902699780168,407235
7236,4,55976.49651942549,5467.721098380866,407236
7237,4,55307.54239940926,4800.287996313404,407237
7238,4,58201.4761197271,4844.7236845946645,407238
7239,4,17513.83783672882,686.0085808325294,407239
7240,4,23259.41078438144,1315.584505650668,407240
7241,4,16712.899634525435,670.2209705300269,407241
7242,4,20306.471428546418,950.951921628395,407242
7243,4,50327.641177084915,2655.498797236635,407243
7244,4,25782.149948027483,1322.4706921511608,407244
7245,4,28294.20288019143,1335.3193130570112,407245
7246,4,28542.602972065048,1172.696542918006,407246
7247,4,16971.385188225508,254.69811168995503,407247
7248,4,36063.57052571306,462.8116039500178,407248
7249,4,14037.408156904483,194.837107429563,407249
7250,4,6125.227542014872,86.33197132978724,407250
7251,4,2601.8385035995284,38.86694682346688,407251
7252,4,1813.1207591349928,22.32634661682949,407252
7253,4,23867.55191998267,330.82981262824075,407253
7254,4,11804.703535820157,245.09362298672633,407254
7255,4,6861.332663944694,193.91106856490052,407255
7256,4,9209.534031000321,547.854017849533,407256
7257,4,633.5722692753924,16.627106931750138,407257
7258,4,2555.372189824729,244.49510848971286,407258
7259,4,6775.028078309625,279.84676050172413,407259
7260,4,3510.8328730885814,376.37220911304047,407260
7261,4,3726.6118344462097,269.2686420841077,407261
7262,4,6102.757234501214,675.9221350468953,407262
7263,4,5065.803344055247,552.5146476703861,407263
7264,4,2217.7913252859394,218.02380403018998,407264
7265,4,3196.5874519772015,830.0962928262453,407265
7266,4,4009.5482663756616,1005.6788561546743,407266
7267,4,1575.7303879376936,48.72898708685575,407267
7268,4,6041.027423367223,951.4211964410008,407268
7269,4,3173.099060346387,526.8089238630685,407269
7270,4,17111.382382697167,2503.415345407606,407270
7271,4,10346.11065764182,1665.3825352484182,407271
7272,4,12570.056341734802,1851.28777637765,407272
7273,4,10593.741256726666,1592.4750072063086,407273
7274,4,2357.9650390068764,86.69041722203748,407274
7275,4,2240.2144981316683,239.9618051312181,407275
7276,4,3553.7492374257326,843.7037847497643,407276
7277,4,2195.305410829603,530.7274968161698,407277
7278,4,8543.209507280095,2145.04646644846,407278
7279,4,5434.000893324211,1301.1452828482777,407279
7280,4,22719.93164682102,1065.6196558997515,407280
7281,4,18206.620606492314,376.4491176929985,407281
7282,4,2011.7747147719142,69.93215379565372,407282
7283,4,4490.574793167704,324.2865630674925,407283
7284,4,5827.394024457293,768.7032757279477,407284
7285,4,4219.792246010759,884.48108497149,407285
7286,4,1810.8310198648417,277.2486208914886,407286
7287,4,3446.7837980190884,264.8924689277537,407287
7288,4,2404.536554550269,245.239056204765,407288
7289,4,1086.897902190997,172.81530987669723,407289
7290,4,2808.613599309645,503.5445162343921,407290
7291,4,1158.6092389529874,227.98880811824495,407291
7292,4,11570.758333433458,1179.5859255372618,407292
7293,4,7573.635963988536,2742.5303087561006,407293
7294,4,6423.701506917938,592.5375064648273,407294
7295,4,3822.3775494969773,875.3494580487732,407295
7296,4,16212.477878700005,2105.0646387862253,407296
7297,4,3031.1972473998017,394.8717907020433,407297
7298,4,1731.8361644896158,496.19322037044407,407298
7299,4,6676.845626135671,407.3893950915848,407299
7300,4,10797.915762587825,2727.58815494749,407300
7301,4,23509.063915143175,2835.949650027442,407301
7302,4,15482.60311272468,2652.6754253690438,407302
7303,4,17876.895279060373,2760.3682727244927,407303
7304,4,16813.393929833543,2697.6856532997544,407304
7305,4,11099.813719594638,561.2984590903831,407305
7306,4,10516.513985175321,2441.256972211589,407306
7307,4,7391.927632483182,2087.5799841684598,407307
7308,4,7304.876646479914,2237.9690816476987,407308
7309,4,2469.381326880785,618.5785707064948,407309
7310,4,22425.020973485494,4071.874344335953,407310
7311,4,14619.721590791074,2699.47013174258,407311
7312,4,5568.373066080332,481.87127347954265,407312
7313,4,3396.3567906589747,254.10196187657218,407313
7314,4,14154.012121452588,1713.537065063357,407314
7315,4,1173.8128915001107,443.5213930770412,407315
7316,4,7506.096863904823,2838.176338210587,407316
7317,4,8049.296978770181,668.3013872477823,407317
7318,4,11314.704366185078,1230.3124408047008,407318
7319,4,8893.054385814132,1131.742867597216,407319
7320,4,18853.149954640012,2227.186883321572,407320
7321,4,5949.936580982438,208.7267435527191,407321
7322,4,3578.5683306949013,818.9082880566983,407322
7323,4,36593.40067191575,8377.785185119868,407323
7324,4,34662.74025511317,8236.245088908585,407324
7325,4,22782.7335669047,5302.58461137079,407325
7326,4,6004.614641401192,1378.0571471093917,407326
7327,4,11730.447501022083,2003.432502081395,407327
7328,4,13382.649925451637,3353.3212516791136,407328
7329,4,10652.64397820923,2302.927398333192,407329
7330,4,10377.58109149909,3285.833702169404,407330
7331,4,8608.038239860536,2921.567990710343,407331
7332,4,11814.967634474124,240.2659899380367,407332
7333,4,10647.13560972358,425.71600413162577,407333
7334,4,7740.227789710076,188.09892402997679,407334
7335,4,8673.28999902385,2337.0081162439274,407335
7336,4,12701.69035008094,3947.752749967606,407336
7337,4,3342.606252699333,83.67956068888614,407337
7338,4,7290.985954632787,566.5626882993706,407338
7339,4,16813.345229475504,429.08636104348363,407339
7340,4,12284.241604695151,137.65796505019784,407340
7341,4,9591.843964697116,1534.5022482215545,407341
7342,4,917.9591396757471,80.32858104423305,407342
7343,4,50318.56907670577,11404.575471746815,407343
7344,4,1415.183565721577,21.91816073707223,407344
7345,4,12283.369026398232,219.70547022823914,407345
7346,4,2640.668880392721,678.5692223859216,407346
7347,4,5411.91030115578,1239.1163116134812,407347
7348,4,15537.491896977228,3592.968462086411,407348
7349,4,2796.6049284730566,127.01643030363684,407349
7350,4,16691.652808223644,3809.9999125224845,407350
7351,4,9674.219021543915,1278.5440864228842,407351
7352,4,15431.521494730072,1360.8706135290124,407352
7353,4,5749.603822075616,592.0026832422826,407353
7354,4,13207.410872803182,1188.7309720188362,407354
7355,4,13708.308511460502,1026.932911337903,407355
7356,4,14354.088984303235,3911.313769610448,407356
7357,4,12151.282698437359,1249.5129062720498,407357
7358,4,7320.033016061967,1985.6754010647933,407358
7359,4,5759.00581605205,501.63202300303465,407359
7401,4,38.77523752308892,0.5962822658292186,407401
7227,5,4771.348680372831,2049.5679035801977,507227
7228,5,20839.841989078315,9286.88130073886,507228
7229,5,4390.344296550426,1876.5805267580529,507229
7230,5,38395.05972202543,15848.74529965321,507230
7231,5,23791.079247786456,9621.49433503356,507231
7232,5,22404.35494010449,9824.338158826515,507232
7233,5,29767.921310809757,13079.467414318147,507233
7234,5,28718.995020346232,13346.88826210859,507234
7235,5,28688.651260869403,13344.891597705984,507235
7236,5,29607.514479930156,13889.821988910004,507236
7237,5,29058.222103502638,13758.185553829957,507237
7238,5,28620.019636271165,13518.00663575839,507238
7239,5,9237.219106745802,4060.4676086207055,507239
7240,5,4417.9192309733,1078.0506887519236,507240
7241,5,8874.340120436285,4001.5163664361307,507241
7242,5,9650.125022874412,3848.9724470312326,507242
7243,5,23923.7073371464,9564.546618506625,507243
7244,5,10584.142858467554,3382.5022951417914,507244
7245,5,11426.856791030048,3519.4894011792453,507245
7246,5,11558.237749497654,3535.4555121066205,507246
7247,5,7203.25454137789,2101.883216924223,507247
7248,5,15711.244930879664,4419.583380908668,507248
7249,5,6460.102066169749,1720.4612488183852,507249
7250,5,2853.723618659889,762.7257965845839,507250
7251,5,1207.43058501323,323.92301916030243,507251
7252,5,866.0348041557197,232.75019833087939,507252
7253,5,11325.99712693973,3071.3945879388484,507253
7254,5,5968.494171715286,1460.3654127184527,507254
7255,5,3242.748249054744,814.8190011506308,507255
7256,5,4383.287555923556,1111.0139433576073,507256
7257,5,411.61246531191637,68.38145047566297,507257
7258,5,1077.260309198717,145.62626653254603,507258
7259,5,3460.322339510285,803.9337947095087,507259
7260,5,1943.104930610973,257.0277657981053,507260
7261,5,1751.1395476156313,286.1750992397845,507261
7262,5,2545.0167656863796,723.4977045546999,507262
7263,5,2026.347623914499,304.5341387452238,507263
7264,5,996.839963361498,135.08215392576088,507264
7265,5,1008.4608917110986,181.64542772688833,507265
7266,5,1736.4419114523707,411.51727423337195,507266
7267,5,907.8705233839099,219.3369371102599,507267
7268,5,2515.8716040760305,729.5321790488956,507268
7269,5,1653.1627589321724,351.7888202049032,507269
7270,5,5221.925318232277,1087.2922104937209,507270
7271,5,4559.134835951984,1092.4591358185276,507271
7272,5,3230.7712852458462,400.5808482896002,507272
7273,5,2874.584131761733,326.78035025768673,507273
7274,5,1166.0585566759112,280.29536614686367,507274
7275,5,1169.3225226437346,270.15461716193084,507275
7276,5,1395.558362396579,228.66873616682614,507276
7277,5,898.1854506436686,152.0511261289097,507277
7278,5,3081.613534062028,891.1182765607693,507278
7279,5,1210.1763040099095,219.7318373284802,507279
7280,5,10724.06458668515,2780.0279129535297,507280
7281,5,9635.511264843082,2291.518190313875,507281
7282,5,991.3558800818961,259.6813817740716,507282
7283,5,2026.671763360445,552.4278849806882,507283
7284,5,2365.120323107482,691.8263834210941,507284
7285,5,1323.9273397715622,200.32719509808578,507285
7286,5,764.2883599014607,124.36123326796636,507286
7287,5,1638.390037824382,416.43575077783714,507287
7288,5,1167.524415800272,223.75895258550693,507288
7289,5,628.7045269682916,96.47528816622645,507289
7290,5,1013.134232154602,152.99781898373357,507290
7291,5,653.4628198501052,105.3800879254808,507291
7292,5,4947.68975188152,1495.5472300908168,507292
7293,5,1672.7895668686429,284.65517552703176,507293
7294,5,874.8469978239747,147.42025664978215,507294
7295,5,613.1587087187473,90.91671492875206,507295
7296,5,2205.621098207506,348.80744000384,507296
7297,5,546.9662292302369,99.87008633941383,507297
7298,5,859.8967069129386,272.1569084353531,507298
7299,5,1133.3992828636078,208.28998296068505,507299
7300,5,2715.755067467082,1149.327685407057,507300
7301,5,13963.549093887937,6426.642028207114,507301
7302,5,8731.320877958871,3991.876864799522,507302
7303,5,10351.7880514366,5010.653100998182,507303
7304,5,9142.013200592955,4314.959219002532,507304
7305,5,6289.833924824652,2608.1818811793155,507305
7306,5,1973.1791844288305,401.5009769459131,507306
7307,5,1256.169625380497,238.33158836988386,507307
7308,5,1307.7676887061855,215.08679035299394,507308
7309,5,1027.9296198518887,252.36323238376764,507309
7310,5,3302.302141432489,397.7226130497956,507310
7311,5,2301.1862640191657,287.468492135043,507311
7312,5,2552.729670663139,691.5508404416508,507312
7313,5,1943.5596988383181,304.5028773287406,507313
7314,5,7399.1477208760025,2965.701508338009,507314
7315,5,361.9033909546958,75.48301163140611,507315
7316,5,1820.4359572113485,347.28656554969797,507316
7317,5,1562.7035220176524,164.54201486078605,507317
7318,5,1707.2062229212622,254.6513669451166,507318
7319,5,1892.2735849573723,271.4622528104784,507319
7320,5,4672.804763117393,2192.8713413896126,507320
7321,5,1886.2062080535138,650.060849491665,507321
7322,5,1388.9873602189045,559.8046690123746,507322
7323,5,14158.694901061484,5681.321256723962,507323
7324,5,13299.11603568106,5287.56855452332,507324
7325,5,12209.598458426075,5109.002164277769,507325
7326,5,3235.022188837346,1329.4754117908822,507326
7327,5,6963.627962148099,2887.0908644784613,507327
7328,5,7093.271618234938,2830.161264330997,507328
7329,5,6329.227170988175,2460.0824842866014,507329
7330,5,4725.210115642246,1897.2611307891939,507330
7331,5,4398.6109776445,1482.9656378222821,507331
7332,5,3598.1521602522503,1248.9408983182548,507332
7333,5,3325.0881237237613,1120.0678657388107,507333
7334,5,2434.6770483430423,815.7509812371482,507334
7335,5,4659.481739694197,1874.051753919328,507335
7336,5,4834.183541815313,1943.9624064220861,507336
7337,5,1007.8756105306989,340.74755526788493,507337
7338,5,4387.244901608393,2065.089194150984,507338
7339,5,4642.000646508192,1901.4196693816302,507339
7340,5,3472.102319720766,1427.423534793112,507340
7341,5,3008.5322144623697,989.3512575535548,507341
7342,5,278.6321237129332,98.85715650203639,507342
7343,5,17820.43822754727,6978.654918403113,507343
7344,5,901.5949472402315,408.6873850370444,507344
7345,5,7814.557299815105,3546.6593424680145,507345
7346,5,1007.0446280825972,420.22144443772345,507346
7347,5,1748.3808160359501,723.0342384999994,507347
7348,5,5359.6365643193185,2289.2532356525953,507348
7349,5,1664.3377134033467,771.7327318192403,507349
7350,5,4511.064399719647,2170.4579785292904,507350
7351,5,2351.956877400318,1129.9416216565307,507351
7352,5,4558.5671026699765,1579.3215056374847,507352
7353,5,1140.5591730159483,185.4397549987496,507353
7354,5,3987.943657908573,1423.0394211393445,507354
7355,5,2802.6226499680756,374.65814211155083,507355
7356,5,4735.630606051628,2111.548647822089,507356
7357,5,2542.2901105367287,338.2766313010344,507357
7358,5,1629.8628326914115,332.96518486342785,507358
7359,5,1738.0607539637595,607.2287411530801,507359
7401,5,24.482017060124253,4.288387268786996,507401
7227,6,3559.958230836967,465.4626005415844,607227
7228,6,15047.33848821469,1730.7577354378159,607228
7229,6,3328.6817392116786,472.094364256338,607229
7230,6,29936.9445590478,4406.171492123212,607230
7231,6,18938.05053978593,3048.940245474071,607231
7232,6,16870.26315745507,2828.343401637084,607232
7233,6,22490.979925214157,3860.7665009122657,607233
7234,6,20796.831910433393,3385.5570118712776,607234
7235,6,20788.222382184937,3508.048743897078,607235
7236,6,21401.68547791925,3764.10232171233,607236
7237,6,20670.01440495082,3446.4037435475707,607237
7238,6,20845.820365729367,3492.8926507655237,607238
7239,6,7007.522143331626,1264.0390554664361,607239
7240,6,4647.091536217476,127.99337822362538,607240
7241,6,6722.4029158959365,1200.219923990768,607241
7242,6,7991.121502722503,1424.6008432824494,607242
7243,6,19779.014362090576,3502.2740065725256,607243
7244,6,9848.299771354661,1728.144474123538,607244
7245,6,10953.89610571317,1548.47149181607,607245
7246,6,11175.55504230339,1579.6475512102393,607246
7247,6,7338.67559130161,668.6055168858677,607247
7248,6,16611.357068917194,1591.6215743456178,607248
7249,6,7036.786201864294,512.9176818272895,607249
7250,6,3069.9683488766095,320.34510209857405,607250
7251,6,1299.1368848254426,146.10471794502655,607251
7252,6,931.867295228544,105.48444541366426,607252
7253,6,12485.928753372566,910.6197624809595,607253
7254,6,7065.247500677555,638.8704900662227,607254
7255,6,3843.9943324499704,426.9061099433513,607255
7256,6,5035.287447879802,266.0980416891539,607256
7257,6,528.4515445540519,29.359716546480843,607257
7258,6,1295.9706275638855,85.29036171970276,607258
7259,6,3942.6911413403573,261.3713915105296,607259
7260,6,2520.533477481999,350.63654939256503,607260
7261,6,2075.6719551559027,237.69887976539042,607261
7262,6,2596.6520210614362,177.39665075089374,607262
7263,6,2458.809038392851,240.96688156986662,607263
7264,6,1221.1150695006766,119.22183318979341,607264
7265,6,1145.5213670015935,34.08095181528473,607265
7266,6,1977.1793619719274,108.11932440071087,607266
7267,6,1069.3970987687499,38.90498963278507,607267
7268,6,2743.0781963254444,132.63716439051686,607268
7269,6,1953.6620667277427,257.9711853663515,607269
7270,6,6221.90680993077,919.7012984825876,607270
7271,6,5261.919155988515,578.2557262827461,607271
7272,6,3748.163855093714,430.89700492556335,607272
7273,6,3303.7064291686297,316.5208794833245,607273
7274,6,1331.051419516031,193.85722994655575,607274
7275,6,1350.4016800607212,145.18550144455068,607275
7276,6,1613.0818632475887,97.63535938595057,607276
7277,6,1089.685725975761,68.08865675734882,607277
7278,6,3411.3204403769855,208.7855461960712,607278
7279,6,1420.9163589917446,89.6264386185478,607279
7280,6,11300.518865023902,1955.030823682093,607280
7281,6,11554.246751557306,1178.862069388783,607281
7282,6,1216.362620029041,178.64569486177726,607282
7283,6,2444.828430977926,362.14371685295714,607283
7284,6,2594.750501770927,203.76494967256613,607284
7285,6,1588.088265145662,143.9534796392013,607285
7286,6,965.8359679762563,113.32613841629806,607286
7287,6,1916.0151930482386,208.78568654180867,607287
7288,6,1443.8969594813152,183.9019272394779,607288
7289,6,807.4822364840779,104.97608621118172,607289
7290,6,1268.5603549683763,153.2040273034758,607290
7291,6,829.8516012202954,78.54217162489523,607291
7292,6,4881.787065688607,817.3206917656579,607292
7293,6,2148.906181947003,307.6665071397923,607293
7294,6,1157.832965609719,61.109950684374255,607294
7295,6,799.847958633619,76.62703290270322,607295
7296,6,2773.408211753647,69.40499830532102,607296
7297,6,637.8161971984551,52.46386548404071,607297
7298,6,840.3554272897314,128.77097964398,607298
7299,6,1280.5467437900031,69.17735287296905,607299
7300,6,2187.3149990978022,171.5958467201251,607300
7301,6,10385.509041632627,1731.7443345086926,607301
7302,6,6538.964074324056,1094.7547257659376,607302
7303,6,7553.116884302518,1294.3251703415688,607303
7304,6,7053.299557395809,1290.0348989026825,607304
7305,6,5284.277443628186,1001.2317314714925,607305
7306,6,2418.8452741130386,250.2408449117048,607306
7307,6,1498.2934779874113,143.75371212157273,607307
7308,6,1660.9668916474602,174.35890593919038,607308
7309,6,1102.8295629136944,131.52826529493873,607309
7310,6,4612.367422597064,390.2076017003086,607310
7311,6,3045.546806760933,269.3039935820887,607311
7312,6,2526.010497535395,424.35845706790434,607312
7313,6,2103.591781098172,380.58868500734286,607313
7314,6,6456.129991203151,1322.4686634979969,607314
7315,6,395.91049047076615,48.20720414965624,607315
7316,6,2009.5118932540154,221.68094271719957,607316
7317,6,1819.2757908832755,51.17808540818549,607317
7318,6,2089.148383324715,66.8007497293021,607318
7319,6,2108.7691270053633,117.46790436125771,607319
7320,6,3536.3889131992646,167.82104367660844,607320
7321,6,1673.343604508146,44.53483514032431,607321
7322,6,1139.9246514535737,104.15475315470118,607322
7323,6,11455.668169936422,1112.4482199913145,607323
7324,6,10780.79058171911,1058.243126801503,607324
7325,6,9810.764932448019,1450.5346182760698,607325
7326,6,2618.9731916448454,375.4714658140238,607326
7327,6,5662.185004898703,886.2511694182084,607327
7328,6,5945.058613106395,942.6156380603018,607328
7329,6,5466.239697816267,1007.8579931773984,607329
7330,6,3817.942475505898,603.4675852017226,607330
7331,6,3939.9465690284355,520.8243040999076,607331
7332,6,3098.2440381856622,221.89682303176147,607332
7333,6,2830.5689484499526,126.98190215677982,607333
7334,6,2070.0856149772953,84.17518419196882,607334
7335,6,3763.6896099745463,474.905940051915,607335
7336,6,4004.99506412386,678.7538925893626,607336
7337,6,889.6253310759084,17.299376265313825,607337
7338,6,3354.012618943922,485.7575348321745,607338
7339,6,3735.5782217418578,169.40651966706406,607339
7340,6,2806.188840974472,120.4289489140006,607340
7341,6,2593.314828632166,139.9801538985758,607341
7342,6,240.383156428008,22.193959346701085,607342
7343,6,15412.810143114399,1385.3550341616312,607343
7344,6,677.9128465948919,94.17567330906573,607344
7345,6,5847.465178299925,851.5418653640231,607345
7346,6,834.6550773446003,67.78548067464949,607346
7347,6,1434.5260230216304,116.95836073680258,607347
7348,6,4305.893117663996,356.2959614575633,607348
7349,6,1232.7957382174113,161.3554473988582,607349
7350,6,3118.1264583238635,407.1832246814908,607350
7351,6,1700.9283919260808,107.37825987030705,607351
7352,6,3741.459806166037,216.116413813405,607352
7353,6,1296.8171120208096,68.90393338843462,607353
7354,6,3628.763297848513,161.74644666444823,607354
7355,6,3222.162602002616,113.47578168004786,607355
7356,6,3780.5373879681556,428.5396503046235,607356
7357,6,3018.6217309885774,167.926633286914,607357
7358,6,1873.2612797698316,169.44955631368418,607358
7359,6,1632.6464385488143,110.8201545864802,607359
7401,6,29.160763654361666,1.6564990309923115,607401
