"WP4","campaign","dr_ss","pu"
3507,1,0.004417472,1
3508,1,0.001306444,1
3509,1,0.000648,1
3510,1,0.00039,1
3511,1,0.000421,1
3512,1,0.000638,1
3513,1,0.006852424,1
3514,1,0.012406564,1
3515,1,0.004131237,1
3516,1,0.037415749,1
3517,1,0.111390876,1
3518,1,0.099914997,1
3519,1,0.01163979,1
3520,1,0.012216974,1
3521,1,0.131214007,1
3522,1,0.154258666,1
3523,1,0.056296985,1
3524,1,0.222080529,1
3525,1,0.111883473,1
3526,1,0.152166392,1
3527,1,0.245336334,1
3528,1,0.188029794,1
3529,1,0.204512959,1
3530,1,0.155538224,1
3531,1,0.15531321,1
3532,1,0.140022321,1
3533,1,0.135429736,1
3534,1,0.195542045,1
3535,1,0.161455634,1
3536,1,0.254359306,1
3537,1,0.406098566,1
3538,1,0.530762941,1
3539,1,0.461288224,1
3540,1,0.128107883,1
3541,1,0.562936672,1
3542,1,0.321541771,1
3543,1,0.495311553,1
3544,1,0.412631387,1
3545,1,0.094390167,1
3546,1,0.034516496,1
3547,1,0.010887956,1
3548,1,0.028607428,1
3549,1,0.007699343,1
3550,1,0.058414744,1
3551,1,0.096871489,1
3552,1,0.198195238,1
3553,1,0.081544822,1
3554,1,0.017948045,1
3555,1,0.00979339,1
3556,1,0,1
3557,1,0.003106424,1
3558,1,0.013773377,1
3559,1,0.028999421,1
3560,1,0.033242633,1
3561,1,0.112619619,1
3562,1,0.036916445,1
3563,1,0,1
3564,1,0.035278065,1
3565,1,0.102926562,1
3566,1,0.292893796,1
3567,1,0.1272754,1
3568,1,0.319250239,1
3569,1,0.178180435,1
3570,1,0.140920774,1
3571,1,0.071509308,1
3572,1,0.107908388,1
3573,1,0.140818656,1
3574,1,0.055215047,1
3575,1,0.055277623,1
3576,1,0.012394923,1
3577,1,0.025598688,1
3578,1,0.028738081,1
3579,1,0.025887352,1
3580,1,0.107581915,1
3581,1,0.074733457,1
3582,1,0.035777103,1
3583,1,0.018477152,1
3584,1,0.078408923,1
3585,1,0.147183831,1
3586,1,0.018431684,1
3587,1,0.005434463,1
3588,1,0.060133667,1
3589,1,0.1465417,1
3590,1,0.124218033,1
3592,1,0.156491156,1
3593,1,0.010275591,1
3594,1,0.095704401,1
3595,1,0.076202261,1
3596,1,0.013036808,1
3597,1,0.027449044,1
3598,1,0.027033021,1
3599,1,0.01481224,1
3600,1,0.026288293,1
3601,1,0.052330328,1
3602,1,0.023402863,1
3603,1,0.008188889,1
3604,1,0.052292284,1
3605,1,0.024352365,1
3606,1,0.099357038,1
3607,1,0.088570191,1
3608,1,0.132438751,1
3609,1,0.067165541,1
3610,1,0.055994461,1
3611,1,0.031297959,1
3612,1,0.041714758,1
3613,1,0.024116576,1
3614,1,0.055830277,1
3615,1,0.139751136,1
3616,1,0.094566829,1
3617,1,0.073511985,1
3618,1,0.103828419,1
3619,1,0.053336262,1
3620,1,0.071954747,1
3621,1,0.100073107,1
3622,1,0.050550716,1
3623,1,0.054362106,1
3624,1,0.077429246,1
3625,1,0.038067036,1
3626,1,0.155930003,1
3627,1,0.156314209,1
3628,1,0.098665551,1
3629,1,0.012701576,1
3630,1,0.107405624,1
3631,1,0.107504346,1
3632,1,0.086796655,1
3633,1,0.007678699,1
3634,1,0.093774773,1
3635,1,0.06085396,1
3636,1,0.014975086,1
3637,1,0.075028289,1
3638,1,0.011491809,1
3639,1,0.0817712,1
3640,1,0.014726728,1
3641,1,0.121685626,1
3642,1,0.3538903,1
3643,1,0.023306623,1
3644,1,0.094886147,1
3645,1,0.066910225,1
3646,1,0.020946057,1
3647,1,0.013497968,1
3648,1,0.082950155,1
3649,1,0.081179045,1
3650,1,0.23563793,1
3651,1,0.046153892,1
3652,1,0.209788533,1
3653,1,0.018095841,1
3654,1,0.195893162,1
3655,1,0.119727319,1
3656,1,0.142338869,1
3657,1,0.170420429,1
3658,1,0.276945143,1
3659,1,0.127091869,1
3660,1,0.1050455,1
3661,1,0.05794608,1
3662,1,1,1
3663,1,0.435758434,1
3664,1,0.14829755,1
3665,1,0.134876478,1
3666,1,0.126518639,1
3667,1,0.164943235,1
3668,1,0.050458557,1
3669,1,0.093774373,1
3670,1,0.141941816,1
3671,1,0.09897293,1
3672,1,0.010493209,1
3673,1,0,1
3674,1,0.10292867,1
3675,1,0.112454898,1
3676,1,0.060428981,1
3677,1,0.05545575,1
3678,1,0.067673609,1
3679,1,0.15444062,1
3680,1,0.163073108,1
3681,1,0.127991223,1
3682,1,0.060704438,1
3683,1,0.012792909,1
3684,1,0,1
3685,1,0.036033955,1
3686,1,0.028403268,1
3687,1,0.166596346,1
3688,1,0.202397165,1
3689,1,0.114172934,1
3690,1,0.098417094,1
3691,1,0.157248855,1
3692,1,0.091619762,1
3693,1,0.155215347,1
3694,1,0.129946765,1
3695,1,0.07815845,1
3696,1,0.088785642,1
3697,1,0.467101863,1
3698,1,0.448965265,1
3699,1,0.227228103,1
3700,1,0.12920608,1
3701,1,0.367244904,1
3702,1,0.38827416,1
3703,1,0.196817573,1
3704,1,0.16685621,1
3705,1,0.4930316,1
3706,1,0.285414888,1
3707,1,0.455148541,1
3708,1,0.363265954,1
3709,1,0.120086083,1
3710,1,0.229234431,1
3711,1,0.154693336,1
3712,1,0.233003673,1
3713,1,0.029569128,1
3714,1,0.230679618,1
3715,1,0.274865055,1
3716,1,0.125861889,1
3717,1,0.067830749,1
3718,1,0.156433044,1
3719,1,0.154160553,1
3720,1,0.002544247,1
3721,1,0.147508822,1
3722,1,0.127637076,1
3723,1,0.067967507,1
3724,1,0.27793483,1
3725,1,0.193163218,1
3727,1,0.102160253,1
3728,1,0.167597193,1
3729,1,0.128470655,1
3730,1,0.174437952,1
3731,1,0.281853008,1
3733,1,0.134628128,1
3734,1,0.10087774,1
3735,1,0.227732866,1
3736,1,0.127452127,1
3737,1,0.333894642,1
3738,1,0.25270973,1
3739,1,0.27589583,1
3740,1,0.621333729,1
3741,1,0.464215526,1
3742,1,0.29079125,1
3743,1,0.373897845,1
3744,1,0.336929494,1
3745,1,0.275761418,1
3746,1,0.309459383,1
3747,1,0.248482204,1
3748,1,0.178742925,1
3749,1,0.275911357,1
3750,1,0.089090189,1
3751,1,0.247303556,1
3752,1,0.241442685,1
3753,1,0.46471145,1
3754,1,0.076448673,1
3755,1,0.022500533,1
3756,1,0.043840823,1
3757,1,0.07227354,1
3758,1,0.159778002,1
3759,1,0.06872781,1
3760,1,0.048851477,1
3761,1,0.24489402,1
3762,1,0.15447747,1
3763,1,0.133706268,1
3764,1,0.157604908,1
3765,1,0.125332701,1
3766,1,0.192848947,1
3767,1,0.16570836,1
3768,1,0.199794179,1
3769,1,0.240427607,1
3770,1,0.165139316,1
3771,1,0.208026853,1
3772,1,0.16669211,1
3773,1,0.127531779,1
3775,1,0.120144841,1
3776,1,0.160611171,1
3777,1,0.229217913,1
3778,1,0.219794277,1
3779,1,0.13400991,1
3780,1,0.103537709,1
3781,1,0.034967969,1
3782,1,0.047031025,1
3783,1,0.193117353,1
3784,1,0.201122137,1
3785,1,0.16580964,1
3786,1,0.308191029,1
3787,1,0.140948656,1
3788,1,0.236898027,1
3789,1,0.112393018,1
3790,1,0.205176248,1
3791,1,0.086958133,1
3792,1,0.190735716,1
3793,1,0.240820585,1
3794,1,0.296832531,1
3795,1,0.062409693,1
3796,1,0.131789014,1
3797,1,0.137357177,1
3798,1,0.157508964,1
3799,1,0.16104029,1
3800,1,0.061634326,1
3801,1,0.143876629,1
3802,1,0.164978268,1
3803,1,0.069922891,1
3804,1,0.174847321,1
3805,1,0.161834023,1
3806,1,0.103231192,1
3807,1,0.144926442,1
3808,1,0.134125221,1
3809,1,0.113204683,1
3810,1,0.085367348,1
3811,1,0.184725776,1
3812,1,0.061972752,1
3813,1,0.10631494,1
3814,1,0.163219061,1
3815,1,0.051653833,1
3816,1,0.109405475,1
3817,1,0.116240804,1
3818,1,0.119615347,1
3819,1,0.016055468,1
3820,1,0.13986399,1
3821,1,0.037948088,1
3822,1,0.000165,1
3823,1,0.014071706,1
3824,1,0.028689282,1
3825,1,0.024753492,1
3826,1,0.090917558,1
3827,1,0.11690598,1
3828,1,0.224778913,1
3829,1,0.174570871,1
3830,1,0.10204795,1
3831,1,0.044679856,1
3832,1,0.109017428,1
3833,1,0.015661064,1
3834,1,0.050134278,1
3835,1,2.36e-05,1
3836,1,0.000105,1
3837,1,0.000191,1
3838,1,0.004772743,1
3839,1,0.00281797,1
3840,1,0.001266526,1
3841,1,0.001298716,1
3842,1,0.00102934,1
3843,1,0.00395808,1
3844,1,0.001513207,1
3845,1,0.000565,1
3846,1,0.000432,1
3847,1,0.007231695,1
3848,1,0.039364903,1
3849,1,0.031454723,1
3850,1,0.093473658,1
3851,1,0.126299755,1
3852,1,0.126539572,1
3853,1,0.034957377,1
3854,1,0.001130337,1
3855,1,0.002259052,1
3856,1,0.000772,1
3857,1,0.001715446,1
3858,1,0.001404743,1
3859,1,5.86e-05,1
3860,1,0.000127,1
3861,1,0.000119,1
3862,1,0.003084294,1
3863,1,5.79e-05,1
3864,1,0.000228,1
3865,1,0.000504,1
3866,1,0.00063,1
3867,1,0.003583438,1
3868,1,0.000825,1
3869,1,0.001237631,1
3870,1,0.002099313,1
3871,1,0.001440543,1
3872,1,0.000379,1
3873,1,0.002615795,1
3874,1,0.001095205,1
3875,1,0.000627,1
3876,1,0.000422,1
3877,1,2.64e-05,1
3878,1,0.001423189,1
3879,1,0.000762,1
3880,1,0.002203,1
3947,1,0.530762941,1
3507,2,0.004417472,1
3508,2,0.001306444,1
3509,2,0.000648,1
3510,2,0.00039,1
3511,2,0.000421,1
3512,2,0.000638,1
3513,2,0.006852424,1
3514,2,0.012406564,1
3515,2,0.004131237,1
3516,2,0.037415749,1
3517,2,0.111390876,1
3518,2,0.099914997,1
3519,2,0.01163979,1
3520,2,0.012216974,1
3521,2,0.131214007,1
3522,2,0.154258666,1
3523,2,0.056296985,1
3524,2,0.222080529,1
3525,2,0.111883473,1
3526,2,0.152166392,1
3527,2,0.245336334,1
3528,2,0.188029794,1
3529,2,0.204512959,1
3530,2,0.155538224,1
3531,2,0.15531321,1
3532,2,0.140022321,1
3533,2,0.135429736,1
3534,2,0.195542045,1
3535,2,0.161455634,1
3536,2,0.254359306,1
3537,2,0.406098566,1
3538,2,0.530762941,1
3539,2,0.461288224,1
3540,2,0.128107883,1
3541,2,0.562936672,1
3542,2,0.321541771,1
3543,2,0.495311553,1
3544,2,0.412631387,1
3545,2,0.094390167,1
3546,2,0.034516496,1
3547,2,0.010887956,1
3548,2,0.028607428,1
3549,2,0.007699343,1
3550,2,0.058414744,1
3551,2,0.096871489,1
3552,2,0.198195238,1
3553,2,0.081544822,1
3554,2,0.017948045,1
3555,2,0.00979339,1
3556,2,0,1
3557,2,0.003106424,1
3558,2,0.013773377,1
3559,2,0.028999421,1
3560,2,0.033242633,1
3561,2,0.112619619,1
3562,2,0.036916445,1
3563,2,0,1
3564,2,0.035278065,1
3565,2,0.102926562,1
3566,2,0.292893796,1
3567,2,0.1272754,1
3568,2,0.319250239,1
3569,2,0.178180435,1
3570,2,0.140920774,1
3571,2,0.071509308,1
3572,2,0.107908388,1
3573,2,0.140818656,1
3574,2,0.055215047,1
3575,2,0.055277623,1
3576,2,0.012394923,1
3577,2,0.025598688,1
3578,2,0.028738081,1
3579,2,0.025887352,1
3580,2,0.107581915,1
3581,2,0.074733457,1
3582,2,0.035777103,1
3583,2,0.018477152,1
3584,2,0.078408923,1
3585,2,0.147183831,1
3586,2,0.018431684,1
3587,2,0.005434463,1
3588,2,0.060133667,1
3589,2,0.1465417,1
3590,2,0.124218033,1
3592,2,0.156491156,1
3593,2,0.010275591,1
3594,2,0.095704401,1
3595,2,0.076202261,1
3596,2,0.013036808,1
3597,2,0.027449044,1
3598,2,0.027033021,1
3599,2,0.01481224,1
3600,2,0.026288293,1
3601,2,0.052330328,1
3602,2,0.023402863,1
3603,2,0.008188889,1
3604,2,0.052292284,1
3605,2,0.024352365,1
3606,2,0.099357038,1
3607,2,0.088570191,1
3608,2,0.132438751,1
3609,2,0.067165541,1
3610,2,0.055994461,1
3611,2,0.031297959,1
3612,2,0.041714758,1
3613,2,0.024116576,1
3614,2,0.055830277,1
3615,2,0.139751136,1
3616,2,0.094566829,1
3617,2,0.073511985,1
3618,2,0.103828419,1
3619,2,0.053336262,1
3620,2,0.071954747,1
3621,2,0.100073107,1
3622,2,0.050550716,1
3623,2,0.054362106,1
3624,2,0.077429246,1
3625,2,0.038067036,1
3626,2,0.155930003,1
3627,2,0.156314209,1
3628,2,0.098665551,1
3629,2,0.012701576,1
3630,2,0.107405624,1
3631,2,0.107504346,1
3632,2,0.086796655,1
3633,2,0.007678699,1
3634,2,0.093774773,1
3635,2,0.06085396,1
3636,2,0.014975086,1
3637,2,0.075028289,1
3638,2,0.011491809,1
3639,2,0.0817712,1
3640,2,0.014726728,1
3641,2,0.121685626,1
3642,2,0.3538903,1
3643,2,0.023306623,1
3644,2,0.094886147,1
3645,2,0.066910225,1
3646,2,0.020946057,1
3647,2,0.013497968,1
3648,2,0.082950155,1
3649,2,0.081179045,1
3650,2,0.23563793,1
3651,2,0.046153892,1
3652,2,0.209788533,1
3653,2,0.018095841,1
3654,2,0.195893162,1
3655,2,0.119727319,1
3656,2,0.142338869,1
3657,2,0.170420429,1
3658,2,0.276945143,1
3659,2,0.127091869,1
3660,2,0.1050455,1
3661,2,0.05794608,1
3662,2,1,1
3663,2,0.435758434,1
3664,2,0.14829755,1
3665,2,0.134876478,1
3666,2,0.126518639,1
3667,2,0.164943235,1
3668,2,0.050458557,1
3669,2,0.093774373,1
3670,2,0.141941816,1
3671,2,0.09897293,1
3672,2,0.010493209,1
3673,2,0,1
3674,2,0.10292867,1
3675,2,0.112454898,1
3676,2,0.060428981,1
3677,2,0.05545575,1
3678,2,0.067673609,1
3679,2,0.15444062,1
3680,2,0.163073108,1
3681,2,0.127991223,1
3682,2,0.060704438,1
3683,2,0.012792909,1
3684,2,0,1
3685,2,0.036033955,1
3686,2,0.028403268,1
3687,2,0.166596346,1
3688,2,0.202397165,1
3689,2,0.114172934,1
3690,2,0.098417094,1
3691,2,0.157248855,1
3692,2,0.091619762,1
3693,2,0.155215347,1
3694,2,0.129946765,1
3695,2,0.07815845,1
3696,2,0.088785642,1
3697,2,0.467101863,1
3698,2,0.448965265,1
3699,2,0.227228103,1
3700,2,0.12920608,1
3701,2,0.367244904,1
3702,2,0.38827416,1
3703,2,0.196817573,1
3704,2,0.16685621,1
3705,2,0.4930316,1
3706,2,0.285414888,1
3707,2,0.455148541,1
3708,2,0.363265954,1
3709,2,0.120086083,1
3710,2,0.229234431,1
3711,2,0.154693336,1
3712,2,0.233003673,1
3713,2,0.029569128,1
3714,2,0.230679618,1
3715,2,0.274865055,1
3716,2,0.125861889,1
3717,2,0.067830749,1
3718,2,0.156433044,1
3719,2,0.154160553,1
3720,2,0.002544247,1
3721,2,0.147508822,1
3722,2,0.127637076,1
3723,2,0.067967507,1
3724,2,0.27793483,1
3725,2,0.193163218,1
3727,2,0.102160253,1
3728,2,0.167597193,1
3729,2,0.128470655,1
3730,2,0.174437952,1
3731,2,0.281853008,1
3733,2,0.134628128,1
3734,2,0.10087774,1
3735,2,0.227732866,1
3736,2,0.127452127,1
3737,2,0.333894642,1
3738,2,0.25270973,1
3739,2,0.27589583,1
3740,2,0.621333729,1
3741,2,0.464215526,1
3742,2,0.29079125,1
3743,2,0.373897845,1
3744,2,0.336929494,1
3745,2,0.275761418,1
3746,2,0.309459383,1
3747,2,0.248482204,1
3748,2,0.178742925,1
3749,2,0.275911357,1
3750,2,0.089090189,1
3751,2,0.247303556,1
3752,2,0.241442685,1
3753,2,0.46471145,1
3754,2,0.076448673,1
3755,2,0.022500533,1
3756,2,0.043840823,1
3757,2,0.07227354,1
3758,2,0.159778002,1
3759,2,0.06872781,1
3760,2,0.048851477,1
3761,2,0.24489402,1
3762,2,0.15447747,1
3763,2,0.133706268,1
3764,2,0.157604908,1
3765,2,0.125332701,1
3766,2,0.192848947,1
3767,2,0.16570836,1
3768,2,0.199794179,1
3769,2,0.240427607,1
3770,2,0.165139316,1
3771,2,0.208026853,1
3772,2,0.16669211,1
3773,2,0.127531779,1
3775,2,0.120144841,1
3776,2,0.160611171,1
3777,2,0.229217913,1
3778,2,0.219794277,1
3779,2,0.13400991,1
3780,2,0.103537709,1
3781,2,0.034967969,1
3782,2,0.047031025,1
3783,2,0.193117353,1
3784,2,0.201122137,1
3785,2,0.16580964,1
3786,2,0.308191029,1
3787,2,0.140948656,1
3788,2,0.236898027,1
3789,2,0.112393018,1
3790,2,0.205176248,1
3791,2,0.086958133,1
3792,2,0.190735716,1
3793,2,0.240820585,1
3794,2,0.296832531,1
3795,2,0.062409693,1
3796,2,0.131789014,1
3797,2,0.137357177,1
3798,2,0.157508964,1
3799,2,0.16104029,1
3800,2,0.061634326,1
3801,2,0.143876629,1
3802,2,0.164978268,1
3803,2,0.069922891,1
3804,2,0.174847321,1
3805,2,0.161834023,1
3806,2,0.103231192,1
3807,2,0.144926442,1
3808,2,0.134125221,1
3809,2,0.113204683,1
3810,2,0.085367348,1
3811,2,0.184725776,1
3812,2,0.061972752,1
3813,2,0.10631494,1
3814,2,0.163219061,1
3815,2,0.051653833,1
3816,2,0.109405475,1
3817,2,0.116240804,1
3818,2,0.119615347,1
3819,2,0.016055468,1
3820,2,0.13986399,1
3821,2,0.037948088,1
3822,2,0.000165,1
3823,2,0.014071706,1
3824,2,0.028689282,1
3825,2,0.024753492,1
3826,2,0.090917558,1
3827,2,0.11690598,1
3828,2,0.224778913,1
3829,2,0.174570871,1
3830,2,0.10204795,1
3831,2,0.044679856,1
3832,2,0.109017428,1
3833,2,0.015661064,1
3834,2,0.050134278,1
3835,2,2.36e-05,1
3836,2,0.000105,1
3837,2,0.000191,1
3838,2,0.004772743,1
3839,2,0.00281797,1
3840,2,0.001266526,1
3841,2,0.001298716,1
3842,2,0.00102934,1
3843,2,0.00395808,1
3844,2,0.001513207,1
3845,2,0.000565,1
3846,2,0.000432,1
3847,2,0.007231695,1
3848,2,0.039364903,1
3849,2,0.031454723,1
3850,2,0.093473658,1
3851,2,0.126299755,1
3852,2,0.126539572,1
3853,2,0.034957377,1
3854,2,0.001130337,1
3855,2,0.002259052,1
3856,2,0.000772,1
3857,2,0.001715446,1
3858,2,0.001404743,1
3859,2,5.86e-05,1
3860,2,0.000127,1
3861,2,0.000119,1
3862,2,0.003084294,1
3863,2,5.79e-05,1
3864,2,0.000228,1
3865,2,0.000504,1
3866,2,0.00063,1
3867,2,0.003583438,1
3868,2,0.000825,1
3869,2,0.001237631,1
3870,2,0.002099313,1
3871,2,0.001440543,1
3872,2,0.000379,1
3873,2,0.002615795,1
3874,2,0.001095205,1
3875,2,0.000627,1
3876,2,0.000422,1
3877,2,2.64e-05,1
3878,2,0.001423189,1
3879,2,0.000762,1
3880,2,0.002203,1
3947,2,0.530762941,1
3507,3,0.004417472,1
3508,3,0.001306444,1
3509,3,0.000648,1
3510,3,0.00039,1
3511,3,0.000421,1
3512,3,0.000638,1
3513,3,0.006852424,1
3514,3,0.012406564,1
3515,3,0.004131237,1
3516,3,0.037415749,1
3517,3,0.111390876,1
3518,3,0.099914997,1
3519,3,0.01163979,1
3520,3,0.012216974,1
3521,3,0.131214007,1
3522,3,0.154258666,1
3523,3,0.056296985,1
3524,3,0.222080529,1
3525,3,0.111883473,1
3526,3,0.152166392,1
3527,3,0.245336334,1
3528,3,0.188029794,1
3529,3,0.204512959,1
3530,3,0.155538224,1
3531,3,0.15531321,1
3532,3,0.140022321,1
3533,3,0.135429736,1
3534,3,0.195542045,1
3535,3,0.161455634,1
3536,3,0.254359306,1
3537,3,0.406098566,1
3538,3,0.530762941,1
3539,3,0.461288224,1
3540,3,0.128107883,1
3541,3,0.562936672,1
3542,3,0.321541771,1
3543,3,0.495311553,1
3544,3,0.412631387,1
3545,3,0.094390167,1
3546,3,0.034516496,1
3547,3,0.010887956,1
3548,3,0.028607428,1
3549,3,0.007699343,1
3550,3,0.058414744,1
3551,3,0.096871489,1
3552,3,0.198195238,1
3553,3,0.081544822,1
3554,3,0.017948045,1
3555,3,0.00979339,1
3556,3,0,1
3557,3,0.003106424,1
3558,3,0.013773377,1
3559,3,0.028999421,1
3560,3,0.033242633,1
3561,3,0.112619619,1
3562,3,0.036916445,1
3563,3,0,1
3564,3,0.035278065,1
3565,3,0.102926562,1
3566,3,0.292893796,1
3567,3,0.1272754,1
3568,3,0.319250239,1
3569,3,0.178180435,1
3570,3,0.140920774,1
3571,3,0.071509308,1
3572,3,0.107908388,1
3573,3,0.140818656,1
3574,3,0.055215047,1
3575,3,0.055277623,1
3576,3,0.012394923,1
3577,3,0.025598688,1
3578,3,0.028738081,1
3579,3,0.025887352,1
3580,3,0.107581915,1
3581,3,0.074733457,1
3582,3,0.035777103,1
3583,3,0.018477152,1
3584,3,0.078408923,1
3585,3,0.147183831,1
3586,3,0.018431684,1
3587,3,0.005434463,1
3588,3,0.060133667,1
3589,3,0.1465417,1
3590,3,0.124218033,1
3592,3,0.156491156,1
3593,3,0.010275591,1
3594,3,0.095704401,1
3595,3,0.076202261,1
3596,3,0.013036808,1
3597,3,0.027449044,1
3598,3,0.027033021,1
3599,3,0.01481224,1
3600,3,0.026288293,1
3601,3,0.052330328,1
3602,3,0.023402863,1
3603,3,0.008188889,1
3604,3,0.052292284,1
3605,3,0.024352365,1
3606,3,0.099357038,1
3607,3,0.088570191,1
3608,3,0.132438751,1
3609,3,0.067165541,1
3610,3,0.055994461,1
3611,3,0.031297959,1
3612,3,0.041714758,1
3613,3,0.024116576,1
3614,3,0.055830277,1
3615,3,0.139751136,1
3616,3,0.094566829,1
3617,3,0.073511985,1
3618,3,0.103828419,1
3619,3,0.053336262,1
3620,3,0.071954747,1
3621,3,0.100073107,1
3622,3,0.050550716,1
3623,3,0.054362106,1
3624,3,0.077429246,1
3625,3,0.038067036,1
3626,3,0.155930003,1
3627,3,0.156314209,1
3628,3,0.098665551,1
3629,3,0.012701576,1
3630,3,0.107405624,1
3631,3,0.107504346,1
3632,3,0.086796655,1
3633,3,0.007678699,1
3634,3,0.093774773,1
3635,3,0.06085396,1
3636,3,0.014975086,1
3637,3,0.075028289,1
3638,3,0.011491809,1
3639,3,0.0817712,1
3640,3,0.014726728,1
3641,3,0.121685626,1
3642,3,0.3538903,1
3643,3,0.023306623,1
3644,3,0.094886147,1
3645,3,0.066910225,1
3646,3,0.020946057,1
3647,3,0.013497968,1
3648,3,0.082950155,1
3649,3,0.081179045,1
3650,3,0.23563793,1
3651,3,0.046153892,1
3652,3,0.209788533,1
3653,3,0.018095841,1
3654,3,0.195893162,1
3655,3,0.119727319,1
3656,3,0.142338869,1
3657,3,0.170420429,1
3658,3,0.276945143,1
3659,3,0.127091869,1
3660,3,0.1050455,1
3661,3,0.05794608,1
3662,3,1,1
3663,3,0.435758434,1
3664,3,0.14829755,1
3665,3,0.134876478,1
3666,3,0.126518639,1
3667,3,0.164943235,1
3668,3,0.050458557,1
3669,3,0.093774373,1
3670,3,0.141941816,1
3671,3,0.09897293,1
3672,3,0.010493209,1
3673,3,0,1
3674,3,0.10292867,1
3675,3,0.112454898,1
3676,3,0.060428981,1
3677,3,0.05545575,1
3678,3,0.067673609,1
3679,3,0.15444062,1
3680,3,0.163073108,1
3681,3,0.127991223,1
3682,3,0.060704438,1
3683,3,0.012792909,1
3684,3,0,1
3685,3,0.036033955,1
3686,3,0.028403268,1
3687,3,0.166596346,1
3688,3,0.202397165,1
3689,3,0.114172934,1
3690,3,0.098417094,1
3691,3,0.157248855,1
3692,3,0.091619762,1
3693,3,0.155215347,1
3694,3,0.129946765,1
3695,3,0.07815845,1
3696,3,0.088785642,1
3697,3,0.467101863,1
3698,3,0.448965265,1
3699,3,0.227228103,1
3700,3,0.12920608,1
3701,3,0.367244904,1
3702,3,0.38827416,1
3703,3,0.196817573,1
3704,3,0.16685621,1
3705,3,0.4930316,1
3706,3,0.285414888,1
3707,3,0.455148541,1
3708,3,0.363265954,1
3709,3,0.120086083,1
3710,3,0.229234431,1
3711,3,0.154693336,1
3712,3,0.233003673,1
3713,3,0.029569128,1
3714,3,0.230679618,1
3715,3,0.274865055,1
3716,3,0.125861889,1
3717,3,0.067830749,1
3718,3,0.156433044,1
3719,3,0.154160553,1
3720,3,0.002544247,1
3721,3,0.147508822,1
3722,3,0.127637076,1
3723,3,0.067967507,1
3724,3,0.27793483,1
3725,3,0.193163218,1
3727,3,0.102160253,1
3728,3,0.167597193,1
3729,3,0.128470655,1
3730,3,0.174437952,1
3731,3,0.281853008,1
3733,3,0.134628128,1
3734,3,0.10087774,1
3735,3,0.227732866,1
3736,3,0.127452127,1
3737,3,0.333894642,1
3738,3,0.25270973,1
3739,3,0.27589583,1
3740,3,0.621333729,1
3741,3,0.464215526,1
3742,3,0.29079125,1
3743,3,0.373897845,1
3744,3,0.336929494,1
3745,3,0.275761418,1
3746,3,0.309459383,1
3747,3,0.248482204,1
3748,3,0.178742925,1
3749,3,0.275911357,1
3750,3,0.089090189,1
3751,3,0.247303556,1
3752,3,0.241442685,1
3753,3,0.46471145,1
3754,3,0.076448673,1
3755,3,0.022500533,1
3756,3,0.043840823,1
3757,3,0.07227354,1
3758,3,0.159778002,1
3759,3,0.06872781,1
3760,3,0.048851477,1
3761,3,0.24489402,1
3762,3,0.15447747,1
3763,3,0.133706268,1
3764,3,0.157604908,1
3765,3,0.125332701,1
3766,3,0.192848947,1
3767,3,0.16570836,1
3768,3,0.199794179,1
3769,3,0.240427607,1
3770,3,0.165139316,1
3771,3,0.208026853,1
3772,3,0.16669211,1
3773,3,0.127531779,1
3775,3,0.120144841,1
3776,3,0.160611171,1
3777,3,0.229217913,1
3778,3,0.219794277,1
3779,3,0.13400991,1
3780,3,0.103537709,1
3781,3,0.034967969,1
3782,3,0.047031025,1
3783,3,0.193117353,1
3784,3,0.201122137,1
3785,3,0.16580964,1
3786,3,0.308191029,1
3787,3,0.140948656,1
3788,3,0.236898027,1
3789,3,0.112393018,1
3790,3,0.205176248,1
3791,3,0.086958133,1
3792,3,0.190735716,1
3793,3,0.240820585,1
3794,3,0.296832531,1
3795,3,0.062409693,1
3796,3,0.131789014,1
3797,3,0.137357177,1
3798,3,0.157508964,1
3799,3,0.16104029,1
3800,3,0.061634326,1
3801,3,0.143876629,1
3802,3,0.164978268,1
3803,3,0.069922891,1
3804,3,0.174847321,1
3805,3,0.161834023,1
3806,3,0.103231192,1
3807,3,0.144926442,1
3808,3,0.134125221,1
3809,3,0.113204683,1
3810,3,0.085367348,1
3811,3,0.184725776,1
3812,3,0.061972752,1
3813,3,0.10631494,1
3814,3,0.163219061,1
3815,3,0.051653833,1
3816,3,0.109405475,1
3817,3,0.116240804,1
3818,3,0.119615347,1
3819,3,0.016055468,1
3820,3,0.13986399,1
3821,3,0.037948088,1
3822,3,0.000165,1
3823,3,0.014071706,1
3824,3,0.028689282,1
3825,3,0.024753492,1
3826,3,0.090917558,1
3827,3,0.11690598,1
3828,3,0.224778913,1
3829,3,0.174570871,1
3830,3,0.10204795,1
3831,3,0.044679856,1
3832,3,0.109017428,1
3833,3,0.015661064,1
3834,3,0.050134278,1
3835,3,2.36e-05,1
3836,3,0.000105,1
3837,3,0.000191,1
3838,3,0.004772743,1
3839,3,0.00281797,1
3840,3,0.001266526,1
3841,3,0.001298716,1
3842,3,0.00102934,1
3843,3,0.00395808,1
3844,3,0.001513207,1
3845,3,0.000565,1
3846,3,0.000432,1
3847,3,0.007231695,1
3848,3,0.039364903,1
3849,3,0.031454723,1
3850,3,0.093473658,1
3851,3,0.126299755,1
3852,3,0.126539572,1
3853,3,0.034957377,1
3854,3,0.001130337,1
3855,3,0.002259052,1
3856,3,0.000772,1
3857,3,0.001715446,1
3858,3,0.001404743,1
3859,3,5.86e-05,1
3860,3,0.000127,1
3861,3,0.000119,1
3862,3,0.003084294,1
3863,3,5.79e-05,1
3864,3,0.000228,1
3865,3,0.000504,1
3866,3,0.00063,1
3867,3,0.003583438,1
3868,3,0.000825,1
3869,3,0.001237631,1
3870,3,0.002099313,1
3871,3,0.001440543,1
3872,3,0.000379,1
3873,3,0.002615795,1
3874,3,0.001095205,1
3875,3,0.000627,1
3876,3,0.000422,1
3877,3,2.64e-05,1
3878,3,0.001423189,1
3879,3,0.000762,1
3880,3,0.002203,1
3947,3,0.530762941,1
3507,4,0.004417472,1
3508,4,0.001306444,1
3509,4,0.000648,1
3510,4,0.00039,1
3511,4,0.000421,1
3512,4,0.000638,1
3513,4,0.006852424,1
3514,4,0.012406564,1
3515,4,0.004131237,1
3516,4,0.037415749,1
3517,4,0.111390876,1
3518,4,0.099914997,1
3519,4,0.01163979,1
3520,4,0.012216974,1
3521,4,0.131214007,1
3522,4,0.154258666,1
3523,4,0.056296985,1
3524,4,0.222080529,1
3525,4,0.111883473,1
3526,4,0.152166392,1
3527,4,0.245336334,1
3528,4,0.188029794,1
3529,4,0.204512959,1
3530,4,0.155538224,1
3531,4,0.15531321,1
3532,4,0.140022321,1
3533,4,0.135429736,1
3534,4,0.195542045,1
3535,4,0.161455634,1
3536,4,0.254359306,1
3537,4,0.406098566,1
3538,4,0.530762941,1
3539,4,0.461288224,1
3540,4,0.128107883,1
3541,4,0.562936672,1
3542,4,0.321541771,1
3543,4,0.495311553,1
3544,4,0.412631387,1
3545,4,0.094390167,1
3546,4,0.034516496,1
3547,4,0.010887956,1
3548,4,0.028607428,1
3549,4,0.007699343,1
3550,4,0.058414744,1
3551,4,0.096871489,1
3552,4,0.198195238,1
3553,4,0.081544822,1
3554,4,0.017948045,1
3555,4,0.00979339,1
3556,4,0,1
3557,4,0.003106424,1
3558,4,0.013773377,1
3559,4,0.028999421,1
3560,4,0.033242633,1
3561,4,0.112619619,1
3562,4,0.036916445,1
3563,4,0,1
3564,4,0.035278065,1
3565,4,0.102926562,1
3566,4,0.292893796,1
3567,4,0.1272754,1
3568,4,0.319250239,1
3569,4,0.178180435,1
3570,4,0.140920774,1
3571,4,0.071509308,1
3572,4,0.107908388,1
3573,4,0.140818656,1
3574,4,0.055215047,1
3575,4,0.055277623,1
3576,4,0.012394923,1
3577,4,0.025598688,1
3578,4,0.028738081,1
3579,4,0.025887352,1
3580,4,0.107581915,1
3581,4,0.074733457,1
3582,4,0.035777103,1
3583,4,0.018477152,1
3584,4,0.078408923,1
3585,4,0.147183831,1
3586,4,0.018431684,1
3587,4,0.005434463,1
3588,4,0.060133667,1
3589,4,0.1465417,1
3590,4,0.124218033,1
3592,4,0.156491156,1
3593,4,0.010275591,1
3594,4,0.095704401,1
3595,4,0.076202261,1
3596,4,0.013036808,1
3597,4,0.027449044,1
3598,4,0.027033021,1
3599,4,0.01481224,1
3600,4,0.026288293,1
3601,4,0.052330328,1
3602,4,0.023402863,1
3603,4,0.008188889,1
3604,4,0.052292284,1
3605,4,0.024352365,1
3606,4,0.099357038,1
3607,4,0.088570191,1
3608,4,0.132438751,1
3609,4,0.067165541,1
3610,4,0.055994461,1
3611,4,0.031297959,1
3612,4,0.041714758,1
3613,4,0.024116576,1
3614,4,0.055830277,1
3615,4,0.139751136,1
3616,4,0.094566829,1
3617,4,0.073511985,1
3618,4,0.103828419,1
3619,4,0.053336262,1
3620,4,0.071954747,1
3621,4,0.100073107,1
3622,4,0.050550716,1
3623,4,0.054362106,1
3624,4,0.077429246,1
3625,4,0.038067036,1
3626,4,0.155930003,1
3627,4,0.156314209,1
3628,4,0.098665551,1
3629,4,0.012701576,1
3630,4,0.107405624,1
3631,4,0.107504346,1
3632,4,0.086796655,1
3633,4,0.007678699,1
3634,4,0.093774773,1
3635,4,0.06085396,1
3636,4,0.014975086,1
3637,4,0.075028289,1
3638,4,0.011491809,1
3639,4,0.0817712,1
3640,4,0.014726728,1
3641,4,0.121685626,1
3642,4,0.3538903,1
3643,4,0.023306623,1
3644,4,0.094886147,1
3645,4,0.066910225,1
3646,4,0.020946057,1
3647,4,0.013497968,1
3648,4,0.082950155,1
3649,4,0.081179045,1
3650,4,0.23563793,1
3651,4,0.046153892,1
3652,4,0.209788533,1
3653,4,0.018095841,1
3654,4,0.195893162,1
3655,4,0.119727319,1
3656,4,0.142338869,1
3657,4,0.170420429,1
3658,4,0.276945143,1
3659,4,0.127091869,1
3660,4,0.1050455,1
3661,4,0.05794608,1
3662,4,1,1
3663,4,0.435758434,1
3664,4,0.14829755,1
3665,4,0.134876478,1
3666,4,0.126518639,1
3667,4,0.164943235,1
3668,4,0.050458557,1
3669,4,0.093774373,1
3670,4,0.141941816,1
3671,4,0.09897293,1
3672,4,0.010493209,1
3673,4,0,1
3674,4,0.10292867,1
3675,4,0.112454898,1
3676,4,0.060428981,1
3677,4,0.05545575,1
3678,4,0.067673609,1
3679,4,0.15444062,1
3680,4,0.163073108,1
3681,4,0.127991223,1
3682,4,0.060704438,1
3683,4,0.012792909,1
3684,4,0,1
3685,4,0.036033955,1
3686,4,0.028403268,1
3687,4,0.166596346,1
3688,4,0.202397165,1
3689,4,0.114172934,1
3690,4,0.098417094,1
3691,4,0.157248855,1
3692,4,0.091619762,1
3693,4,0.155215347,1
3694,4,0.129946765,1
3695,4,0.07815845,1
3696,4,0.088785642,1
3697,4,0.467101863,1
3698,4,0.448965265,1
3699,4,0.227228103,1
3700,4,0.12920608,1
3701,4,0.367244904,1
3702,4,0.38827416,1
3703,4,0.196817573,1
3704,4,0.16685621,1
3705,4,0.4930316,1
3706,4,0.285414888,1
3707,4,0.455148541,1
3708,4,0.363265954,1
3709,4,0.120086083,1
3710,4,0.229234431,1
3711,4,0.154693336,1
3712,4,0.233003673,1
3713,4,0.029569128,1
3714,4,0.230679618,1
3715,4,0.274865055,1
3716,4,0.125861889,1
3717,4,0.067830749,1
3718,4,0.156433044,1
3719,4,0.154160553,1
3720,4,0.002544247,1
3721,4,0.147508822,1
3722,4,0.127637076,1
3723,4,0.067967507,1
3724,4,0.27793483,1
3725,4,0.193163218,1
3727,4,0.102160253,1
3728,4,0.167597193,1
3729,4,0.128470655,1
3730,4,0.174437952,1
3731,4,0.281853008,1
3733,4,0.134628128,1
3734,4,0.10087774,1
3735,4,0.227732866,1
3736,4,0.127452127,1
3737,4,0.333894642,1
3738,4,0.25270973,1
3739,4,0.27589583,1
3740,4,0.621333729,1
3741,4,0.464215526,1
3742,4,0.29079125,1
3743,4,0.373897845,1
3744,4,0.336929494,1
3745,4,0.275761418,1
3746,4,0.309459383,1
3747,4,0.248482204,1
3748,4,0.178742925,1
3749,4,0.275911357,1
3750,4,0.089090189,1
3751,4,0.247303556,1
3752,4,0.241442685,1
3753,4,0.46471145,1
3754,4,0.076448673,1
3755,4,0.022500533,1
3756,4,0.043840823,1
3757,4,0.07227354,1
3758,4,0.159778002,1
3759,4,0.06872781,1
3760,4,0.048851477,1
3761,4,0.24489402,1
3762,4,0.15447747,1
3763,4,0.133706268,1
3764,4,0.157604908,1
3765,4,0.125332701,1
3766,4,0.192848947,1
3767,4,0.16570836,1
3768,4,0.199794179,1
3769,4,0.240427607,1
3770,4,0.165139316,1
3771,4,0.208026853,1
3772,4,0.16669211,1
3773,4,0.127531779,1
3775,4,0.120144841,1
3776,4,0.160611171,1
3777,4,0.229217913,1
3778,4,0.219794277,1
3779,4,0.13400991,1
3780,4,0.103537709,1
3781,4,0.034967969,1
3782,4,0.047031025,1
3783,4,0.193117353,1
3784,4,0.201122137,1
3785,4,0.16580964,1
3786,4,0.308191029,1
3787,4,0.140948656,1
3788,4,0.236898027,1
3789,4,0.112393018,1
3790,4,0.205176248,1
3791,4,0.086958133,1
3792,4,0.190735716,1
3793,4,0.240820585,1
3794,4,0.296832531,1
3795,4,0.062409693,1
3796,4,0.131789014,1
3797,4,0.137357177,1
3798,4,0.157508964,1
3799,4,0.16104029,1
3800,4,0.061634326,1
3801,4,0.143876629,1
3802,4,0.164978268,1
3803,4,0.069922891,1
3804,4,0.174847321,1
3805,4,0.161834023,1
3806,4,0.103231192,1
3807,4,0.144926442,1
3808,4,0.134125221,1
3809,4,0.113204683,1
3810,4,0.085367348,1
3811,4,0.184725776,1
3812,4,0.061972752,1
3813,4,0.10631494,1
3814,4,0.163219061,1
3815,4,0.051653833,1
3816,4,0.109405475,1
3817,4,0.116240804,1
3818,4,0.119615347,1
3819,4,0.016055468,1
3820,4,0.13986399,1
3821,4,0.037948088,1
3822,4,0.000165,1
3823,4,0.014071706,1
3824,4,0.028689282,1
3825,4,0.024753492,1
3826,4,0.090917558,1
3827,4,0.11690598,1
3828,4,0.224778913,1
3829,4,0.174570871,1
3830,4,0.10204795,1
3831,4,0.044679856,1
3832,4,0.109017428,1
3833,4,0.015661064,1
3834,4,0.050134278,1
3835,4,2.36e-05,1
3836,4,0.000105,1
3837,4,0.000191,1
3838,4,0.004772743,1
3839,4,0.00281797,1
3840,4,0.001266526,1
3841,4,0.001298716,1
3842,4,0.00102934,1
3843,4,0.00395808,1
3844,4,0.001513207,1
3845,4,0.000565,1
3846,4,0.000432,1
3847,4,0.007231695,1
3848,4,0.039364903,1
3849,4,0.031454723,1
3850,4,0.093473658,1
3851,4,0.126299755,1
3852,4,0.126539572,1
3853,4,0.034957377,1
3854,4,0.001130337,1
3855,4,0.002259052,1
3856,4,0.000772,1
3857,4,0.001715446,1
3858,4,0.001404743,1
3859,4,5.86e-05,1
3860,4,0.000127,1
3861,4,0.000119,1
3862,4,0.003084294,1
3863,4,5.79e-05,1
3864,4,0.000228,1
3865,4,0.000504,1
3866,4,0.00063,1
3867,4,0.003583438,1
3868,4,0.000825,1
3869,4,0.001237631,1
3870,4,0.002099313,1
3871,4,0.001440543,1
3872,4,0.000379,1
3873,4,0.002615795,1
3874,4,0.001095205,1
3875,4,0.000627,1
3876,4,0.000422,1
3877,4,2.64e-05,1
3878,4,0.001423189,1
3879,4,0.000762,1
3880,4,0.002203,1
3947,4,0.530762941,1
3507,5,0.004417472,1
3508,5,0.001306444,1
3509,5,0.000648,1
3510,5,0.00039,1
3511,5,0.000421,1
3512,5,0.000638,1
3513,5,0.006852424,1
3514,5,0.012406564,1
3515,5,0.004131237,1
3516,5,0.037415749,1
3517,5,0.111390876,1
3518,5,0.099914997,1
3519,5,0.01163979,1
3520,5,0.012216974,1
3521,5,0.131214007,1
3522,5,0.154258666,1
3523,5,0.056296985,1
3524,5,0.222080529,1
3525,5,0.111883473,1
3526,5,0.152166392,1
3527,5,0.245336334,1
3528,5,0.188029794,1
3529,5,0.204512959,1
3530,5,0.155538224,1
3531,5,0.15531321,1
3532,5,0.140022321,1
3533,5,0.135429736,1
3534,5,0.195542045,1
3535,5,0.161455634,1
3536,5,0.254359306,1
3537,5,0.406098566,1
3538,5,0.530762941,1
3539,5,0.461288224,1
3540,5,0.128107883,1
3541,5,0.562936672,1
3542,5,0.321541771,1
3543,5,0.495311553,1
3544,5,0.412631387,1
3545,5,0.094390167,1
3546,5,0.034516496,1
3547,5,0.010887956,1
3548,5,0.028607428,1
3549,5,0.007699343,1
3550,5,0.058414744,1
3551,5,0.096871489,1
3552,5,0.198195238,1
3553,5,0.081544822,1
3554,5,0.017948045,1
3555,5,0.00979339,1
3556,5,0,1
3557,5,0.003106424,1
3558,5,0.013773377,1
3559,5,0.028999421,1
3560,5,0.033242633,1
3561,5,0.112619619,1
3562,5,0.036916445,1
3563,5,0,1
3564,5,0.035278065,1
3565,5,0.102926562,1
3566,5,0.292893796,1
3567,5,0.1272754,1
3568,5,0.319250239,1
3569,5,0.178180435,1
3570,5,0.140920774,1
3571,5,0.071509308,1
3572,5,0.107908388,1
3573,5,0.140818656,1
3574,5,0.055215047,1
3575,5,0.055277623,1
3576,5,0.012394923,1
3577,5,0.025598688,1
3578,5,0.028738081,1
3579,5,0.025887352,1
3580,5,0.107581915,1
3581,5,0.074733457,1
3582,5,0.035777103,1
3583,5,0.018477152,1
3584,5,0.078408923,1
3585,5,0.147183831,1
3586,5,0.018431684,1
3587,5,0.005434463,1
3588,5,0.060133667,1
3589,5,0.1465417,1
3590,5,0.124218033,1
3592,5,0.156491156,1
3593,5,0.010275591,1
3594,5,0.095704401,1
3595,5,0.076202261,1
3596,5,0.013036808,1
3597,5,0.027449044,1
3598,5,0.027033021,1
3599,5,0.01481224,1
3600,5,0.026288293,1
3601,5,0.052330328,1
3602,5,0.023402863,1
3603,5,0.008188889,1
3604,5,0.052292284,1
3605,5,0.024352365,1
3606,5,0.099357038,1
3607,5,0.088570191,1
3608,5,0.132438751,1
3609,5,0.067165541,1
3610,5,0.055994461,1
3611,5,0.031297959,1
3612,5,0.041714758,1
3613,5,0.024116576,1
3614,5,0.055830277,1
3615,5,0.139751136,1
3616,5,0.094566829,1
3617,5,0.073511985,1
3618,5,0.103828419,1
3619,5,0.053336262,1
3620,5,0.071954747,1
3621,5,0.100073107,1
3622,5,0.050550716,1
3623,5,0.054362106,1
3624,5,0.077429246,1
3625,5,0.038067036,1
3626,5,0.155930003,1
3627,5,0.156314209,1
3628,5,0.098665551,1
3629,5,0.012701576,1
3630,5,0.107405624,1
3631,5,0.107504346,1
3632,5,0.086796655,1
3633,5,0.007678699,1
3634,5,0.093774773,1
3635,5,0.06085396,1
3636,5,0.014975086,1
3637,5,0.075028289,1
3638,5,0.011491809,1
3639,5,0.0817712,1
3640,5,0.014726728,1
3641,5,0.121685626,1
3642,5,0.3538903,1
3643,5,0.023306623,1
3644,5,0.094886147,1
3645,5,0.066910225,1
3646,5,0.020946057,1
3647,5,0.013497968,1
3648,5,0.082950155,1
3649,5,0.081179045,1
3650,5,0.23563793,1
3651,5,0.046153892,1
3652,5,0.209788533,1
3653,5,0.018095841,1
3654,5,0.195893162,1
3655,5,0.119727319,1
3656,5,0.142338869,1
3657,5,0.170420429,1
3658,5,0.276945143,1
3659,5,0.127091869,1
3660,5,0.1050455,1
3661,5,0.05794608,1
3662,5,1,1
3663,5,0.435758434,1
3664,5,0.14829755,1
3665,5,0.134876478,1
3666,5,0.126518639,1
3667,5,0.164943235,1
3668,5,0.050458557,1
3669,5,0.093774373,1
3670,5,0.141941816,1
3671,5,0.09897293,1
3672,5,0.010493209,1
3673,5,0,1
3674,5,0.10292867,1
3675,5,0.112454898,1
3676,5,0.060428981,1
3677,5,0.05545575,1
3678,5,0.067673609,1
3679,5,0.15444062,1
3680,5,0.163073108,1
3681,5,0.127991223,1
3682,5,0.060704438,1
3683,5,0.012792909,1
3684,5,0,1
3685,5,0.036033955,1
3686,5,0.028403268,1
3687,5,0.166596346,1
3688,5,0.202397165,1
3689,5,0.114172934,1
3690,5,0.098417094,1
3691,5,0.157248855,1
3692,5,0.091619762,1
3693,5,0.155215347,1
3694,5,0.129946765,1
3695,5,0.07815845,1
3696,5,0.088785642,1
3697,5,0.467101863,1
3698,5,0.448965265,1
3699,5,0.227228103,1
3700,5,0.12920608,1
3701,5,0.367244904,1
3702,5,0.38827416,1
3703,5,0.196817573,1
3704,5,0.16685621,1
3705,5,0.4930316,1
3706,5,0.285414888,1
3707,5,0.455148541,1
3708,5,0.363265954,1
3709,5,0.120086083,1
3710,5,0.229234431,1
3711,5,0.154693336,1
3712,5,0.233003673,1
3713,5,0.029569128,1
3714,5,0.230679618,1
3715,5,0.274865055,1
3716,5,0.125861889,1
3717,5,0.067830749,1
3718,5,0.156433044,1
3719,5,0.154160553,1
3720,5,0.002544247,1
3721,5,0.147508822,1
3722,5,0.127637076,1
3723,5,0.067967507,1
3724,5,0.27793483,1
3725,5,0.193163218,1
3727,5,0.102160253,1
3728,5,0.167597193,1
3729,5,0.128470655,1
3730,5,0.174437952,1
3731,5,0.281853008,1
3733,5,0.134628128,1
3734,5,0.10087774,1
3735,5,0.227732866,1
3736,5,0.127452127,1
3737,5,0.333894642,1
3738,5,0.25270973,1
3739,5,0.27589583,1
3740,5,0.621333729,1
3741,5,0.464215526,1
3742,5,0.29079125,1
3743,5,0.373897845,1
3744,5,0.336929494,1
3745,5,0.275761418,1
3746,5,0.309459383,1
3747,5,0.248482204,1
3748,5,0.178742925,1
3749,5,0.275911357,1
3750,5,0.089090189,1
3751,5,0.247303556,1
3752,5,0.241442685,1
3753,5,0.46471145,1
3754,5,0.076448673,1
3755,5,0.022500533,1
3756,5,0.043840823,1
3757,5,0.07227354,1
3758,5,0.159778002,1
3759,5,0.06872781,1
3760,5,0.048851477,1
3761,5,0.24489402,1
3762,5,0.15447747,1
3763,5,0.133706268,1
3764,5,0.157604908,1
3765,5,0.125332701,1
3766,5,0.192848947,1
3767,5,0.16570836,1
3768,5,0.199794179,1
3769,5,0.240427607,1
3770,5,0.165139316,1
3771,5,0.208026853,1
3772,5,0.16669211,1
3773,5,0.127531779,1
3775,5,0.120144841,1
3776,5,0.160611171,1
3777,5,0.229217913,1
3778,5,0.219794277,1
3779,5,0.13400991,1
3780,5,0.103537709,1
3781,5,0.034967969,1
3782,5,0.047031025,1
3783,5,0.193117353,1
3784,5,0.201122137,1
3785,5,0.16580964,1
3786,5,0.308191029,1
3787,5,0.140948656,1
3788,5,0.236898027,1
3789,5,0.112393018,1
3790,5,0.205176248,1
3791,5,0.086958133,1
3792,5,0.190735716,1
3793,5,0.240820585,1
3794,5,0.296832531,1
3795,5,0.062409693,1
3796,5,0.131789014,1
3797,5,0.137357177,1
3798,5,0.157508964,1
3799,5,0.16104029,1
3800,5,0.061634326,1
3801,5,0.143876629,1
3802,5,0.164978268,1
3803,5,0.069922891,1
3804,5,0.174847321,1
3805,5,0.161834023,1
3806,5,0.103231192,1
3807,5,0.144926442,1
3808,5,0.134125221,1
3809,5,0.113204683,1
3810,5,0.085367348,1
3811,5,0.184725776,1
3812,5,0.061972752,1
3813,5,0.10631494,1
3814,5,0.163219061,1
3815,5,0.051653833,1
3816,5,0.109405475,1
3817,5,0.116240804,1
3818,5,0.119615347,1
3819,5,0.016055468,1
3820,5,0.13986399,1
3821,5,0.037948088,1
3822,5,0.000165,1
3823,5,0.014071706,1
3824,5,0.028689282,1
3825,5,0.024753492,1
3826,5,0.090917558,1
3827,5,0.11690598,1
3828,5,0.224778913,1
3829,5,0.174570871,1
3830,5,0.10204795,1
3831,5,0.044679856,1
3832,5,0.109017428,1
3833,5,0.015661064,1
3834,5,0.050134278,1
3835,5,2.36e-05,1
3836,5,0.000105,1
3837,5,0.000191,1
3838,5,0.004772743,1
3839,5,0.00281797,1
3840,5,0.001266526,1
3841,5,0.001298716,1
3842,5,0.00102934,1
3843,5,0.00395808,1
3844,5,0.001513207,1
3845,5,0.000565,1
3846,5,0.000432,1
3847,5,0.007231695,1
3848,5,0.039364903,1
3849,5,0.031454723,1
3850,5,0.093473658,1
3851,5,0.126299755,1
3852,5,0.126539572,1
3853,5,0.034957377,1
3854,5,0.001130337,1
3855,5,0.002259052,1
3856,5,0.000772,1
3857,5,0.001715446,1
3858,5,0.001404743,1
3859,5,5.86e-05,1
3860,5,0.000127,1
3861,5,0.000119,1
3862,5,0.003084294,1
3863,5,5.79e-05,1
3864,5,0.000228,1
3865,5,0.000504,1
3866,5,0.00063,1
3867,5,0.003583438,1
3868,5,0.000825,1
3869,5,0.001237631,1
3870,5,0.002099313,1
3871,5,0.001440543,1
3872,5,0.000379,1
3873,5,0.002615795,1
3874,5,0.001095205,1
3875,5,0.000627,1
3876,5,0.000422,1
3877,5,2.64e-05,1
3878,5,0.001423189,1
3879,5,0.000762,1
3880,5,0.002203,1
3947,5,0.530762941,1
3507,6,0.004417472,1
3508,6,0.001306444,1
3509,6,0.000648,1
3510,6,0.00039,1
3511,6,0.000421,1
3512,6,0.000638,1
3513,6,0.006852424,1
3514,6,0.012406564,1
3515,6,0.004131237,1
3516,6,0.037415749,1
3517,6,0.111390876,1
3518,6,0.099914997,1
3519,6,0.01163979,1
3520,6,0.012216974,1
3521,6,0.131214007,1
3522,6,0.154258666,1
3523,6,0.056296985,1
3524,6,0.222080529,1
3525,6,0.111883473,1
3526,6,0.152166392,1
3527,6,0.245336334,1
3528,6,0.188029794,1
3529,6,0.204512959,1
3530,6,0.155538224,1
3531,6,0.15531321,1
3532,6,0.140022321,1
3533,6,0.135429736,1
3534,6,0.195542045,1
3535,6,0.161455634,1
3536,6,0.254359306,1
3537,6,0.406098566,1
3538,6,0.530762941,1
3539,6,0.461288224,1
3540,6,0.128107883,1
3541,6,0.562936672,1
3542,6,0.321541771,1
3543,6,0.495311553,1
3544,6,0.412631387,1
3545,6,0.094390167,1
3546,6,0.034516496,1
3547,6,0.010887956,1
3548,6,0.028607428,1
3549,6,0.007699343,1
3550,6,0.058414744,1
3551,6,0.096871489,1
3552,6,0.198195238,1
3553,6,0.081544822,1
3554,6,0.017948045,1
3555,6,0.00979339,1
3556,6,0,1
3557,6,0.003106424,1
3558,6,0.013773377,1
3559,6,0.028999421,1
3560,6,0.033242633,1
3561,6,0.112619619,1
3562,6,0.036916445,1
3563,6,0,1
3564,6,0.035278065,1
3565,6,0.102926562,1
3566,6,0.292893796,1
3567,6,0.1272754,1
3568,6,0.319250239,1
3569,6,0.178180435,1
3570,6,0.140920774,1
3571,6,0.071509308,1
3572,6,0.107908388,1
3573,6,0.140818656,1
3574,6,0.055215047,1
3575,6,0.055277623,1
3576,6,0.012394923,1
3577,6,0.025598688,1
3578,6,0.028738081,1
3579,6,0.025887352,1
3580,6,0.107581915,1
3581,6,0.074733457,1
3582,6,0.035777103,1
3583,6,0.018477152,1
3584,6,0.078408923,1
3585,6,0.147183831,1
3586,6,0.018431684,1
3587,6,0.005434463,1
3588,6,0.060133667,1
3589,6,0.1465417,1
3590,6,0.124218033,1
3592,6,0.156491156,1
3593,6,0.010275591,1
3594,6,0.095704401,1
3595,6,0.076202261,1
3596,6,0.013036808,1
3597,6,0.027449044,1
3598,6,0.027033021,1
3599,6,0.01481224,1
3600,6,0.026288293,1
3601,6,0.052330328,1
3602,6,0.023402863,1
3603,6,0.008188889,1
3604,6,0.052292284,1
3605,6,0.024352365,1
3606,6,0.099357038,1
3607,6,0.088570191,1
3608,6,0.132438751,1
3609,6,0.067165541,1
3610,6,0.055994461,1
3611,6,0.031297959,1
3612,6,0.041714758,1
3613,6,0.024116576,1
3614,6,0.055830277,1
3615,6,0.139751136,1
3616,6,0.094566829,1
3617,6,0.073511985,1
3618,6,0.103828419,1
3619,6,0.053336262,1
3620,6,0.071954747,1
3621,6,0.100073107,1
3622,6,0.050550716,1
3623,6,0.054362106,1
3624,6,0.077429246,1
3625,6,0.038067036,1
3626,6,0.155930003,1
3627,6,0.156314209,1
3628,6,0.098665551,1
3629,6,0.012701576,1
3630,6,0.107405624,1
3631,6,0.107504346,1
3632,6,0.086796655,1
3633,6,0.007678699,1
3634,6,0.093774773,1
3635,6,0.06085396,1
3636,6,0.014975086,1
3637,6,0.075028289,1
3638,6,0.011491809,1
3639,6,0.0817712,1
3640,6,0.014726728,1
3641,6,0.121685626,1
3642,6,0.3538903,1
3643,6,0.023306623,1
3644,6,0.094886147,1
3645,6,0.066910225,1
3646,6,0.020946057,1
3647,6,0.013497968,1
3648,6,0.082950155,1
3649,6,0.081179045,1
3650,6,0.23563793,1
3651,6,0.046153892,1
3652,6,0.209788533,1
3653,6,0.018095841,1
3654,6,0.195893162,1
3655,6,0.119727319,1
3656,6,0.142338869,1
3657,6,0.170420429,1
3658,6,0.276945143,1
3659,6,0.127091869,1
3660,6,0.1050455,1
3661,6,0.05794608,1
3662,6,1,1
3663,6,0.435758434,1
3664,6,0.14829755,1
3665,6,0.134876478,1
3666,6,0.126518639,1
3667,6,0.164943235,1
3668,6,0.050458557,1
3669,6,0.093774373,1
3670,6,0.141941816,1
3671,6,0.09897293,1
3672,6,0.010493209,1
3673,6,0,1
3674,6,0.10292867,1
3675,6,0.112454898,1
3676,6,0.060428981,1
3677,6,0.05545575,1
3678,6,0.067673609,1
3679,6,0.15444062,1
3680,6,0.163073108,1
3681,6,0.127991223,1
3682,6,0.060704438,1
3683,6,0.012792909,1
3684,6,0,1
3685,6,0.036033955,1
3686,6,0.028403268,1
3687,6,0.166596346,1
3688,6,0.202397165,1
3689,6,0.114172934,1
3690,6,0.098417094,1
3691,6,0.157248855,1
3692,6,0.091619762,1
3693,6,0.155215347,1
3694,6,0.129946765,1
3695,6,0.07815845,1
3696,6,0.088785642,1
3697,6,0.467101863,1
3698,6,0.448965265,1
3699,6,0.227228103,1
3700,6,0.12920608,1
3701,6,0.367244904,1
3702,6,0.38827416,1
3703,6,0.196817573,1
3704,6,0.16685621,1
3705,6,0.4930316,1
3706,6,0.285414888,1
3707,6,0.455148541,1
3708,6,0.363265954,1
3709,6,0.120086083,1
3710,6,0.229234431,1
3711,6,0.154693336,1
3712,6,0.233003673,1
3713,6,0.029569128,1
3714,6,0.230679618,1
3715,6,0.274865055,1
3716,6,0.125861889,1
3717,6,0.067830749,1
3718,6,0.156433044,1
3719,6,0.154160553,1
3720,6,0.002544247,1
3721,6,0.147508822,1
3722,6,0.127637076,1
3723,6,0.067967507,1
3724,6,0.27793483,1
3725,6,0.193163218,1
3727,6,0.102160253,1
3728,6,0.167597193,1
3729,6,0.128470655,1
3730,6,0.174437952,1
3731,6,0.281853008,1
3733,6,0.134628128,1
3734,6,0.10087774,1
3735,6,0.227732866,1
3736,6,0.127452127,1
3737,6,0.333894642,1
3738,6,0.25270973,1
3739,6,0.27589583,1
3740,6,0.621333729,1
3741,6,0.464215526,1
3742,6,0.29079125,1
3743,6,0.373897845,1
3744,6,0.336929494,1
3745,6,0.275761418,1
3746,6,0.309459383,1
3747,6,0.248482204,1
3748,6,0.178742925,1
3749,6,0.275911357,1
3750,6,0.089090189,1
3751,6,0.247303556,1
3752,6,0.241442685,1
3753,6,0.46471145,1
3754,6,0.076448673,1
3755,6,0.022500533,1
3756,6,0.043840823,1
3757,6,0.07227354,1
3758,6,0.159778002,1
3759,6,0.06872781,1
3760,6,0.048851477,1
3761,6,0.24489402,1
3762,6,0.15447747,1
3763,6,0.133706268,1
3764,6,0.157604908,1
3765,6,0.125332701,1
3766,6,0.192848947,1
3767,6,0.16570836,1
3768,6,0.199794179,1
3769,6,0.240427607,1
3770,6,0.165139316,1
3771,6,0.208026853,1
3772,6,0.16669211,1
3773,6,0.127531779,1
3775,6,0.120144841,1
3776,6,0.160611171,1
3777,6,0.229217913,1
3778,6,0.219794277,1
3779,6,0.13400991,1
3780,6,0.103537709,1
3781,6,0.034967969,1
3782,6,0.047031025,1
3783,6,0.193117353,1
3784,6,0.201122137,1
3785,6,0.16580964,1
3786,6,0.308191029,1
3787,6,0.140948656,1
3788,6,0.236898027,1
3789,6,0.112393018,1
3790,6,0.205176248,1
3791,6,0.086958133,1
3792,6,0.190735716,1
3793,6,0.240820585,1
3794,6,0.296832531,1
3795,6,0.062409693,1
3796,6,0.131789014,1
3797,6,0.137357177,1
3798,6,0.157508964,1
3799,6,0.16104029,1
3800,6,0.061634326,1
3801,6,0.143876629,1
3802,6,0.164978268,1
3803,6,0.069922891,1
3804,6,0.174847321,1
3805,6,0.161834023,1
3806,6,0.103231192,1
3807,6,0.144926442,1
3808,6,0.134125221,1
3809,6,0.113204683,1
3810,6,0.085367348,1
3811,6,0.184725776,1
3812,6,0.061972752,1
3813,6,0.10631494,1
3814,6,0.163219061,1
3815,6,0.051653833,1
3816,6,0.109405475,1
3817,6,0.116240804,1
3818,6,0.119615347,1
3819,6,0.016055468,1
3820,6,0.13986399,1
3821,6,0.037948088,1
3822,6,0.000165,1
3823,6,0.014071706,1
3824,6,0.028689282,1
3825,6,0.024753492,1
3826,6,0.090917558,1
3827,6,0.11690598,1
3828,6,0.224778913,1
3829,6,0.174570871,1
3830,6,0.10204795,1
3831,6,0.044679856,1
3832,6,0.109017428,1
3833,6,0.015661064,1
3834,6,0.050134278,1
3835,6,2.36e-05,1
3836,6,0.000105,1
3837,6,0.000191,1
3838,6,0.004772743,1
3839,6,0.00281797,1
3840,6,0.001266526,1
3841,6,0.001298716,1
3842,6,0.00102934,1
3843,6,0.00395808,1
3844,6,0.001513207,1
3845,6,0.000565,1
3846,6,0.000432,1
3847,6,0.007231695,1
3848,6,0.039364903,1
3849,6,0.031454723,1
3850,6,0.093473658,1
3851,6,0.126299755,1
3852,6,0.126539572,1
3853,6,0.034957377,1
3854,6,0.001130337,1
3855,6,0.002259052,1
3856,6,0.000772,1
3857,6,0.001715446,1
3858,6,0.001404743,1
3859,6,5.86e-05,1
3860,6,0.000127,1
3861,6,0.000119,1
3862,6,0.003084294,1
3863,6,5.79e-05,1
3864,6,0.000228,1
3865,6,0.000504,1
3866,6,0.00063,1
3867,6,0.003583438,1
3868,6,0.000825,1
3869,6,0.001237631,1
3870,6,0.002099313,1
3871,6,0.001440543,1
3872,6,0.000379,1
3873,6,0.002615795,1
3874,6,0.001095205,1
3875,6,0.000627,1
3876,6,0.000422,1
3877,6,2.64e-05,1
3878,6,0.001423189,1
3879,6,0.000762,1
3880,6,0.002203,1
3947,6,0.530762941,1
